challenge_idx,tc,tt,bc,bt,sample_idx,response
0,1,0,0,1,0,1165485675113536
0,1,0,0,1,1,1165485675113536
0,1,0,0,1,2,1165485675113536
0,1,0,0,1,3,1165485675113536
0,1,0,0,1,4,1165485675113536
0,1,0,0,1,5,1165485675113536
0,1,0,0,1,6,1165485675113536
0,1,0,0,1,7,1165485675113536
0,1,0,0,1,8,1165485675113536
0,1,0,0,1,9,1165485675113536
0,1,0,0,1,10,1165485675113536
0,1,0,0,1,11,1165485675113536
0,1,0,0,1,12,1165485675113536
0,1,0,0,1,13,1165485675113536
0,1,0,0,1,14,1165485675113536
0,1,0,0,1,15,1165485675113536
0,1,0,0,1,16,1165485675113536
0,1,0,0,1,17,1165485675113536
0,1,0,0,1,18,1165485675113536
0,1,0,0,1,19,1165485675113536
0,1,0,0,1,20,1165485675113536
0,1,0,0,1,21,1165485675113536
0,1,0,0,1,22,1165485675113536
0,1,0,0,1,23,1165485675113536
0,1,0,0,1,24,1165485675113536
0,1,0,0,1,25,1165485675113536
0,1,0,0,1,26,1165485675113536
0,1,0,0,1,27,1165485675113536
0,1,0,0,1,28,1165485675113536
0,1,0,0,1,29,1165485675113536
0,1,0,0,1,30,1165485675113536
0,1,0,0,1,31,1165485675113536
0,1,0,0,1,32,1165485675113536
0,1,0,0,1,33,1165485675113536
0,1,0,0,1,34,1165485675113536
0,1,0,0,1,35,1165485675113536
0,1,0,0,1,36,1165485675113536
0,1,0,0,1,37,1165485675113536
0,1,0,0,1,38,1165485675113536
0,1,0,0,1,39,1165485675113536
0,1,0,0,1,40,1165485675113536
0,1,0,0,1,41,1165485675113536
0,1,0,0,1,42,1165485675113536
0,1,0,0,1,43,1165485675113536
0,1,0,0,1,44,1165485675113536
0,1,0,0,1,45,1165485675113536
0,1,0,0,1,46,1165485675113536
0,1,0,0,1,47,1165485675113536
0,1,0,0,1,48,1165485675113536
0,1,0,0,1,49,1165485675113536
0,1,0,0,1,50,1165485675113536
0,1,0,0,1,51,1165485675113536
0,1,0,0,1,52,1165485675113536
0,1,0,0,1,53,1165485675113536
0,1,0,0,1,54,1165485675113536
0,1,0,0,1,55,1165485675113536
0,1,0,0,1,56,1165485675113536
0,1,0,0,1,57,1165485675113536
0,1,0,0,1,58,1165485675113536
0,1,0,0,1,59,1165485675113536
0,1,0,0,1,60,1165485675113536
0,1,0,0,1,61,1165485675113536
0,1,0,0,1,62,1165485675113536
0,1,0,0,1,63,1165485675113536
0,1,0,0,1,64,1165485675113536
0,1,0,0,1,65,1165485675113536
0,1,0,0,1,66,1165485675113536
0,1,0,0,1,67,1165485675113536
0,1,0,0,1,68,1165485675113536
0,1,0,0,1,69,1165485675113536
0,1,0,0,1,70,1165485675113536
0,1,0,0,1,71,1165485675113536
0,1,0,0,1,72,1165485675113536
0,1,0,0,1,73,1165485675113536
0,1,0,0,1,74,1165485675113536
0,1,0,0,1,75,1165485675113536
0,1,0,0,1,76,1165485675113536
0,1,0,0,1,77,1165485675113536
0,1,0,0,1,78,1165485675113536
0,1,0,0,1,79,1165485675113536
0,1,0,0,1,80,1165485675113536
0,1,0,0,1,81,1165485675113536
0,1,0,0,1,82,1165485675113536
0,1,0,0,1,83,1165485675113536
0,1,0,0,1,84,1165485675113536
0,1,0,0,1,85,1165485675113536
0,1,0,0,1,86,1165485675113536
0,1,0,0,1,87,1165485675113536
0,1,0,0,1,88,1165485675113536
0,1,0,0,1,89,1165485675113536
0,1,0,0,1,90,1165485675113536
0,1,0,0,1,91,1165485675113536
0,1,0,0,1,92,1165485675113536
0,1,0,0,1,93,1165485675113536
0,1,0,0,1,94,1165485675113536
0,1,0,0,1,95,1165485675113536
0,1,0,0,1,96,1165485675113536
0,1,0,0,1,97,1165485675113536
0,1,0,0,1,98,1165485675113536
0,1,0,0,1,99,1165485675113536
1,1,0,0,3,0,1165485675113536
1,1,0,0,3,1,1165485675113536
1,1,0,0,3,2,1165485641559104
1,1,0,0,3,3,1165485675113536
1,1,0,0,3,4,1165485675113536
1,1,0,0,3,5,1165485675113536
1,1,0,0,3,6,1165485675113536
1,1,0,0,3,7,1165485675113536
1,1,0,0,3,8,1165485675113536
1,1,0,0,3,9,1165485675113536
1,1,0,0,3,10,1165485675113536
1,1,0,0,3,11,1165485675113536
1,1,0,0,3,12,1165485675113536
1,1,0,0,3,13,1165485675113536
1,1,0,0,3,14,1165485675113536
1,1,0,0,3,15,1165485675113536
1,1,0,0,3,16,1165485675113536
1,1,0,0,3,17,1165485675113536
1,1,0,0,3,18,1165485675113536
1,1,0,0,3,19,1165485675113536
1,1,0,0,3,20,1165485675113536
1,1,0,0,3,21,1165485675113536
1,1,0,0,3,22,1165485675113536
1,1,0,0,3,23,1165485675113536
1,1,0,0,3,24,1165485675113536
1,1,0,0,3,25,1165485675113536
1,1,0,0,3,26,1165485675113536
1,1,0,0,3,27,1165485675113536
1,1,0,0,3,28,1165485675113536
1,1,0,0,3,29,1165485675113536
1,1,0,0,3,30,1165485675113536
1,1,0,0,3,31,1165485675113536
1,1,0,0,3,32,1165485675113536
1,1,0,0,3,33,1165485675113536
1,1,0,0,3,34,1165485675113536
1,1,0,0,3,35,1165485675113536
1,1,0,0,3,36,1165485675113536
1,1,0,0,3,37,1165485675113536
1,1,0,0,3,38,1165485675113536
1,1,0,0,3,39,1165485675113536
1,1,0,0,3,40,1165485675113536
1,1,0,0,3,41,1165485675113536
1,1,0,0,3,42,1165485675113536
1,1,0,0,3,43,1165485675113536
1,1,0,0,3,44,1165485675113536
1,1,0,0,3,45,1165485675113536
1,1,0,0,3,46,1165485675113536
1,1,0,0,3,47,1165485675113536
1,1,0,0,3,48,1165485675113536
1,1,0,0,3,49,1165485675113552
1,1,0,0,3,50,1165485675113536
1,1,0,0,3,51,1165485675113536
1,1,0,0,3,52,1165485675113536
1,1,0,0,3,53,1165485675113536
1,1,0,0,3,54,1165485675113536
1,1,0,0,3,55,1165485675113536
1,1,0,0,3,56,1165485675113536
1,1,0,0,3,57,1165485675113536
1,1,0,0,3,58,1165485675113536
1,1,0,0,3,59,1165485675113536
1,1,0,0,3,60,1165485675113536
1,1,0,0,3,61,1165485675113536
1,1,0,0,3,62,1165485675113536
1,1,0,0,3,63,1165485675113536
1,1,0,0,3,64,1165485675113536
1,1,0,0,3,65,1165485675113536
1,1,0,0,3,66,1165485675113536
1,1,0,0,3,67,1165485675113536
1,1,0,0,3,68,1165485675113536
1,1,0,0,3,69,1165485675113536
1,1,0,0,3,70,1165485675113536
1,1,0,0,3,71,1165485675113536
1,1,0,0,3,72,1165485675113536
1,1,0,0,3,73,1165485675113536
1,1,0,0,3,74,1165485675113536
1,1,0,0,3,75,1165485675113536
1,1,0,0,3,76,1165485675113536
1,1,0,0,3,77,1165485675113536
1,1,0,0,3,78,1165485675113536
1,1,0,0,3,79,1165485675113536
1,1,0,0,3,80,1165485675113536
1,1,0,0,3,81,1165485675113552
1,1,0,0,3,82,1165485675113536
1,1,0,0,3,83,1165485675113536
1,1,0,0,3,84,1165485675113536
1,1,0,0,3,85,1165485675113536
1,1,0,0,3,86,1165485675113536
1,1,0,0,3,87,1165485675113536
1,1,0,0,3,88,1165485675113536
1,1,0,0,3,89,1165485675113536
1,1,0,0,3,90,1165485675113536
1,1,0,0,3,91,1165485675113536
1,1,0,0,3,92,1165485675113536
1,1,0,0,3,93,1165485675113536
1,1,0,0,3,94,1165485675113536
1,1,0,0,3,95,1165485675113536
1,1,0,0,3,96,1165485675113536
1,1,0,0,3,97,1165485675113536
1,1,0,0,3,98,1165485675113536
1,1,0,0,3,99,1165485675113536
2,1,0,0,5,0,11861412766200884442
2,1,0,0,5,1,11861412766200884442
2,1,0,0,5,2,12437873518504307930
2,1,0,0,5,3,12437873518504307930
2,1,0,0,5,4,11861412766200884442
2,1,0,0,5,5,12437873518504307930
2,1,0,0,5,6,12437873518504307930
2,1,0,0,5,7,12437873518504307930
2,1,0,0,5,8,12437873518504307930
2,1,0,0,5,9,12437873518504307930
2,1,0,0,5,10,12437873518504307930
2,1,0,0,5,11,17049559536931695834
2,1,0,0,5,12,11861412766200884442
2,1,0,0,5,13,12437873518504307930
2,1,0,0,5,14,12437873518504307930
2,1,0,0,5,15,11861412766200884442
2,1,0,0,5,16,11861412766200884442
2,1,0,0,5,17,11861412766200884442
2,1,0,0,5,18,11861412766200884442
2,1,0,0,5,19,17049559536931695834
2,1,0,0,5,20,12437873518504307930
2,1,0,0,5,21,11861412766200884442
2,1,0,0,5,22,12437873518504307930
2,1,0,0,5,23,12437873518504307930
2,1,0,0,5,24,17049559536931695834
2,1,0,0,5,25,12437873518504307930
2,1,0,0,5,26,11861412766200884442
2,1,0,0,5,27,11861412766200884442
2,1,0,0,5,28,11861412766200884442
2,1,0,0,5,29,17049559536931695834
2,1,0,0,5,30,12437873518504307930
2,1,0,0,5,31,17049559536931695834
2,1,0,0,5,32,12437873518504307930
2,1,0,0,5,33,12437873518504307930
2,1,0,0,5,34,17049559536931695834
2,1,0,0,5,35,12437873518504307930
2,1,0,0,5,36,17049559536931695834
2,1,0,0,5,37,12437873518504307930
2,1,0,0,5,38,12437873518504307930
2,1,0,0,5,39,17049559536931695834
2,1,0,0,5,40,17049559536931695834
2,1,0,0,5,41,12437873518504307930
2,1,0,0,5,42,12437873518504307930
2,1,0,0,5,43,12437873518504307930
2,1,0,0,5,44,17049559536931695834
2,1,0,0,5,45,17049559536931695834
2,1,0,0,5,46,11861412766200884442
2,1,0,0,5,47,17049559536931695834
2,1,0,0,5,48,11861412766200884442
2,1,0,0,5,49,12437873518504307930
2,1,0,0,5,50,11861412766200884442
2,1,0,0,5,51,12437873518504307930
2,1,0,0,5,52,12437873518504307930
2,1,0,0,5,53,11861412766200884442
2,1,0,0,5,54,17049559536931695834
2,1,0,0,5,55,12437873518504307930
2,1,0,0,5,56,17049559536931695834
2,1,0,0,5,57,11861412766200884442
2,1,0,0,5,58,17049559536931695834
2,1,0,0,5,59,17049559536931695834
2,1,0,0,5,60,12437873518504307930
2,1,0,0,5,61,12437873518504307930
2,1,0,0,5,62,12437873518504307930
2,1,0,0,5,63,17049559536931695834
2,1,0,0,5,64,12437873518504307930
2,1,0,0,5,65,12437873518504307930
2,1,0,0,5,66,12437873518504307930
2,1,0,0,5,67,12437873518504307930
2,1,0,0,5,68,11861412766200884442
2,1,0,0,5,69,12437873518504307930
2,1,0,0,5,70,12437873518504307930
2,1,0,0,5,71,12437873518504307930
2,1,0,0,5,72,11861412766200884442
2,1,0,0,5,73,17049559536931695834
2,1,0,0,5,74,17049559536931695834
2,1,0,0,5,75,12437873518504307930
2,1,0,0,5,76,17049559536931695834
2,1,0,0,5,77,17049559536931695834
2,1,0,0,5,78,11861412766200884442
2,1,0,0,5,79,12437873518504307930
2,1,0,0,5,80,11861412766200884442
2,1,0,0,5,81,12437873518504307930
2,1,0,0,5,82,11861412766200884442
2,1,0,0,5,83,11861412766200884442
2,1,0,0,5,84,11861412766200884442
2,1,0,0,5,85,12437873518504307930
2,1,0,0,5,86,11861412766200884442
2,1,0,0,5,87,12437873518504307930
2,1,0,0,5,88,12437873518504307930
2,1,0,0,5,89,12437873518504307930
2,1,0,0,5,90,17049559536931695834
2,1,0,0,5,91,12437873518504307930
2,1,0,0,5,92,12437873518504307930
2,1,0,0,5,93,11861412766200884442
2,1,0,0,5,94,12437873518504307930
2,1,0,0,5,95,11861412766200884442
2,1,0,0,5,96,12437873518504307930
2,1,0,0,5,97,11861412766200884442
2,1,0,0,5,98,12437873518504307930
2,1,0,0,5,99,11861412766200884442
3,1,0,0,7,0,11825366376995876056
3,1,0,0,7,1,11825366376995876056
3,1,0,0,7,2,11825366376995876056
3,1,0,0,7,3,11825366376995876056
3,1,0,0,7,4,11825366376995876056
3,1,0,0,7,5,11825366376995876056
3,1,0,0,7,6,11825366376995876056
3,1,0,0,7,7,11825366376995876056
3,1,0,0,7,8,11825366376995876056
3,1,0,0,7,9,11825366376995876056
3,1,0,0,7,10,11825366376995876056
3,1,0,0,7,11,11825366376995876056
3,1,0,0,7,12,11825366376995876056
3,1,0,0,7,13,11825366376995876056
3,1,0,0,7,14,11825366376995876056
3,1,0,0,7,15,11825366376995876056
3,1,0,0,7,16,11825366376995876056
3,1,0,0,7,17,11825366376995876056
3,1,0,0,7,18,11825366376995876056
3,1,0,0,7,19,11825366376995876056
3,1,0,0,7,20,11825366376995876056
3,1,0,0,7,21,11825366376995876056
3,1,0,0,7,22,11825366376995876056
3,1,0,0,7,23,11825366376995876056
3,1,0,0,7,24,11825366376995876056
3,1,0,0,7,25,11825366376995876056
3,1,0,0,7,26,11825366376995876056
3,1,0,0,7,27,11825366376995876056
3,1,0,0,7,28,11825366376995876056
3,1,0,0,7,29,11825366376995876056
3,1,0,0,7,30,11825366376995876056
3,1,0,0,7,31,11825366376995876056
3,1,0,0,7,32,11825366376995876056
3,1,0,0,7,33,11825366376995876056
3,1,0,0,7,34,11825366376995876056
3,1,0,0,7,35,11825366376995876056
3,1,0,0,7,36,11825366376995876056
3,1,0,0,7,37,11825366376995876056
3,1,0,0,7,38,11825366376995876056
3,1,0,0,7,39,11825366376995876056
3,1,0,0,7,40,11825366376995876056
3,1,0,0,7,41,11825366376995876056
3,1,0,0,7,42,11825366376995876056
3,1,0,0,7,43,11825366376995876056
3,1,0,0,7,44,11825366376995876056
3,1,0,0,7,45,11825366376995876056
3,1,0,0,7,46,11825366376995876056
3,1,0,0,7,47,11825366376995876056
3,1,0,0,7,48,11825366376995876056
3,1,0,0,7,49,11825366376995876056
3,1,0,0,7,50,11825366376995876056
3,1,0,0,7,51,11825366376995876056
3,1,0,0,7,52,11825366376995876056
3,1,0,0,7,53,11825366376995876056
3,1,0,0,7,54,11825366376995876056
3,1,0,0,7,55,11825366376995876056
3,1,0,0,7,56,11825366376995876056
3,1,0,0,7,57,11825366376995876056
3,1,0,0,7,58,11825366376995876056
3,1,0,0,7,59,11825366376995876056
3,1,0,0,7,60,11825366376995876056
3,1,0,0,7,61,11825366376995876056
3,1,0,0,7,62,11825366376995876056
3,1,0,0,7,63,11825366376995876056
3,1,0,0,7,64,11825366376995876056
3,1,0,0,7,65,11825366376995876056
3,1,0,0,7,66,11825366376995876056
3,1,0,0,7,67,11825366376995876056
3,1,0,0,7,68,11825366376995876056
3,1,0,0,7,69,11825366376995876056
3,1,0,0,7,70,11825366376995876056
3,1,0,0,7,71,11825366376995876056
3,1,0,0,7,72,11825366376995876056
3,1,0,0,7,73,11825366376995876056
3,1,0,0,7,74,11825366376995876056
3,1,0,0,7,75,11825366376995876056
3,1,0,0,7,76,11825366376995876056
3,1,0,0,7,77,11825366376995876056
3,1,0,0,7,78,11825366376995876056
3,1,0,0,7,79,11825366376995876056
3,1,0,0,7,80,11825366376995876056
3,1,0,0,7,81,11825366376995876056
3,1,0,0,7,82,11825366376995876056
3,1,0,0,7,83,11825366376995876056
3,1,0,0,7,84,11825366376995876056
3,1,0,0,7,85,11825366376995876056
3,1,0,0,7,86,11825366376995876056
3,1,0,0,7,87,11825366376995876056
3,1,0,0,7,88,11825366376995876056
3,1,0,0,7,89,11825366376995876056
3,1,0,0,7,90,11825366376995876056
3,1,0,0,7,91,11825366376995876056
3,1,0,0,7,92,11825366376995876056
3,1,0,0,7,93,11825366376995876056
3,1,0,0,7,94,11825366376995876056
3,1,0,0,7,95,11825366376995876056
3,1,0,0,7,96,11825366376995876056
3,1,0,0,7,97,11825366376995876056
3,1,0,0,7,98,11825366376995876056
3,1,0,0,7,99,11825366376995876056
4,1,1,0,0,0,18446704490189922239
4,1,1,0,0,1,18446704490189922239
4,1,1,0,0,2,18446739674562011071
4,1,1,0,0,3,18446704490189922239
4,1,1,0,0,4,18446704490189922239
4,1,1,0,0,5,18446704490189922239
4,1,1,0,0,6,18446704490189922239
4,1,1,0,0,7,18446739674562011071
4,1,1,0,0,8,18446739674562011071
4,1,1,0,0,9,18446704490189922239
4,1,1,0,0,10,18446739674562011071
4,1,1,0,0,11,18446739674562011071
4,1,1,0,0,12,18446704490189922239
4,1,1,0,0,13,18446704490189922239
4,1,1,0,0,14,18446704490189922239
4,1,1,0,0,15,18446704490189922239
4,1,1,0,0,16,18446704490189922239
4,1,1,0,0,17,18446739674562011071
4,1,1,0,0,18,18446704490189922239
4,1,1,0,0,19,18446704490189922239
4,1,1,0,0,20,18446704490189922239
4,1,1,0,0,21,18446739674562011071
4,1,1,0,0,22,18446704490189922239
4,1,1,0,0,23,18446704490189922239
4,1,1,0,0,24,18446704490189922239
4,1,1,0,0,25,18446704490189922239
4,1,1,0,0,26,18446704490189922239
4,1,1,0,0,27,18446704490189922239
4,1,1,0,0,28,18446704490189922239
4,1,1,0,0,29,18446704490189922239
4,1,1,0,0,30,18446704490189922239
4,1,1,0,0,31,18446704490189922239
4,1,1,0,0,32,18446704490189922239
4,1,1,0,0,33,18446704490189922239
4,1,1,0,0,34,18446739674562011071
4,1,1,0,0,35,18446739674562011071
4,1,1,0,0,36,18446704490189922239
4,1,1,0,0,37,18446704490189922239
4,1,1,0,0,38,18446704490189922239
4,1,1,0,0,39,18446704490189922239
4,1,1,0,0,40,18446704490189922239
4,1,1,0,0,41,18446739674562011071
4,1,1,0,0,42,18446704490189922239
4,1,1,0,0,43,18446704490189922239
4,1,1,0,0,44,18446739674562011071
4,1,1,0,0,45,18446739674562011071
4,1,1,0,0,46,18446704490189922239
4,1,1,0,0,47,18446704490189922239
4,1,1,0,0,48,18446739674562011071
4,1,1,0,0,49,18446739674562011071
4,1,1,0,0,50,18446704490189922239
4,1,1,0,0,51,18446704490189922239
4,1,1,0,0,52,18446739674562011071
4,1,1,0,0,53,18446739674562011071
4,1,1,0,0,54,18446704490189922239
4,1,1,0,0,55,18446739674562011071
4,1,1,0,0,56,18446739674562011071
4,1,1,0,0,57,18446739674562011071
4,1,1,0,0,58,18446739674562011071
4,1,1,0,0,59,18446704490189922239
4,1,1,0,0,60,18446704490189922239
4,1,1,0,0,61,18446704490189922239
4,1,1,0,0,62,18446739674562011071
4,1,1,0,0,63,18446704490189922239
4,1,1,0,0,64,18446704490189922239
4,1,1,0,0,65,18446704490189922239
4,1,1,0,0,66,18446704490189922239
4,1,1,0,0,67,18446704490189922239
4,1,1,0,0,68,18446704490189922239
4,1,1,0,0,69,18446704490189922239
4,1,1,0,0,70,18446739674562011071
4,1,1,0,0,71,18446704490189922239
4,1,1,0,0,72,18446704490189922239
4,1,1,0,0,73,18446704490189922239
4,1,1,0,0,74,18446739674562011071
4,1,1,0,0,75,18446704490189922239
4,1,1,0,0,76,18446704490189922239
4,1,1,0,0,77,18446704490189922239
4,1,1,0,0,78,18446704490189922239
4,1,1,0,0,79,18446704490189922239
4,1,1,0,0,80,18446739674562011071
4,1,1,0,0,81,18446704490189922239
4,1,1,0,0,82,18446704490189922239
4,1,1,0,0,83,18446704490189922239
4,1,1,0,0,84,18446704490189922239
4,1,1,0,0,85,18446704490189922239
4,1,1,0,0,86,18446739674562011071
4,1,1,0,0,87,18446704490189922239
4,1,1,0,0,88,18446739674562011071
4,1,1,0,0,89,18446704490189922239
4,1,1,0,0,90,18446739674562011071
4,1,1,0,0,91,18446704490189922239
4,1,1,0,0,92,18446704490189922239
4,1,1,0,0,93,18446704490189922239
4,1,1,0,0,94,18446704490189922239
4,1,1,0,0,95,18446739674562011071
4,1,1,0,0,96,18446739674562011071
4,1,1,0,0,97,18446704490189922239
4,1,1,0,0,98,18446704490189922239
4,1,1,0,0,99,18446704490189922239
5,1,1,0,2,0,18446475788650552232
5,1,1,0,2,1,18446475788784769960
5,1,1,0,2,2,18446475788784769960
5,1,1,0,2,3,18446475788784769960
5,1,1,0,2,4,18446475788784769960
5,1,1,0,2,5,18446475788784769960
5,1,1,0,2,6,18446475788784769960
5,1,1,0,2,7,18446475788650552232
5,1,1,0,2,8,18446475788784769960
5,1,1,0,2,9,18446475788784769960
5,1,1,0,2,10,18446475788784769960
5,1,1,0,2,11,18446475788784769960
5,1,1,0,2,12,18446475788784769960
5,1,1,0,2,13,18446475788784769960
5,1,1,0,2,14,18446475788784769960
5,1,1,0,2,15,18446475788784769960
5,1,1,0,2,16,18446475788784769960
5,1,1,0,2,17,18446475788784769960
5,1,1,0,2,18,18446475788784769960
5,1,1,0,2,19,18446475788784769960
5,1,1,0,2,20,18446475788784769960
5,1,1,0,2,21,18446475788784769960
5,1,1,0,2,22,18446475788784769960
5,1,1,0,2,23,18446475788784769960
5,1,1,0,2,24,18446475788784769960
5,1,1,0,2,25,18446475788784769960
5,1,1,0,2,26,18446475788784769960
5,1,1,0,2,27,18446475788784769960
5,1,1,0,2,28,18446475788784769960
5,1,1,0,2,29,18446475788784769960
5,1,1,0,2,30,18446475788784769960
5,1,1,0,2,31,18446475788784769960
5,1,1,0,2,32,18446475788784769960
5,1,1,0,2,33,18446475788784769960
5,1,1,0,2,34,18446475788784769960
5,1,1,0,2,35,18446475788784769960
5,1,1,0,2,36,18446475788650552232
5,1,1,0,2,37,18446475788784769960
5,1,1,0,2,38,18446475788784769960
5,1,1,0,2,39,18446475788784769960
5,1,1,0,2,40,18446475788784769960
5,1,1,0,2,41,18446475788784769960
5,1,1,0,2,42,18446475788784769960
5,1,1,0,2,43,18446475788784769960
5,1,1,0,2,44,18446475788784769960
5,1,1,0,2,45,18446475788784769960
5,1,1,0,2,46,18446475788784769960
5,1,1,0,2,47,18446475788784769960
5,1,1,0,2,48,18446475788784769960
5,1,1,0,2,49,18446475788784769960
5,1,1,0,2,50,18446475788784769960
5,1,1,0,2,51,18446475788784769960
5,1,1,0,2,52,18446475788784769960
5,1,1,0,2,53,18446475788784769960
5,1,1,0,2,54,18446475788784769960
5,1,1,0,2,55,18446475788784769960
5,1,1,0,2,56,18446475788784769960
5,1,1,0,2,57,18446475788784769960
5,1,1,0,2,58,18446475788784769960
5,1,1,0,2,59,18446475788784769960
5,1,1,0,2,60,18446475788784769960
5,1,1,0,2,61,18446475788784769960
5,1,1,0,2,62,18446475788784769960
5,1,1,0,2,63,18446475788784769960
5,1,1,0,2,64,18446475788784769960
5,1,1,0,2,65,18446475788784769960
5,1,1,0,2,66,18446475788784769960
5,1,1,0,2,67,18446475788650552232
5,1,1,0,2,68,18446475788784769960
5,1,1,0,2,69,18446475788784769960
5,1,1,0,2,70,18446475788784769960
5,1,1,0,2,71,18446475788784769960
5,1,1,0,2,72,18446475788784769960
5,1,1,0,2,73,18446475788784769960
5,1,1,0,2,74,18446475788784769960
5,1,1,0,2,75,18446475788784769960
5,1,1,0,2,76,18446475788784769960
5,1,1,0,2,77,18446475788784769960
5,1,1,0,2,78,18446475788784769960
5,1,1,0,2,79,18446475788784769960
5,1,1,0,2,80,18446475788784769960
5,1,1,0,2,81,18446475788784769960
5,1,1,0,2,82,18446475788784769960
5,1,1,0,2,83,18446475788784769960
5,1,1,0,2,84,18446475788784769960
5,1,1,0,2,85,18446475788784769960
5,1,1,0,2,86,18446475788650552232
5,1,1,0,2,87,18446475788784769960
5,1,1,0,2,88,18446475788784769960
5,1,1,0,2,89,18446475788784769960
5,1,1,0,2,90,18446475788784769960
5,1,1,0,2,91,18446475788784769960
5,1,1,0,2,92,18446475788784769960
5,1,1,0,2,93,18446475788784769960
5,1,1,0,2,94,18446475788784769960
5,1,1,0,2,95,18446475788784769960
5,1,1,0,2,96,18446475788784769960
5,1,1,0,2,97,18446475788784769960
5,1,1,0,2,98,18446475788784769960
5,1,1,0,2,99,18446475788784769960
6,1,1,0,4,0,18446739674570399679
6,1,1,0,4,1,18446739674570399679
6,1,1,0,4,2,18446739674570399679
6,1,1,0,4,3,18446739674570399679
6,1,1,0,4,4,18446739674570399679
6,1,1,0,4,5,18446739674570399679
6,1,1,0,4,6,18446739674570399679
6,1,1,0,4,7,18446739674570399679
6,1,1,0,4,8,18446739674570399679
6,1,1,0,4,9,18446739674570399679
6,1,1,0,4,10,18446739674570399679
6,1,1,0,4,11,18446739674570399679
6,1,1,0,4,12,18446739674570399679
6,1,1,0,4,13,18446739674570399679
6,1,1,0,4,14,18446739674570399679
6,1,1,0,4,15,18446739674570399679
6,1,1,0,4,16,18446739674570399679
6,1,1,0,4,17,18446739674570399679
6,1,1,0,4,18,18446739674570399679
6,1,1,0,4,19,18446739674570399679
6,1,1,0,4,20,18446739674570399679
6,1,1,0,4,21,18446739674570399679
6,1,1,0,4,22,18446739674570399679
6,1,1,0,4,23,18446739674570399679
6,1,1,0,4,24,18446739674570399679
6,1,1,0,4,25,18446739674570399679
6,1,1,0,4,26,18446739674570399679
6,1,1,0,4,27,18446739674570399679
6,1,1,0,4,28,18446739674570399679
6,1,1,0,4,29,18446739674570399679
6,1,1,0,4,30,18446739674570399679
6,1,1,0,4,31,18446739674570399679
6,1,1,0,4,32,18446739674570399679
6,1,1,0,4,33,18446739674570399679
6,1,1,0,4,34,18446739674570399679
6,1,1,0,4,35,18446739674570399679
6,1,1,0,4,36,18446739674570399679
6,1,1,0,4,37,18446739674570399679
6,1,1,0,4,38,18446739674570399679
6,1,1,0,4,39,18446739674570399679
6,1,1,0,4,40,18446739674570399679
6,1,1,0,4,41,18446739674570399679
6,1,1,0,4,42,18446739674570399679
6,1,1,0,4,43,18446739674570399679
6,1,1,0,4,44,18446739674570399679
6,1,1,0,4,45,18446739674570399679
6,1,1,0,4,46,18446739674570399679
6,1,1,0,4,47,18446739674570399679
6,1,1,0,4,48,18446739674570399679
6,1,1,0,4,49,18446739674570399679
6,1,1,0,4,50,18446739674570399679
6,1,1,0,4,51,18446739674570399679
6,1,1,0,4,52,18446739674570399679
6,1,1,0,4,53,18446739674562011071
6,1,1,0,4,54,18446739674570399679
6,1,1,0,4,55,18446739674570399679
6,1,1,0,4,56,18446739674570399679
6,1,1,0,4,57,18446739674570399679
6,1,1,0,4,58,18446739674570399679
6,1,1,0,4,59,18446739674570399679
6,1,1,0,4,60,18446739674570399679
6,1,1,0,4,61,18446739674570399679
6,1,1,0,4,62,18446739674570399679
6,1,1,0,4,63,18446739674570399679
6,1,1,0,4,64,18446739674570399679
6,1,1,0,4,65,18446739674570399679
6,1,1,0,4,66,18446739674570399679
6,1,1,0,4,67,18446739674570399679
6,1,1,0,4,68,18446739674570399679
6,1,1,0,4,69,18446739674570399679
6,1,1,0,4,70,18446739674570399679
6,1,1,0,4,71,18446739674570399679
6,1,1,0,4,72,18446739674570399679
6,1,1,0,4,73,18446739674570399679
6,1,1,0,4,74,18446739674570399679
6,1,1,0,4,75,18446739674570399679
6,1,1,0,4,76,18446739674570399679
6,1,1,0,4,77,18446739674570399679
6,1,1,0,4,78,18446739674570399679
6,1,1,0,4,79,18446739674570399679
6,1,1,0,4,80,18446739674570399679
6,1,1,0,4,81,18446739674570399679
6,1,1,0,4,82,18446739674570399679
6,1,1,0,4,83,18446739674570399679
6,1,1,0,4,84,18446739674570399679
6,1,1,0,4,85,18446739674570399679
6,1,1,0,4,86,18446739674570399679
6,1,1,0,4,87,18446739674570399679
6,1,1,0,4,88,18446739674570399679
6,1,1,0,4,89,18446739674570399679
6,1,1,0,4,90,18446739674570399679
6,1,1,0,4,91,18446739674570399679
6,1,1,0,4,92,18446739674570399679
6,1,1,0,4,93,18446739674570399679
6,1,1,0,4,94,18446739674570399679
6,1,1,0,4,95,18446739674570399679
6,1,1,0,4,96,18446739674570399679
6,1,1,0,4,97,18446739674570399679
6,1,1,0,4,98,18446739674570399679
6,1,1,0,4,99,18446739674570399679
7,1,1,0,6,0,18446704488008753087
7,1,1,0,6,1,18446704488008753087
7,1,1,0,6,2,18446704488008753087
7,1,1,0,6,3,18446704488008753087
7,1,1,0,6,4,18446704488008753087
7,1,1,0,6,5,18446704488008753087
7,1,1,0,6,6,18446704488008753087
7,1,1,0,6,7,18446704488008753087
7,1,1,0,6,8,18446704488008753087
7,1,1,0,6,9,18446704488008753087
7,1,1,0,6,10,18446704488008753087
7,1,1,0,6,11,18446704488008753087
7,1,1,0,6,12,18446704488008753087
7,1,1,0,6,13,18446704488008753087
7,1,1,0,6,14,18446704488008753087
7,1,1,0,6,15,18446704488008753087
7,1,1,0,6,16,18446704488008753087
7,1,1,0,6,17,18446704488008753087
7,1,1,0,6,18,18446704488008753087
7,1,1,0,6,19,18446704488008753087
7,1,1,0,6,20,18446704488008753087
7,1,1,0,6,21,18446704488008753087
7,1,1,0,6,22,18446704488008753087
7,1,1,0,6,23,18446704488008753087
7,1,1,0,6,24,18446704488008753087
7,1,1,0,6,25,18446704488008753087
7,1,1,0,6,26,18446704488008753087
7,1,1,0,6,27,18446704488008753087
7,1,1,0,6,28,18446704488008753087
7,1,1,0,6,29,18446704488008753087
7,1,1,0,6,30,18446704488008753087
7,1,1,0,6,31,18446704488008753087
7,1,1,0,6,32,18446704488008753087
7,1,1,0,6,33,18446704488008753087
7,1,1,0,6,34,18446704488008753087
7,1,1,0,6,35,18446704488008753087
7,1,1,0,6,36,18446704488008753087
7,1,1,0,6,37,18446704488008753087
7,1,1,0,6,38,18446704488008753087
7,1,1,0,6,39,18446704488008753087
7,1,1,0,6,40,18446704488008753087
7,1,1,0,6,41,18446704488008753087
7,1,1,0,6,42,18446704488008753087
7,1,1,0,6,43,18446704488008753087
7,1,1,0,6,44,18446704488008753087
7,1,1,0,6,45,18446704488008753087
7,1,1,0,6,46,18446704488008753087
7,1,1,0,6,47,18446704488008753087
7,1,1,0,6,48,18446704488008753087
7,1,1,0,6,49,18446704488008753087
7,1,1,0,6,50,18446704488008753087
7,1,1,0,6,51,18446704488008753087
7,1,1,0,6,52,18446704488008753087
7,1,1,0,6,53,18446704488008753087
7,1,1,0,6,54,18446704488008753087
7,1,1,0,6,55,18446704488008753087
7,1,1,0,6,56,18446704488008753087
7,1,1,0,6,57,18446704488008753087
7,1,1,0,6,58,18446704488008753087
7,1,1,0,6,59,18446704488008753087
7,1,1,0,6,60,18446704488008753087
7,1,1,0,6,61,18446704488008753087
7,1,1,0,6,62,18446704488008753087
7,1,1,0,6,63,18446704488008753087
7,1,1,0,6,64,18446704488008753087
7,1,1,0,6,65,18446704488008753087
7,1,1,0,6,66,18446704488008753087
7,1,1,0,6,67,18446704488008753087
7,1,1,0,6,68,18446704488008753087
7,1,1,0,6,69,18446704488008753087
7,1,1,0,6,70,18446704488008753087
7,1,1,0,6,71,18446704488008753087
7,1,1,0,6,72,18446704488008753087
7,1,1,0,6,73,18446704488008753087
7,1,1,0,6,74,18446704488008753087
7,1,1,0,6,75,18446704488008753087
7,1,1,0,6,76,18446704488008753087
7,1,1,0,6,77,18446704488008753087
7,1,1,0,6,78,18446704488008753087
7,1,1,0,6,79,18446704488008753087
7,1,1,0,6,80,18446704488008753087
7,1,1,0,6,81,18446704488008753087
7,1,1,0,6,82,18446704488008753087
7,1,1,0,6,83,18446704488008753087
7,1,1,0,6,84,18446704488008753087
7,1,1,0,6,85,18446704488008753087
7,1,1,0,6,86,18446704488008753087
7,1,1,0,6,87,18446704488008753087
7,1,1,0,6,88,18446704488008753087
7,1,1,0,6,89,18446704488008753087
7,1,1,0,6,90,18446704488008753087
7,1,1,0,6,91,18446704488008753087
7,1,1,0,6,92,18446704488008753087
7,1,1,0,6,93,18446704488008753087
7,1,1,0,6,94,18446704488008753087
7,1,1,0,6,95,18446704488008753087
7,1,1,0,6,96,18446704488008753087
7,1,1,0,6,97,18446704488008753087
7,1,1,0,6,98,18446704488008753087
7,1,1,0,6,99,18446704488008753087
8,1,2,0,1,0,1165485809331280
8,1,2,0,1,1,1165485809855568
8,1,2,0,1,2,1165485809855568
8,1,2,0,1,3,1165485809855568
8,1,2,0,1,4,1165485809855568
8,1,2,0,1,5,1165485809855568
8,1,2,0,1,6,1165485809855568
8,1,2,0,1,7,1165485809855568
8,1,2,0,1,8,1165485809331280
8,1,2,0,1,9,1165485809855568
8,1,2,0,1,10,1165485809855568
8,1,2,0,1,11,1165485809855568
8,1,2,0,1,12,1165485809331280
8,1,2,0,1,13,1165485809855568
8,1,2,0,1,14,1165485809855568
8,1,2,0,1,15,1165485809855568
8,1,2,0,1,16,1165485809855568
8,1,2,0,1,17,1165485809855568
8,1,2,0,1,18,1165485809855568
8,1,2,0,1,19,1165485809855568
8,1,2,0,1,20,1165485809855568
8,1,2,0,1,21,1165485809855568
8,1,2,0,1,22,1165485809855568
8,1,2,0,1,23,1165485809855568
8,1,2,0,1,24,1165485809855568
8,1,2,0,1,25,1165485809331280
8,1,2,0,1,26,1165485809855568
8,1,2,0,1,27,1165485809855568
8,1,2,0,1,28,1165485809855568
8,1,2,0,1,29,1165485809855568
8,1,2,0,1,30,1165485809855568
8,1,2,0,1,31,1165485809855568
8,1,2,0,1,32,1165485809855568
8,1,2,0,1,33,1165485809855568
8,1,2,0,1,34,1165485809855568
8,1,2,0,1,35,1165485809855568
8,1,2,0,1,36,1165485809855568
8,1,2,0,1,37,1165485809855568
8,1,2,0,1,38,1165485809855568
8,1,2,0,1,39,1165485809855568
8,1,2,0,1,40,1165485809855568
8,1,2,0,1,41,1165485809855568
8,1,2,0,1,42,1165485809855568
8,1,2,0,1,43,1165485809855568
8,1,2,0,1,44,1165485809331280
8,1,2,0,1,45,1165485809855568
8,1,2,0,1,46,1165485809855568
8,1,2,0,1,47,1165485809855568
8,1,2,0,1,48,1165485809855568
8,1,2,0,1,49,1165485809855568
8,1,2,0,1,50,1165485809855568
8,1,2,0,1,51,1165485809855568
8,1,2,0,1,52,1165485809855568
8,1,2,0,1,53,1165485809855568
8,1,2,0,1,54,1165485809855568
8,1,2,0,1,55,1165485809855568
8,1,2,0,1,56,1165485809855568
8,1,2,0,1,57,1165485809855568
8,1,2,0,1,58,1165485809855568
8,1,2,0,1,59,1165485809331280
8,1,2,0,1,60,1165485809855568
8,1,2,0,1,61,1165485809855568
8,1,2,0,1,62,1165485809855568
8,1,2,0,1,63,1165485809855568
8,1,2,0,1,64,1165485809855568
8,1,2,0,1,65,1165485809855568
8,1,2,0,1,66,1165485809855568
8,1,2,0,1,67,1165485809855568
8,1,2,0,1,68,1165485809855568
8,1,2,0,1,69,1165485809855568
8,1,2,0,1,70,1165485809855568
8,1,2,0,1,71,1165485809855568
8,1,2,0,1,72,1165485809855568
8,1,2,0,1,73,1165485809855568
8,1,2,0,1,74,1165485809855568
8,1,2,0,1,75,1165485809855568
8,1,2,0,1,76,1165485809855568
8,1,2,0,1,77,1165485809855568
8,1,2,0,1,78,1165485809855568
8,1,2,0,1,79,1165485809331280
8,1,2,0,1,80,1165485809855568
8,1,2,0,1,81,1165485809855568
8,1,2,0,1,82,1165485809855568
8,1,2,0,1,83,1165485809855568
8,1,2,0,1,84,1165485809331280
8,1,2,0,1,85,1165485809855568
8,1,2,0,1,86,1165485809855568
8,1,2,0,1,87,1165485809855568
8,1,2,0,1,88,1165485809855568
8,1,2,0,1,89,1165485809855568
8,1,2,0,1,90,1165485809855568
8,1,2,0,1,91,1165485809855568
8,1,2,0,1,92,1165485809331280
8,1,2,0,1,93,1165485809855568
8,1,2,0,1,94,1165485809855568
8,1,2,0,1,95,1165485809855568
8,1,2,0,1,96,1165485809855568
8,1,2,0,1,97,1165485809855568
8,1,2,0,1,98,1165485809855568
8,1,2,0,1,99,1165485809855568
9,1,2,0,3,0,1165485809855568
9,1,2,0,3,1,1165485809855568
9,1,2,0,3,2,1165485809331280
9,1,2,0,3,3,1165485809855568
9,1,2,0,3,4,1165485809855568
9,1,2,0,3,5,1165485809855568
9,1,2,0,3,6,1165485809855568
9,1,2,0,3,7,1165485809855568
9,1,2,0,3,8,1165485809855568
9,1,2,0,3,9,1165485809855568
9,1,2,0,3,10,1165485809855568
9,1,2,0,3,11,1165485809855568
9,1,2,0,3,12,1165485809855568
9,1,2,0,3,13,1165485809855568
9,1,2,0,3,14,1165485809855568
9,1,2,0,3,15,1165485809331280
9,1,2,0,3,16,1165485809331280
9,1,2,0,3,17,1165485809855568
9,1,2,0,3,18,1165485809855568
9,1,2,0,3,19,1165485809855568
9,1,2,0,3,20,1165485809855568
9,1,2,0,3,21,1165485809855568
9,1,2,0,3,22,1165485809855568
9,1,2,0,3,23,1165485809855568
9,1,2,0,3,24,1165485809855568
9,1,2,0,3,25,1165485809855568
9,1,2,0,3,26,1165485809855568
9,1,2,0,3,27,1165485809855568
9,1,2,0,3,28,1165485809855568
9,1,2,0,3,29,1165485809855568
9,1,2,0,3,30,1165485809855568
9,1,2,0,3,31,1165485809855568
9,1,2,0,3,32,1165485809855568
9,1,2,0,3,33,1165485809855568
9,1,2,0,3,34,1165485809855568
9,1,2,0,3,35,1165485809855568
9,1,2,0,3,36,1165485809855568
9,1,2,0,3,37,1165485809855568
9,1,2,0,3,38,1165485809855568
9,1,2,0,3,39,1165485809855568
9,1,2,0,3,40,1165485809331280
9,1,2,0,3,41,1165485809331280
9,1,2,0,3,42,1165485809331280
9,1,2,0,3,43,1165485809855568
9,1,2,0,3,44,1165485809855568
9,1,2,0,3,45,1165485809855568
9,1,2,0,3,46,1165485809855568
9,1,2,0,3,47,1165485809331280
9,1,2,0,3,48,1165485809855568
9,1,2,0,3,49,1165485809855568
9,1,2,0,3,50,1165485809855568
9,1,2,0,3,51,1165485809855568
9,1,2,0,3,52,1165485809855568
9,1,2,0,3,53,1165485809331280
9,1,2,0,3,54,1165485809855568
9,1,2,0,3,55,1165485809855568
9,1,2,0,3,56,1165485809855568
9,1,2,0,3,57,1165485809855568
9,1,2,0,3,58,1165485809855568
9,1,2,0,3,59,1165485809855568
9,1,2,0,3,60,1165485809855568
9,1,2,0,3,61,1165485809331280
9,1,2,0,3,62,1165485809855568
9,1,2,0,3,63,1165485809855568
9,1,2,0,3,64,1165485809855568
9,1,2,0,3,65,1165485809855568
9,1,2,0,3,66,1165485809855568
9,1,2,0,3,67,1165485809331280
9,1,2,0,3,68,1165485809331280
9,1,2,0,3,69,1165485809855568
9,1,2,0,3,70,1165485809855568
9,1,2,0,3,71,1165485809855568
9,1,2,0,3,72,1165485809855568
9,1,2,0,3,73,1165485809855568
9,1,2,0,3,74,1165485809855568
9,1,2,0,3,75,1165485809855568
9,1,2,0,3,76,1165485809855568
9,1,2,0,3,77,1165485809855568
9,1,2,0,3,78,1165485809855568
9,1,2,0,3,79,1165485809855568
9,1,2,0,3,80,1165485809855568
9,1,2,0,3,81,1165485809331280
9,1,2,0,3,82,1165485809855568
9,1,2,0,3,83,1165485809855568
9,1,2,0,3,84,1165485809331280
9,1,2,0,3,85,1165485809855568
9,1,2,0,3,86,1165485809855568
9,1,2,0,3,87,1165485809855568
9,1,2,0,3,88,1165485809331280
9,1,2,0,3,89,1165485809855568
9,1,2,0,3,90,1165485809855568
9,1,2,0,3,91,1165485809855568
9,1,2,0,3,92,1165485809855568
9,1,2,0,3,93,1165485809855568
9,1,2,0,3,94,1165485809855568
9,1,2,0,3,95,1165485809331280
9,1,2,0,3,96,1165485809855568
9,1,2,0,3,97,1165485809855568
9,1,2,0,3,98,1165485809855568
9,1,2,0,3,99,1165485809331280
10,1,2,0,5,0,17049770643165277402
10,1,2,0,5,1,17049770643165277402
10,1,2,0,5,2,17049770643165277402
10,1,2,0,5,3,17049770643165277402
10,1,2,0,5,4,17049770643165277402
10,1,2,0,5,5,17049770643169471706
10,1,2,0,5,6,17049770643165277402
10,1,2,0,5,7,17049770643165277402
10,1,2,0,5,8,17049770643165277402
10,1,2,0,5,9,17049770643165277402
10,1,2,0,5,10,17049770643165277402
10,1,2,0,5,11,17049770643165277402
10,1,2,0,5,12,17049770643165277402
10,1,2,0,5,13,17049770643165277402
10,1,2,0,5,14,17049770643165277402
10,1,2,0,5,15,17049770643165277402
10,1,2,0,5,16,17049770643165277402
10,1,2,0,5,17,17049770643165277402
10,1,2,0,5,18,17049770643165277402
10,1,2,0,5,19,17049770643165277402
10,1,2,0,5,20,17049770643165277402
10,1,2,0,5,21,17049770643165277402
10,1,2,0,5,22,17049770643165277402
10,1,2,0,5,23,17049770643165277402
10,1,2,0,5,24,17049770643165277402
10,1,2,0,5,25,17049700274421099738
10,1,2,0,5,26,17049770643165277402
10,1,2,0,5,27,17049770643165277402
10,1,2,0,5,28,17049700274421099738
10,1,2,0,5,29,17049770643165277402
10,1,2,0,5,30,17049770643165277402
10,1,2,0,5,31,17049770643165277402
10,1,2,0,5,32,17049770643165277402
10,1,2,0,5,33,17049770643165277402
10,1,2,0,5,34,17049770643165277402
10,1,2,0,5,35,17049770643165277402
10,1,2,0,5,36,17049770643165277402
10,1,2,0,5,37,17049770643169471706
10,1,2,0,5,38,17049770643165277402
10,1,2,0,5,39,17049770643165277402
10,1,2,0,5,40,17049770643165277402
10,1,2,0,5,41,17049770643165277402
10,1,2,0,5,42,17049770643165277402
10,1,2,0,5,43,17049700274421099738
10,1,2,0,5,44,17049700274421099738
10,1,2,0,5,45,17049770643165277402
10,1,2,0,5,46,17049770643165277402
10,1,2,0,5,47,17049770643165277402
10,1,2,0,5,48,17049770643165277402
10,1,2,0,5,49,17049700274421099738
10,1,2,0,5,50,17049770643165277402
10,1,2,0,5,51,17049700274421099738
10,1,2,0,5,52,17049700274421099738
10,1,2,0,5,53,17049770643165277402
10,1,2,0,5,54,17049770643165277402
10,1,2,0,5,55,17049770643165277402
10,1,2,0,5,56,17049770643165277402
10,1,2,0,5,57,17049770643165277402
10,1,2,0,5,58,17049770643165277402
10,1,2,0,5,59,17049770643165277402
10,1,2,0,5,60,17049770643165277402
10,1,2,0,5,61,17049770643165277402
10,1,2,0,5,62,17049770643165277402
10,1,2,0,5,63,17049770643165277402
10,1,2,0,5,64,17049770643165277402
10,1,2,0,5,65,17049770643165277402
10,1,2,0,5,66,17049770643165277402
10,1,2,0,5,67,17049700274421099738
10,1,2,0,5,68,17049770643165277402
10,1,2,0,5,69,17049770643165277402
10,1,2,0,5,70,17049770643165277402
10,1,2,0,5,71,17049770643165277402
10,1,2,0,5,72,17049770643165277402
10,1,2,0,5,73,17049770643169471706
10,1,2,0,5,74,17049770643165277402
10,1,2,0,5,75,17049770643165277402
10,1,2,0,5,76,17049770643165277402
10,1,2,0,5,77,17049770643165277402
10,1,2,0,5,78,17049770643165277402
10,1,2,0,5,79,17049770643165277402
10,1,2,0,5,80,17049770643165277402
10,1,2,0,5,81,17049770643165277402
10,1,2,0,5,82,17049770643165277402
10,1,2,0,5,83,17049770643165277402
10,1,2,0,5,84,17049770643165277402
10,1,2,0,5,85,17049770643165277402
10,1,2,0,5,86,17049770643165277402
10,1,2,0,5,87,17049770643165277402
10,1,2,0,5,88,17049770643165277402
10,1,2,0,5,89,17049770643165277402
10,1,2,0,5,90,17049770643165277402
10,1,2,0,5,91,17049770643165277402
10,1,2,0,5,92,17049770643165277402
10,1,2,0,5,93,17049770643165277402
10,1,2,0,5,94,17049770643165277402
10,1,2,0,5,95,17049700274421099738
10,1,2,0,5,96,17049770643165277402
10,1,2,0,5,97,17049770643165277402
10,1,2,0,5,98,17049770643165277402
10,1,2,0,5,99,17049770643165277402
11,1,2,0,7,0,12437873518504307930
11,1,2,0,7,1,11861412766200884442
11,1,2,0,7,2,11861412766200884442
11,1,2,0,7,3,11861412766200884442
11,1,2,0,7,4,11861412766200884442
11,1,2,0,7,5,11861412766200884442
11,1,2,0,7,6,11861412766200884442
11,1,2,0,7,7,11861412766200884442
11,1,2,0,7,8,11861412766200884442
11,1,2,0,7,9,11861412766200884442
11,1,2,0,7,10,11861412766200884442
11,1,2,0,7,11,11861412766200884442
11,1,2,0,7,12,11861412766200884442
11,1,2,0,7,13,11861412766200884442
11,1,2,0,7,14,11861412766200884442
11,1,2,0,7,15,11861412766200884442
11,1,2,0,7,16,11861412766200884442
11,1,2,0,7,17,11861412766200884442
11,1,2,0,7,18,11861412766200884442
11,1,2,0,7,19,11861412766200884442
11,1,2,0,7,20,11861412766200884442
11,1,2,0,7,21,11861412766200884442
11,1,2,0,7,22,11861412766200884442
11,1,2,0,7,23,11861412766200884442
11,1,2,0,7,24,12437873518504307930
11,1,2,0,7,25,11861412766200884442
11,1,2,0,7,26,11861412766200884442
11,1,2,0,7,27,11861412766200884442
11,1,2,0,7,28,11861412766200884442
11,1,2,0,7,29,11861412766200884442
11,1,2,0,7,30,11861412766200884442
11,1,2,0,7,31,11861412766200884442
11,1,2,0,7,32,11861412766200884442
11,1,2,0,7,33,11861412766200884442
11,1,2,0,7,34,11861412766200884442
11,1,2,0,7,35,11861412766200884442
11,1,2,0,7,36,11861412766200884442
11,1,2,0,7,37,11861412766200884442
11,1,2,0,7,38,11861412766200884442
11,1,2,0,7,39,11861412766200884442
11,1,2,0,7,40,11861412766200884442
11,1,2,0,7,41,11861412766200884442
11,1,2,0,7,42,11861412766200884442
11,1,2,0,7,43,11861412766200884442
11,1,2,0,7,44,11861412766200884442
11,1,2,0,7,45,11861412766200884442
11,1,2,0,7,46,11861412766200884442
11,1,2,0,7,47,11861412766200884442
11,1,2,0,7,48,11861412766200884442
11,1,2,0,7,49,11861412766200884442
11,1,2,0,7,50,11861412766200884442
11,1,2,0,7,51,11861412766200884442
11,1,2,0,7,52,11861412766200884442
11,1,2,0,7,53,11861412766200884442
11,1,2,0,7,54,11861412766200884442
11,1,2,0,7,55,11861412766200884442
11,1,2,0,7,56,11861412766200884442
11,1,2,0,7,57,12437873518504307930
11,1,2,0,7,58,11861412766200884442
11,1,2,0,7,59,11861412766200884442
11,1,2,0,7,60,12437873518504307930
11,1,2,0,7,61,11861412766200884442
11,1,2,0,7,62,11861412766200884442
11,1,2,0,7,63,11861412766200884442
11,1,2,0,7,64,11861412766200884442
11,1,2,0,7,65,12437873518504307930
11,1,2,0,7,66,12437873518504307930
11,1,2,0,7,67,11861412766200884442
11,1,2,0,7,68,11861412766200884442
11,1,2,0,7,69,11861412766200884442
11,1,2,0,7,70,11861412766200884442
11,1,2,0,7,71,11861412766200884442
11,1,2,0,7,72,11861412766200884442
11,1,2,0,7,73,11861412766200884442
11,1,2,0,7,74,11861412766200884442
11,1,2,0,7,75,11861412766200884442
11,1,2,0,7,76,11861412766200884442
11,1,2,0,7,77,11861412766200884442
11,1,2,0,7,78,11861412766200884442
11,1,2,0,7,79,11861412766200884442
11,1,2,0,7,80,11861412766200884442
11,1,2,0,7,81,11861412766200884442
11,1,2,0,7,82,11861412766200884442
11,1,2,0,7,83,17049559536931695834
11,1,2,0,7,84,11861412766200884442
11,1,2,0,7,85,11861412766200884442
11,1,2,0,7,86,11861412766200884442
11,1,2,0,7,87,11861412766200884442
11,1,2,0,7,88,12437873518504307930
11,1,2,0,7,89,17049559536931695834
11,1,2,0,7,90,11861412766200884442
11,1,2,0,7,91,11861412766200884442
11,1,2,0,7,92,11861412766200884442
11,1,2,0,7,93,17049559536931695834
11,1,2,0,7,94,11861412766200884442
11,1,2,0,7,95,11861412766200884442
11,1,2,0,7,96,17049559536931695834
11,1,2,0,7,97,11861412766200884442
11,1,2,0,7,98,11861412766200884442
11,1,2,0,7,99,11861412766200884442
12,1,3,0,0,0,18446475789321674664
12,1,3,0,0,1,18446475789321674664
12,1,3,0,0,2,18446475789321674664
12,1,3,0,0,3,18446475789321674664
12,1,3,0,0,4,18446475788784770984
12,1,3,0,0,5,18446475789321674664
12,1,3,0,0,6,18446475789321674664
12,1,3,0,0,7,18446475789321674664
12,1,3,0,0,8,18446475789321674664
12,1,3,0,0,9,18446475789321674664
12,1,3,0,0,10,18446475789321674664
12,1,3,0,0,11,18446475789321674664
12,1,3,0,0,12,18446475789321674664
12,1,3,0,0,13,18446475789321674664
12,1,3,0,0,14,18446475789321674664
12,1,3,0,0,15,18446475789321674664
12,1,3,0,0,16,18446475789321674664
12,1,3,0,0,17,18446475789321674664
12,1,3,0,0,18,18446475789321674664
12,1,3,0,0,19,18446475789321674664
12,1,3,0,0,20,18446475789321641896
12,1,3,0,0,21,18446475789321674664
12,1,3,0,0,22,18446475789321641896
12,1,3,0,0,23,18446475789321674664
12,1,3,0,0,24,18446475789321674664
12,1,3,0,0,25,18446475789321674664
12,1,3,0,0,26,18446475789321674664
12,1,3,0,0,27,18446475789321674664
12,1,3,0,0,28,18446475789321674664
12,1,3,0,0,29,18446475789321674664
12,1,3,0,0,30,18446475789321674664
12,1,3,0,0,31,18446475789321641896
12,1,3,0,0,32,18446475789321641896
12,1,3,0,0,33,18446475789321674664
12,1,3,0,0,34,18446475789321674664
12,1,3,0,0,35,18446475789321674664
12,1,3,0,0,36,18446475789321674664
12,1,3,0,0,37,18446475789321674664
12,1,3,0,0,38,18446475789321674664
12,1,3,0,0,39,18446475789321674664
12,1,3,0,0,40,18446475789321674664
12,1,3,0,0,41,18446475789321674664
12,1,3,0,0,42,18446475789321674664
12,1,3,0,0,43,18446475789321641896
12,1,3,0,0,44,18446475789321674664
12,1,3,0,0,45,18446475789321674664
12,1,3,0,0,46,18446475789321674664
12,1,3,0,0,47,18446475789321674664
12,1,3,0,0,48,18446475789321674664
12,1,3,0,0,49,18446475789321674664
12,1,3,0,0,50,18446475789321674664
12,1,3,0,0,51,18446475789321674664
12,1,3,0,0,52,18446475789321674664
12,1,3,0,0,53,18446475789321674664
12,1,3,0,0,54,18446475789321674664
12,1,3,0,0,55,18446475789321674664
12,1,3,0,0,56,18446475789321674664
12,1,3,0,0,57,18446475789321674664
12,1,3,0,0,58,18446475789321674664
12,1,3,0,0,59,18446475789321674664
12,1,3,0,0,60,18446475789321674664
12,1,3,0,0,61,18446475789321674664
12,1,3,0,0,62,18446475789321641896
12,1,3,0,0,63,18446475789321674664
12,1,3,0,0,64,18446475789321674664
12,1,3,0,0,65,18446475789321674664
12,1,3,0,0,66,18446475789321674664
12,1,3,0,0,67,18446475789321674664
12,1,3,0,0,68,18446475789321674664
12,1,3,0,0,69,18446475789321674664
12,1,3,0,0,70,18446475789321674664
12,1,3,0,0,71,18446475789321674664
12,1,3,0,0,72,18446475789321674664
12,1,3,0,0,73,18446475789321674664
12,1,3,0,0,74,18446475789321641896
12,1,3,0,0,75,18446475789321674664
12,1,3,0,0,76,18446475789321641896
12,1,3,0,0,77,18446475789321674664
12,1,3,0,0,78,18446475789321674664
12,1,3,0,0,79,18446475789321674664
12,1,3,0,0,80,18446475789321674664
12,1,3,0,0,81,18446475789321674664
12,1,3,0,0,82,18446475789321674664
12,1,3,0,0,83,18446475789321674664
12,1,3,0,0,84,18446475789321674664
12,1,3,0,0,85,18446475789321674664
12,1,3,0,0,86,18446475789321674664
12,1,3,0,0,87,18446475789321674664
12,1,3,0,0,88,18446475789321674664
12,1,3,0,0,89,18446475789321674664
12,1,3,0,0,90,18446475789321674664
12,1,3,0,0,91,18446475789321674664
12,1,3,0,0,92,18446475789321674664
12,1,3,0,0,93,18446475789321674664
12,1,3,0,0,94,18446475789321674664
12,1,3,0,0,95,18446475789321674664
12,1,3,0,0,96,18446475789321674664
12,1,3,0,0,97,18446475789321674664
12,1,3,0,0,98,18446475789321641896
12,1,3,0,0,99,18446475789321674664
13,1,3,0,2,0,5906202557446362024
13,1,3,0,2,1,5906202557446362024
13,1,3,0,2,2,5906202557446362024
13,1,3,0,2,3,5906202557446362024
13,1,3,0,2,4,5906202557446362024
13,1,3,0,2,5,5906202557446362024
13,1,3,0,2,6,5906202557446362024
13,1,3,0,2,7,5906202557446362024
13,1,3,0,2,8,5905076657539519400
13,1,3,0,2,9,5906202557446362024
13,1,3,0,2,10,5905076657539519400
13,1,3,0,2,11,5906202557446362024
13,1,3,0,2,12,5905076657539519400
13,1,3,0,2,13,5906202557446362024
13,1,3,0,2,14,5906202557446362024
13,1,3,0,2,15,5906202557446362024
13,1,3,0,2,16,5906202557446362024
13,1,3,0,2,17,5906202557446362024
13,1,3,0,2,18,5906202557446362024
13,1,3,0,2,19,5906202557446362024
13,1,3,0,2,20,5906202557446362024
13,1,3,0,2,21,5906202557446362024
13,1,3,0,2,22,5906202557446362024
13,1,3,0,2,23,5906202557446362024
13,1,3,0,2,24,5906202557446362024
13,1,3,0,2,25,5906202557446362024
13,1,3,0,2,26,5906202557446362024
13,1,3,0,2,27,5906202557446362024
13,1,3,0,2,28,5906202557446362024
13,1,3,0,2,29,5906202557446362024
13,1,3,0,2,30,5905076657539519400
13,1,3,0,2,31,5906202557446362024
13,1,3,0,2,32,5906202557446362024
13,1,3,0,2,33,5906202557446362024
13,1,3,0,2,34,5906202557446362024
13,1,3,0,2,35,5906202557446362024
13,1,3,0,2,36,5906202557446362024
13,1,3,0,2,37,5906202557446362024
13,1,3,0,2,38,5906202557446362024
13,1,3,0,2,39,5906202557446362024
13,1,3,0,2,40,5906202557446362024
13,1,3,0,2,41,5906202557446362024
13,1,3,0,2,42,5906202557446362024
13,1,3,0,2,43,5905076657539519400
13,1,3,0,2,44,5906202557446362024
13,1,3,0,2,45,5906202557446362024
13,1,3,0,2,46,5906202557446362024
13,1,3,0,2,47,5906202557446362024
13,1,3,0,2,48,5906202557446362024
13,1,3,0,2,49,5906202557446362024
13,1,3,0,2,50,5906202557446362024
13,1,3,0,2,51,5906202557446362024
13,1,3,0,2,52,5906202557446362024
13,1,3,0,2,53,5906202557446362024
13,1,3,0,2,54,5906202557446362024
13,1,3,0,2,55,5906202557446362024
13,1,3,0,2,56,5906202557446362024
13,1,3,0,2,57,5906202557446362024
13,1,3,0,2,58,5906202557446362024
13,1,3,0,2,59,5906202557446362024
13,1,3,0,2,60,5906202557446362024
13,1,3,0,2,61,5906202557446362024
13,1,3,0,2,62,5905076657539519400
13,1,3,0,2,63,5906202557446362024
13,1,3,0,2,64,5906202557446362024
13,1,3,0,2,65,5906202557446362024
13,1,3,0,2,66,5906202557446362024
13,1,3,0,2,67,5906202557446362024
13,1,3,0,2,68,5906202557446362024
13,1,3,0,2,69,5906202557446362024
13,1,3,0,2,70,5906202557446362024
13,1,3,0,2,71,5906202557446362024
13,1,3,0,2,72,5906202557446362024
13,1,3,0,2,73,5906202557446362024
13,1,3,0,2,74,5906202557446362024
13,1,3,0,2,75,5906202557446362024
13,1,3,0,2,76,5906202557446362024
13,1,3,0,2,77,5906202557446362024
13,1,3,0,2,78,5906202557446362024
13,1,3,0,2,79,5905076657539519400
13,1,3,0,2,80,5906202557446362024
13,1,3,0,2,81,5906202557446362024
13,1,3,0,2,82,5906202557446362024
13,1,3,0,2,83,5906202557446362024
13,1,3,0,2,84,5906202557446362024
13,1,3,0,2,85,5905076657539519400
13,1,3,0,2,86,5906202557446362024
13,1,3,0,2,87,5906202557446362024
13,1,3,0,2,88,5906202557446362024
13,1,3,0,2,89,5906202557446362024
13,1,3,0,2,90,5906202557446362024
13,1,3,0,2,91,5906202557446362024
13,1,3,0,2,92,5905076657539519400
13,1,3,0,2,93,5906202557446362024
13,1,3,0,2,94,5906202557446362024
13,1,3,0,2,95,5906202557446362024
13,1,3,0,2,96,5906202557446362024
13,1,3,0,2,97,5906202557446362024
13,1,3,0,2,98,5906202557446362024
13,1,3,0,2,99,5906202557446362024
14,1,3,0,4,0,18446475789321674665
14,1,3,0,4,1,18446475789321674665
14,1,3,0,4,2,18446475789321674665
14,1,3,0,4,3,18446475789321674665
14,1,3,0,4,4,18446475789321674665
14,1,3,0,4,5,18446475789321674665
14,1,3,0,4,6,18446475789321674665
14,1,3,0,4,7,18446475789321674665
14,1,3,0,4,8,18446475789321674665
14,1,3,0,4,9,18446475789321674665
14,1,3,0,4,10,18446475789321674664
14,1,3,0,4,11,18446475789321674664
14,1,3,0,4,12,18446475789321674665
14,1,3,0,4,13,18446475789321674665
14,1,3,0,4,14,18446475789321674665
14,1,3,0,4,15,18446475789321674665
14,1,3,0,4,16,18446475789321674665
14,1,3,0,4,17,18446475789321674665
14,1,3,0,4,18,18446475789321674665
14,1,3,0,4,19,18446475789321674665
14,1,3,0,4,20,18446475789321674665
14,1,3,0,4,21,18446475789321674665
14,1,3,0,4,22,18446475789321674665
14,1,3,0,4,23,18446475789321674665
14,1,3,0,4,24,18446475789321674665
14,1,3,0,4,25,18446475789321674665
14,1,3,0,4,26,18446475789321674665
14,1,3,0,4,27,18446475789321674665
14,1,3,0,4,28,18446475789321674665
14,1,3,0,4,29,18446475789321674665
14,1,3,0,4,30,18446475789321674664
14,1,3,0,4,31,18446475789321674665
14,1,3,0,4,32,18446475789321674665
14,1,3,0,4,33,18446475789321674665
14,1,3,0,4,34,18446475789321674665
14,1,3,0,4,35,18446475789321674665
14,1,3,0,4,36,18446475789321674664
14,1,3,0,4,37,18446475789321674665
14,1,3,0,4,38,18446475789321674665
14,1,3,0,4,39,18446475789321674665
14,1,3,0,4,40,18446475789321674665
14,1,3,0,4,41,18446475789321674664
14,1,3,0,4,42,18446475789321674665
14,1,3,0,4,43,18446475789321674665
14,1,3,0,4,44,18446475789321674665
14,1,3,0,4,45,18446475789321674665
14,1,3,0,4,46,18446475789321674665
14,1,3,0,4,47,18446475789321674665
14,1,3,0,4,48,18446475789321674665
14,1,3,0,4,49,18446475789321674665
14,1,3,0,4,50,18446475789321674665
14,1,3,0,4,51,18446475789321674665
14,1,3,0,4,52,18446475789321674665
14,1,3,0,4,53,18446475789321674665
14,1,3,0,4,54,18446475789321674665
14,1,3,0,4,55,18446475789321674665
14,1,3,0,4,56,18446475789321674665
14,1,3,0,4,57,18446475789321674665
14,1,3,0,4,58,18446475789321674665
14,1,3,0,4,59,18446475789321674665
14,1,3,0,4,60,18446475789321674665
14,1,3,0,4,61,18446475789321674665
14,1,3,0,4,62,18446475789321674665
14,1,3,0,4,63,18446475789321674664
14,1,3,0,4,64,18446475789321674665
14,1,3,0,4,65,18446475789321674665
14,1,3,0,4,66,18446475789321674665
14,1,3,0,4,67,18446475789321674665
14,1,3,0,4,68,18446475789321674665
14,1,3,0,4,69,18446475789321674665
14,1,3,0,4,70,18446475789321674665
14,1,3,0,4,71,18446475789321674665
14,1,3,0,4,72,18446475789321674665
14,1,3,0,4,73,18446475789321674665
14,1,3,0,4,74,18446475789321674665
14,1,3,0,4,75,18446475789321674665
14,1,3,0,4,76,18446475789321674665
14,1,3,0,4,77,18446475789321674665
14,1,3,0,4,78,18446475789321674665
14,1,3,0,4,79,18446475789321674665
14,1,3,0,4,80,18446475789321674665
14,1,3,0,4,81,18446475789321674665
14,1,3,0,4,82,18446475789321674665
14,1,3,0,4,83,18446475789321674665
14,1,3,0,4,84,18446475789321674664
14,1,3,0,4,85,18446475789321674665
14,1,3,0,4,86,18446475789321674665
14,1,3,0,4,87,18446475789321674665
14,1,3,0,4,88,18446475789321674665
14,1,3,0,4,89,18446475789321674665
14,1,3,0,4,90,18446475789321674665
14,1,3,0,4,91,18446475789321674665
14,1,3,0,4,92,18446475789321674665
14,1,3,0,4,93,18446475789321674665
14,1,3,0,4,94,18446475789321674665
14,1,3,0,4,95,18446475789321674665
14,1,3,0,4,96,18446475789321674665
14,1,3,0,4,97,18446475789321674665
14,1,3,0,4,98,18446475789321674665
14,1,3,0,4,99,18446475789321674665
15,1,3,0,6,0,18446475788784769960
15,1,3,0,6,1,18446475788784769960
15,1,3,0,6,2,18446475788784769960
15,1,3,0,6,3,18446475788650552232
15,1,3,0,6,4,18446475788784769960
15,1,3,0,6,5,18446475788650552232
15,1,3,0,6,6,18446475788784769960
15,1,3,0,6,7,18446475788784769960
15,1,3,0,6,8,18446475788784769960
15,1,3,0,6,9,18446475788784769960
15,1,3,0,6,10,18446475788784769960
15,1,3,0,6,11,18446475788650552232
15,1,3,0,6,12,18446475788650552232
15,1,3,0,6,13,18446475788784769960
15,1,3,0,6,14,18446475788650552232
15,1,3,0,6,15,18446475788650552232
15,1,3,0,6,16,18446475788784769960
15,1,3,0,6,17,18446475788784769960
15,1,3,0,6,18,18446475788784769960
15,1,3,0,6,19,18446475788784769960
15,1,3,0,6,20,18446475788650552232
15,1,3,0,6,21,18446475788784769960
15,1,3,0,6,22,18446475788784769960
15,1,3,0,6,23,18446475788784769960
15,1,3,0,6,24,18446475788784769960
15,1,3,0,6,25,18446475788650552232
15,1,3,0,6,26,18446475788784769960
15,1,3,0,6,27,18446475788784769960
15,1,3,0,6,28,18446475788784769960
15,1,3,0,6,29,18446475788650552232
15,1,3,0,6,30,18446475788784769960
15,1,3,0,6,31,18446475788784769960
15,1,3,0,6,32,18446475788784769960
15,1,3,0,6,33,18446475788650552232
15,1,3,0,6,34,18446475788784769960
15,1,3,0,6,35,18446475788784769960
15,1,3,0,6,36,18446475788784769960
15,1,3,0,6,37,18446475788784769960
15,1,3,0,6,38,18446475788784769960
15,1,3,0,6,39,18446475788784769960
15,1,3,0,6,40,18446475788784769960
15,1,3,0,6,41,18446475788650552232
15,1,3,0,6,42,18446475788650552232
15,1,3,0,6,43,18446475788650552232
15,1,3,0,6,44,18446475788784769960
15,1,3,0,6,45,18446475788784769960
15,1,3,0,6,46,18446475788784769960
15,1,3,0,6,47,18446475788784769960
15,1,3,0,6,48,18446475788784769960
15,1,3,0,6,49,18446475788784769960
15,1,3,0,6,50,18446475788784769960
15,1,3,0,6,51,18446475788784769960
15,1,3,0,6,52,18446475788784769960
15,1,3,0,6,53,18446475788650552232
15,1,3,0,6,54,18446475788784769960
15,1,3,0,6,55,18446475788784769960
15,1,3,0,6,56,18446475788784769960
15,1,3,0,6,57,18446475788650552232
15,1,3,0,6,58,18446475788784769960
15,1,3,0,6,59,18446475788784769960
15,1,3,0,6,60,18446475788784769960
15,1,3,0,6,61,18446475788784769960
15,1,3,0,6,62,18446475788784769960
15,1,3,0,6,63,18446475788784769960
15,1,3,0,6,64,18446475788650552232
15,1,3,0,6,65,18446475788784769960
15,1,3,0,6,66,18446475788784769960
15,1,3,0,6,67,18446475788784769960
15,1,3,0,6,68,18446475788650552232
15,1,3,0,6,69,18446475788784769960
15,1,3,0,6,70,18446475788784769960
15,1,3,0,6,71,18446475788784769960
15,1,3,0,6,72,18446475788784769960
15,1,3,0,6,73,18446475788784769960
15,1,3,0,6,74,18446475788784769960
15,1,3,0,6,75,18446475788784769960
15,1,3,0,6,76,18446475788784769960
15,1,3,0,6,77,18446475788784769960
15,1,3,0,6,78,18446475788784769960
15,1,3,0,6,79,18446475788650552232
15,1,3,0,6,80,18446475788784769960
15,1,3,0,6,81,18446475788784769960
15,1,3,0,6,82,18446475788784769960
15,1,3,0,6,83,18446475788784769960
15,1,3,0,6,84,18446475788784769960
15,1,3,0,6,85,18446475788650552232
15,1,3,0,6,86,18446475788784769960
15,1,3,0,6,87,18446475788650552232
15,1,3,0,6,88,18446475788784769960
15,1,3,0,6,89,18446475788784769960
15,1,3,0,6,90,18446475788784769960
15,1,3,0,6,91,18446475788784769960
15,1,3,0,6,92,18446475788784769960
15,1,3,0,6,93,18446475788784769960
15,1,3,0,6,94,18446475788784769960
15,1,3,0,6,95,18446475788784769960
15,1,3,0,6,96,18446475788784769960
15,1,3,0,6,97,18446475788784769960
15,1,3,0,6,98,18446475788784769960
15,1,3,0,6,99,18446475788784769960
16,1,4,0,1,0,1165485675113552
16,1,4,0,1,1,1165485675113552
16,1,4,0,1,2,1165485675113552
16,1,4,0,1,3,1165485675113552
16,1,4,0,1,4,1165485675113552
16,1,4,0,1,5,1165485675113552
16,1,4,0,1,6,1165485675113552
16,1,4,0,1,7,1165485675113552
16,1,4,0,1,8,1165485675113552
16,1,4,0,1,9,1165485675113552
16,1,4,0,1,10,1165485675113552
16,1,4,0,1,11,1165485675113536
16,1,4,0,1,12,1165485675113552
16,1,4,0,1,13,1165485675113552
16,1,4,0,1,14,1165485675113552
16,1,4,0,1,15,1165485675113552
16,1,4,0,1,16,1165485675113552
16,1,4,0,1,17,1165485675113552
16,1,4,0,1,18,1165485675113552
16,1,4,0,1,19,1165485675113552
16,1,4,0,1,20,1165485675113552
16,1,4,0,1,21,1165485675113552
16,1,4,0,1,22,1165485675113552
16,1,4,0,1,23,1165485675113552
16,1,4,0,1,24,1165485675113552
16,1,4,0,1,25,1165485675113552
16,1,4,0,1,26,1165485675113552
16,1,4,0,1,27,1165485675113552
16,1,4,0,1,28,1165485675113552
16,1,4,0,1,29,1165485675113552
16,1,4,0,1,30,1165485675113552
16,1,4,0,1,31,1165485675113552
16,1,4,0,1,32,1165485675113552
16,1,4,0,1,33,1165485675113552
16,1,4,0,1,34,1165485675113552
16,1,4,0,1,35,1165485675113552
16,1,4,0,1,36,1165485675113552
16,1,4,0,1,37,1165485675113552
16,1,4,0,1,38,1165485675113552
16,1,4,0,1,39,1165485675113552
16,1,4,0,1,40,1165485675113552
16,1,4,0,1,41,1165485675113552
16,1,4,0,1,42,1165485675113552
16,1,4,0,1,43,1165485675113552
16,1,4,0,1,44,1165485675113552
16,1,4,0,1,45,1165485675113552
16,1,4,0,1,46,1165485675113552
16,1,4,0,1,47,1165485675113552
16,1,4,0,1,48,1165485675113552
16,1,4,0,1,49,1165485675113552
16,1,4,0,1,50,1165485675113552
16,1,4,0,1,51,1165485675113552
16,1,4,0,1,52,1165485675113552
16,1,4,0,1,53,1165485675113552
16,1,4,0,1,54,1165485675113552
16,1,4,0,1,55,1165485675113552
16,1,4,0,1,56,1165485675113552
16,1,4,0,1,57,1165485675113552
16,1,4,0,1,58,1165485675113552
16,1,4,0,1,59,1165485675113552
16,1,4,0,1,60,1165485675113552
16,1,4,0,1,61,1165485675113552
16,1,4,0,1,62,1165485675113552
16,1,4,0,1,63,1165485675113552
16,1,4,0,1,64,1165485675113552
16,1,4,0,1,65,1165485675113552
16,1,4,0,1,66,1165485675113552
16,1,4,0,1,67,1165485675113552
16,1,4,0,1,68,1165485675113552
16,1,4,0,1,69,1165485675113552
16,1,4,0,1,70,1165485675113552
16,1,4,0,1,71,1165485675113552
16,1,4,0,1,72,1165485675113552
16,1,4,0,1,73,1165485675113552
16,1,4,0,1,74,1165485675113552
16,1,4,0,1,75,1165485675113552
16,1,4,0,1,76,1165485675113552
16,1,4,0,1,77,1165485675113552
16,1,4,0,1,78,1165485675113552
16,1,4,0,1,79,1165485675113552
16,1,4,0,1,80,1165485675113552
16,1,4,0,1,81,1165485675113552
16,1,4,0,1,82,1165485675113552
16,1,4,0,1,83,1165485675113552
16,1,4,0,1,84,1165485675113552
16,1,4,0,1,85,1165485675113552
16,1,4,0,1,86,1165485675113552
16,1,4,0,1,87,1165485675113552
16,1,4,0,1,88,1165485675113552
16,1,4,0,1,89,1165485675113552
16,1,4,0,1,90,1165485675113552
16,1,4,0,1,91,1165485675113552
16,1,4,0,1,92,1165485675113552
16,1,4,0,1,93,1165485675113552
16,1,4,0,1,94,1165485675113552
16,1,4,0,1,95,1165485675113552
16,1,4,0,1,96,1165485675113552
16,1,4,0,1,97,1165485675113552
16,1,4,0,1,98,1165485675113552
16,1,4,0,1,99,1165485675113552
17,1,4,0,3,0,1165485675113552
17,1,4,0,3,1,1165485675113552
17,1,4,0,3,2,1165485675113552
17,1,4,0,3,3,1165485675113552
17,1,4,0,3,4,1165485675113552
17,1,4,0,3,5,1165485675113552
17,1,4,0,3,6,1165485675113552
17,1,4,0,3,7,1165485675113552
17,1,4,0,3,8,1165485675113552
17,1,4,0,3,9,1165485675113552
17,1,4,0,3,10,1165485675113552
17,1,4,0,3,11,1165485675113552
17,1,4,0,3,12,1165485675113552
17,1,4,0,3,13,1165485675113552
17,1,4,0,3,14,1165485675113552
17,1,4,0,3,15,1165485675113552
17,1,4,0,3,16,1165485675113552
17,1,4,0,3,17,1165485675113552
17,1,4,0,3,18,1165485675113552
17,1,4,0,3,19,1165485675113552
17,1,4,0,3,20,1165485675113552
17,1,4,0,3,21,1165485675113552
17,1,4,0,3,22,1165485675113552
17,1,4,0,3,23,1165485675113552
17,1,4,0,3,24,1165485675113552
17,1,4,0,3,25,1165485675113552
17,1,4,0,3,26,1165485675113552
17,1,4,0,3,27,1165485675113552
17,1,4,0,3,28,1165485675113552
17,1,4,0,3,29,1165485675113552
17,1,4,0,3,30,1165485675113552
17,1,4,0,3,31,1165485675113552
17,1,4,0,3,32,1165485675113552
17,1,4,0,3,33,1165485675113552
17,1,4,0,3,34,1165485675113552
17,1,4,0,3,35,1165485675113552
17,1,4,0,3,36,1165485675113552
17,1,4,0,3,37,1165485675113552
17,1,4,0,3,38,1165485675113552
17,1,4,0,3,39,1165485675113552
17,1,4,0,3,40,1165485675113552
17,1,4,0,3,41,1165485675113552
17,1,4,0,3,42,1165485675113552
17,1,4,0,3,43,1165485675113552
17,1,4,0,3,44,1165485675113552
17,1,4,0,3,45,1165485675113552
17,1,4,0,3,46,1165485675113552
17,1,4,0,3,47,1165485675113552
17,1,4,0,3,48,1165485675113552
17,1,4,0,3,49,1165485675113552
17,1,4,0,3,50,1165485675113552
17,1,4,0,3,51,1165485675113552
17,1,4,0,3,52,1165485675113552
17,1,4,0,3,53,1165485675113552
17,1,4,0,3,54,1165485675113552
17,1,4,0,3,55,1165485675113552
17,1,4,0,3,56,1165485675113552
17,1,4,0,3,57,1165485675113552
17,1,4,0,3,58,1165485675113552
17,1,4,0,3,59,1165485675113552
17,1,4,0,3,60,1165485675113552
17,1,4,0,3,61,1165485675113552
17,1,4,0,3,62,1165485675113552
17,1,4,0,3,63,1165485675113552
17,1,4,0,3,64,1165485675113552
17,1,4,0,3,65,1165485675113552
17,1,4,0,3,66,1165485675113552
17,1,4,0,3,67,1165485675113552
17,1,4,0,3,68,1165485675113552
17,1,4,0,3,69,1165485675113552
17,1,4,0,3,70,1165485675113552
17,1,4,0,3,71,1165485675113552
17,1,4,0,3,72,1165485675113552
17,1,4,0,3,73,1165485675113552
17,1,4,0,3,74,1165485675113552
17,1,4,0,3,75,1165485675113552
17,1,4,0,3,76,1165485675113552
17,1,4,0,3,77,1165485675113552
17,1,4,0,3,78,1165485675113552
17,1,4,0,3,79,1165485675113552
17,1,4,0,3,80,1165485675113552
17,1,4,0,3,81,1165485675113552
17,1,4,0,3,82,1165485675113552
17,1,4,0,3,83,1165485675113552
17,1,4,0,3,84,1165485675113552
17,1,4,0,3,85,1165485675113552
17,1,4,0,3,86,1165485675113552
17,1,4,0,3,87,1165485675113552
17,1,4,0,3,88,1165485675113552
17,1,4,0,3,89,1165485675113552
17,1,4,0,3,90,1165485675113552
17,1,4,0,3,91,1165485675113552
17,1,4,0,3,92,1165485675113552
17,1,4,0,3,93,1165485675113552
17,1,4,0,3,94,1165485675113552
17,1,4,0,3,95,1165485675113552
17,1,4,0,3,96,1165485675113552
17,1,4,0,3,97,1165485675113552
17,1,4,0,3,98,1165485675113552
17,1,4,0,3,99,1165485675113552
18,1,4,0,5,0,17049559536931695834
18,1,4,0,5,1,17049559536931695834
18,1,4,0,5,2,17049559536931695834
18,1,4,0,5,3,17049559536931695834
18,1,4,0,5,4,17049559536931695834
18,1,4,0,5,5,17049559536931695834
18,1,4,0,5,6,17049559536931695834
18,1,4,0,5,7,17049559536931695834
18,1,4,0,5,8,17049559536931695834
18,1,4,0,5,9,17049559536931695834
18,1,4,0,5,10,17049559536931695834
18,1,4,0,5,11,17049559536931695834
18,1,4,0,5,12,17049559536931695834
18,1,4,0,5,13,17049559536931695834
18,1,4,0,5,14,17049559536931695834
18,1,4,0,5,15,17049559536931695834
18,1,4,0,5,16,17049559536931695834
18,1,4,0,5,17,17049559536931695834
18,1,4,0,5,18,17049559536931695834
18,1,4,0,5,19,17049559536931695834
18,1,4,0,5,20,17049559536931695834
18,1,4,0,5,21,17049559536931695834
18,1,4,0,5,22,17049559536931695834
18,1,4,0,5,23,17049559536931695834
18,1,4,0,5,24,17049559536931695834
18,1,4,0,5,25,17049559536931695834
18,1,4,0,5,26,17049559536931695834
18,1,4,0,5,27,17049559536931695834
18,1,4,0,5,28,17049559536931695834
18,1,4,0,5,29,17049559536931695834
18,1,4,0,5,30,17049559536931695834
18,1,4,0,5,31,17049559536931695834
18,1,4,0,5,32,17049559536931695834
18,1,4,0,5,33,17049559536931695834
18,1,4,0,5,34,17049559536931695834
18,1,4,0,5,35,17049559536931695834
18,1,4,0,5,36,17049559536931695834
18,1,4,0,5,37,17049559536931695834
18,1,4,0,5,38,17049559536931695834
18,1,4,0,5,39,17049559536931695834
18,1,4,0,5,40,17049559536931695834
18,1,4,0,5,41,17049559536931695834
18,1,4,0,5,42,17049559536931695834
18,1,4,0,5,43,17049559536931695834
18,1,4,0,5,44,17049559536931695834
18,1,4,0,5,45,17049559536931695834
18,1,4,0,5,46,17049559536931695834
18,1,4,0,5,47,17049559536931695834
18,1,4,0,5,48,17049559536931695834
18,1,4,0,5,49,17049559536931695834
18,1,4,0,5,50,17049559536931695834
18,1,4,0,5,51,17049559536931695834
18,1,4,0,5,52,17049559536931695834
18,1,4,0,5,53,17049559536931695834
18,1,4,0,5,54,17049559536931695834
18,1,4,0,5,55,17049559536931695834
18,1,4,0,5,56,17049559536931695834
18,1,4,0,5,57,17049559536931695834
18,1,4,0,5,58,17049559536931695834
18,1,4,0,5,59,17049559536931695834
18,1,4,0,5,60,17049559536931695834
18,1,4,0,5,61,17049559536931695834
18,1,4,0,5,62,17049559536931695834
18,1,4,0,5,63,17049559536931695834
18,1,4,0,5,64,17049559536931695834
18,1,4,0,5,65,17049559536931695834
18,1,4,0,5,66,17049559536931695834
18,1,4,0,5,67,17049559536931695834
18,1,4,0,5,68,17049559536931695834
18,1,4,0,5,69,17049559536931695834
18,1,4,0,5,70,17049559536931695834
18,1,4,0,5,71,17049559536931695834
18,1,4,0,5,72,17049559536931695834
18,1,4,0,5,73,17049559536931695834
18,1,4,0,5,74,17049559536931695834
18,1,4,0,5,75,17049559536931695834
18,1,4,0,5,76,17049559536931695834
18,1,4,0,5,77,17049559536931695834
18,1,4,0,5,78,17049559536931695834
18,1,4,0,5,79,17049559536931695834
18,1,4,0,5,80,17049559536931695834
18,1,4,0,5,81,17049559536931695834
18,1,4,0,5,82,17049559536931695834
18,1,4,0,5,83,17049559536931695834
18,1,4,0,5,84,17049559536931695834
18,1,4,0,5,85,17049559536931695834
18,1,4,0,5,86,17049559536931695834
18,1,4,0,5,87,17049559536931695834
18,1,4,0,5,88,17049559536931695834
18,1,4,0,5,89,17049559536931695834
18,1,4,0,5,90,17049559536931695834
18,1,4,0,5,91,17049559536931695834
18,1,4,0,5,92,17049559536931695834
18,1,4,0,5,93,17049559536931695834
18,1,4,0,5,94,17049559536931695834
18,1,4,0,5,95,17049559536931695834
18,1,4,0,5,96,17049559536931695834
18,1,4,0,5,97,17049559536931695834
18,1,4,0,5,98,17049559536931695834
18,1,4,0,5,99,17049559536931695834
19,1,4,0,7,0,11825366376995876056
19,1,4,0,7,1,11825366376995876056
19,1,4,0,7,2,11825366376995876056
19,1,4,0,7,3,11825366376995876056
19,1,4,0,7,4,11825366376995876056
19,1,4,0,7,5,11825366376995876056
19,1,4,0,7,6,11825366376995876056
19,1,4,0,7,7,11825366376995876056
19,1,4,0,7,8,11825366376995876056
19,1,4,0,7,9,11825366376995876056
19,1,4,0,7,10,11825366376995876056
19,1,4,0,7,11,11825366376995876056
19,1,4,0,7,12,11825366376995876058
19,1,4,0,7,13,11825366376995876056
19,1,4,0,7,14,11825366376995876056
19,1,4,0,7,15,11825366376995876056
19,1,4,0,7,16,11825366376995876056
19,1,4,0,7,17,11825366376995876056
19,1,4,0,7,18,11825366376995876056
19,1,4,0,7,19,11825366376995876056
19,1,4,0,7,20,11825366376995876056
19,1,4,0,7,21,11825366376995876058
19,1,4,0,7,22,11825366376995876056
19,1,4,0,7,23,11825366376995876056
19,1,4,0,7,24,11825366376995876056
19,1,4,0,7,25,11825366376995876056
19,1,4,0,7,26,11825366376995876056
19,1,4,0,7,27,11825366376995876056
19,1,4,0,7,28,11825366376995876056
19,1,4,0,7,29,11825366376995876056
19,1,4,0,7,30,11825366376995876056
19,1,4,0,7,31,11825366376995876056
19,1,4,0,7,32,11825366376995876056
19,1,4,0,7,33,11825366376995876056
19,1,4,0,7,34,11825366376995876056
19,1,4,0,7,35,11825366376995876056
19,1,4,0,7,36,11825366376995876056
19,1,4,0,7,37,11825366376995876056
19,1,4,0,7,38,11825383969181920474
19,1,4,0,7,39,11825366376995876056
19,1,4,0,7,40,11825366376995876058
19,1,4,0,7,41,11825366376995876056
19,1,4,0,7,42,11825366376995876056
19,1,4,0,7,43,11825366376995876056
19,1,4,0,7,44,11825366376995876056
19,1,4,0,7,45,11825366376995876056
19,1,4,0,7,46,11825366376995876056
19,1,4,0,7,47,11825366376995876056
19,1,4,0,7,48,11825366376995876056
19,1,4,0,7,49,11825366376995876056
19,1,4,0,7,50,11825366376995876056
19,1,4,0,7,51,11825366376995876056
19,1,4,0,7,52,11825366376995876056
19,1,4,0,7,53,11825366376995876056
19,1,4,0,7,54,11825366376995876056
19,1,4,0,7,55,11825366376995876056
19,1,4,0,7,56,11825366376995876056
19,1,4,0,7,57,11825366376995876056
19,1,4,0,7,58,11825366376995876056
19,1,4,0,7,59,11825366376995876056
19,1,4,0,7,60,11825366376995876056
19,1,4,0,7,61,11825366376995876056
19,1,4,0,7,62,11825366376995876056
19,1,4,0,7,63,11825366376995876056
19,1,4,0,7,64,11825366376995876056
19,1,4,0,7,65,11825366376995876056
19,1,4,0,7,66,11825366376995876056
19,1,4,0,7,67,11825366376995876056
19,1,4,0,7,68,11825366376995876056
19,1,4,0,7,69,11825366376995876056
19,1,4,0,7,70,11825366376995876056
19,1,4,0,7,71,11825366376995876056
19,1,4,0,7,72,11825366376995876056
19,1,4,0,7,73,11825366376995876056
19,1,4,0,7,74,11825366376995876056
19,1,4,0,7,75,11825366376995876056
19,1,4,0,7,76,11825366376995876056
19,1,4,0,7,77,11825366376995876056
19,1,4,0,7,78,11825366376995876056
19,1,4,0,7,79,11825366376995876056
19,1,4,0,7,80,11825366376995876056
19,1,4,0,7,81,11825366376995876056
19,1,4,0,7,82,11825366376995876056
19,1,4,0,7,83,11825366376995876056
19,1,4,0,7,84,11825366376995876056
19,1,4,0,7,85,11825366376995876056
19,1,4,0,7,86,11825366376995876056
19,1,4,0,7,87,11825366376995876056
19,1,4,0,7,88,11825366376995876058
19,1,4,0,7,89,11825366376995876056
19,1,4,0,7,90,11825366376995876056
19,1,4,0,7,91,11825366376995876056
19,1,4,0,7,92,11825366376995876056
19,1,4,0,7,93,11825366376995876056
19,1,4,0,7,94,11825366376995876056
19,1,4,0,7,95,11825366376995876056
19,1,4,0,7,96,11825366376995876056
19,1,4,0,7,97,11825366376995876056
19,1,4,0,7,98,11825366376995876056
19,1,4,0,7,99,11825366376995876056
20,1,5,0,0,0,18446739674562011071
20,1,5,0,0,1,18446739674562011071
20,1,5,0,0,2,18446739674562011071
20,1,5,0,0,3,18446739674570399679
20,1,5,0,0,4,18446704490189922239
20,1,5,0,0,5,18446704490189922239
20,1,5,0,0,6,18446704490189922239
20,1,5,0,0,7,18446704490189922239
20,1,5,0,0,8,18446704490189922239
20,1,5,0,0,9,18446739674562011071
20,1,5,0,0,10,18446704490189922239
20,1,5,0,0,11,18446739674562011071
20,1,5,0,0,12,18446739674570399679
20,1,5,0,0,13,18446704490189922239
20,1,5,0,0,14,18446704490189922239
20,1,5,0,0,15,18446739674562011071
20,1,5,0,0,16,18446704490189922239
20,1,5,0,0,17,18446704490189922239
20,1,5,0,0,18,18446704490189922239
20,1,5,0,0,19,18446739674562011071
20,1,5,0,0,20,18446704490189922239
20,1,5,0,0,21,18446704490189922239
20,1,5,0,0,22,18446704490189922239
20,1,5,0,0,23,18446739674562011071
20,1,5,0,0,24,18446704490189922239
20,1,5,0,0,25,18446704490189922239
20,1,5,0,0,26,18446704490189922239
20,1,5,0,0,27,18446704490189922239
20,1,5,0,0,28,18446704490189922239
20,1,5,0,0,29,18446739674562011071
20,1,5,0,0,30,18446739674562011071
20,1,5,0,0,31,18446704490189922239
20,1,5,0,0,32,18446739674562011071
20,1,5,0,0,33,18446704490189922239
20,1,5,0,0,34,18446739674562011071
20,1,5,0,0,35,18446739674562011071
20,1,5,0,0,36,18446739674562011071
20,1,5,0,0,37,18446739674562011071
20,1,5,0,0,38,18446739674562011071
20,1,5,0,0,39,18446704490189922239
20,1,5,0,0,40,18446739674562011071
20,1,5,0,0,41,18446704490189922239
20,1,5,0,0,42,18446704490189922239
20,1,5,0,0,43,18446739674562011071
20,1,5,0,0,44,18446739674562011071
20,1,5,0,0,45,18446704490189922239
20,1,5,0,0,46,18446739674562011071
20,1,5,0,0,47,18446704490189922239
20,1,5,0,0,48,18446704490189922239
20,1,5,0,0,49,18446739674562011071
20,1,5,0,0,50,18446704490189922239
20,1,5,0,0,51,18446704490189922239
20,1,5,0,0,52,18446704490189922239
20,1,5,0,0,53,18446704490189922239
20,1,5,0,0,54,18446739674562011071
20,1,5,0,0,55,18446739674562011071
20,1,5,0,0,56,18446739674562011071
20,1,5,0,0,57,18446704490189922239
20,1,5,0,0,58,18446704490189922239
20,1,5,0,0,59,18446739674562011071
20,1,5,0,0,60,18446704490189922239
20,1,5,0,0,61,18446704490189922239
20,1,5,0,0,62,18446739674562011071
20,1,5,0,0,63,18446739674562011071
20,1,5,0,0,64,18446739674562011071
20,1,5,0,0,65,18446704490189922239
20,1,5,0,0,66,18446739674562011071
20,1,5,0,0,67,18446704490189922239
20,1,5,0,0,68,18446739674562011071
20,1,5,0,0,69,18446704490189922239
20,1,5,0,0,70,18446704490189922239
20,1,5,0,0,71,18446739674562011071
20,1,5,0,0,72,18446704490189922239
20,1,5,0,0,73,18446739674562011071
20,1,5,0,0,74,18446739674562011071
20,1,5,0,0,75,18446704490189922239
20,1,5,0,0,76,18446739674562011071
20,1,5,0,0,77,18446704490189922239
20,1,5,0,0,78,18446739674562011071
20,1,5,0,0,79,18446704490189922239
20,1,5,0,0,80,18446739674562011071
20,1,5,0,0,81,18446704490189922239
20,1,5,0,0,82,18446739674562011071
20,1,5,0,0,83,18446739674562011071
20,1,5,0,0,84,18446704490189922239
20,1,5,0,0,85,18446739674562011071
20,1,5,0,0,86,18446739674562011071
20,1,5,0,0,87,18446704490189922239
20,1,5,0,0,88,18446739674562011071
20,1,5,0,0,89,18446739674562011071
20,1,5,0,0,90,18446704490189922239
20,1,5,0,0,91,18446739674562011071
20,1,5,0,0,92,18446704490189922239
20,1,5,0,0,93,18446739674562011071
20,1,5,0,0,94,18446739674562011071
20,1,5,0,0,95,18446704490189922239
20,1,5,0,0,96,18446739674562011071
20,1,5,0,0,97,18446704490189922239
20,1,5,0,0,98,18446739674562011071
20,1,5,0,0,99,18446739674562011071
21,1,5,0,2,0,18446475788784769960
21,1,5,0,2,1,18446475788784769960
21,1,5,0,2,2,18446475788784769960
21,1,5,0,2,3,18446475788784769960
21,1,5,0,2,4,18446475788784769960
21,1,5,0,2,5,18446475788784769960
21,1,5,0,2,6,18446475788784769960
21,1,5,0,2,7,18446475788784769960
21,1,5,0,2,8,18446475788784769960
21,1,5,0,2,9,18446475788784769960
21,1,5,0,2,10,18446475788784769960
21,1,5,0,2,11,18446475788784769960
21,1,5,0,2,12,18446475788784769960
21,1,5,0,2,13,18446475788784769960
21,1,5,0,2,14,18446475788784769960
21,1,5,0,2,15,18446475788784769960
21,1,5,0,2,16,18446475788784769960
21,1,5,0,2,17,18446475788784769960
21,1,5,0,2,18,18446475788784769960
21,1,5,0,2,19,18446475788784769960
21,1,5,0,2,20,18446475788784769960
21,1,5,0,2,21,18446475788784769960
21,1,5,0,2,22,18446475788784769960
21,1,5,0,2,23,18446475788784769960
21,1,5,0,2,24,18446475788784769960
21,1,5,0,2,25,18446475788784769960
21,1,5,0,2,26,18446475788784769960
21,1,5,0,2,27,18446475788784769960
21,1,5,0,2,28,18446475788784769960
21,1,5,0,2,29,18446475788784769960
21,1,5,0,2,30,18446475788784769960
21,1,5,0,2,31,18446475788784769960
21,1,5,0,2,32,18446475788784769960
21,1,5,0,2,33,18446475788784769960
21,1,5,0,2,34,18446475788784769960
21,1,5,0,2,35,18446475788784769960
21,1,5,0,2,36,18446475788784769960
21,1,5,0,2,37,18446475788784769960
21,1,5,0,2,38,18446475788784769960
21,1,5,0,2,39,18446475788784769960
21,1,5,0,2,40,18446475788784769960
21,1,5,0,2,41,18446475788784769960
21,1,5,0,2,42,18446475788784769960
21,1,5,0,2,43,18446475788784769960
21,1,5,0,2,44,18446475788784769960
21,1,5,0,2,45,18446475788784769960
21,1,5,0,2,46,18446475788784769960
21,1,5,0,2,47,18446475788784769960
21,1,5,0,2,48,18446475788784769960
21,1,5,0,2,49,18446475788784769960
21,1,5,0,2,50,18446475788784769960
21,1,5,0,2,51,18446475788784769960
21,1,5,0,2,52,18446475788784769960
21,1,5,0,2,53,18446475788784769960
21,1,5,0,2,54,18446475788784769960
21,1,5,0,2,55,18446475788784769960
21,1,5,0,2,56,18446475788784769960
21,1,5,0,2,57,18446475788784769960
21,1,5,0,2,58,18446475788784769960
21,1,5,0,2,59,18446475788784769960
21,1,5,0,2,60,18446475788784769960
21,1,5,0,2,61,18446475788784769960
21,1,5,0,2,62,18446475788784769960
21,1,5,0,2,63,18446475788784769960
21,1,5,0,2,64,18446475788784769960
21,1,5,0,2,65,18446475788784769960
21,1,5,0,2,66,18446475788784769960
21,1,5,0,2,67,18446475788784769960
21,1,5,0,2,68,18446475788784769960
21,1,5,0,2,69,18446475788784769960
21,1,5,0,2,70,18446475788784769960
21,1,5,0,2,71,18446475788784769960
21,1,5,0,2,72,18446475788784769960
21,1,5,0,2,73,18446475788784769960
21,1,5,0,2,74,18446475788784769960
21,1,5,0,2,75,18446475788784769960
21,1,5,0,2,76,18446475788784769960
21,1,5,0,2,77,18446475788784769960
21,1,5,0,2,78,18446475788784769960
21,1,5,0,2,79,18446475788784769960
21,1,5,0,2,80,18446475788784769960
21,1,5,0,2,81,18446475788784769960
21,1,5,0,2,82,18446475788784769960
21,1,5,0,2,83,18446475788784769960
21,1,5,0,2,84,18446475788784769960
21,1,5,0,2,85,18446475788784769960
21,1,5,0,2,86,18446475788784769960
21,1,5,0,2,87,18446475788784769960
21,1,5,0,2,88,18446475788784769960
21,1,5,0,2,89,18446475788784769960
21,1,5,0,2,90,18446475788784769960
21,1,5,0,2,91,18446475788784769960
21,1,5,0,2,92,18446475788784769960
21,1,5,0,2,93,18446475788784769960
21,1,5,0,2,94,18446475788784769960
21,1,5,0,2,95,18446475788784769960
21,1,5,0,2,96,18446475788784769960
21,1,5,0,2,97,18446475788784769960
21,1,5,0,2,98,18446475788784769960
21,1,5,0,2,99,18446475788650552232
22,1,5,0,4,0,18446739674570399679
22,1,5,0,4,1,18446739674570399679
22,1,5,0,4,2,18446739674570399679
22,1,5,0,4,3,18446739674570399679
22,1,5,0,4,4,18446739674570399679
22,1,5,0,4,5,18446739674570399679
22,1,5,0,4,6,18446739674570399679
22,1,5,0,4,7,18446739674570399679
22,1,5,0,4,8,18446739674570399679
22,1,5,0,4,9,18446739674570399679
22,1,5,0,4,10,18446739674570399679
22,1,5,0,4,11,18446739674570399679
22,1,5,0,4,12,18446739674570399679
22,1,5,0,4,13,18446739674570399679
22,1,5,0,4,14,18446739674570399679
22,1,5,0,4,15,18446739674570399679
22,1,5,0,4,16,18446739674570399679
22,1,5,0,4,17,18446739674570399679
22,1,5,0,4,18,18446739674570399679
22,1,5,0,4,19,18446739674570399679
22,1,5,0,4,20,18446739674570399679
22,1,5,0,4,21,18446739674570399679
22,1,5,0,4,22,18446739674570399679
22,1,5,0,4,23,18446739674570399679
22,1,5,0,4,24,18446739674570399679
22,1,5,0,4,25,18446739674570399679
22,1,5,0,4,26,18446739674570399679
22,1,5,0,4,27,18446739674570399679
22,1,5,0,4,28,18446739674570399679
22,1,5,0,4,29,18446739674570399679
22,1,5,0,4,30,18446739674570399679
22,1,5,0,4,31,18446739674570399679
22,1,5,0,4,32,18446739674570399679
22,1,5,0,4,33,18446739674570399679
22,1,5,0,4,34,18446739674570399679
22,1,5,0,4,35,18446739674570399679
22,1,5,0,4,36,18446739674570399679
22,1,5,0,4,37,18446739674570399679
22,1,5,0,4,38,18446739674570399679
22,1,5,0,4,39,18446739674570399679
22,1,5,0,4,40,18446739674570399679
22,1,5,0,4,41,18446739674570399679
22,1,5,0,4,42,18446739674570399679
22,1,5,0,4,43,18446739674570399679
22,1,5,0,4,44,18446739674570399679
22,1,5,0,4,45,18446739674570399679
22,1,5,0,4,46,18446739674570399679
22,1,5,0,4,47,18446739674570399679
22,1,5,0,4,48,18446739674570399679
22,1,5,0,4,49,18446739674570399679
22,1,5,0,4,50,18446739674570399679
22,1,5,0,4,51,18446739674570399679
22,1,5,0,4,52,18446739674570399679
22,1,5,0,4,53,18446739674570399679
22,1,5,0,4,54,18446739674570399679
22,1,5,0,4,55,18446739674570399679
22,1,5,0,4,56,18446739674570399679
22,1,5,0,4,57,18446739674570399679
22,1,5,0,4,58,18446739674570399679
22,1,5,0,4,59,18446739674570399679
22,1,5,0,4,60,18446739674570399679
22,1,5,0,4,61,18446739674570399679
22,1,5,0,4,62,18446739674570399679
22,1,5,0,4,63,18446739674570399679
22,1,5,0,4,64,18446739674570399679
22,1,5,0,4,65,18446739674570399679
22,1,5,0,4,66,18446739674570399679
22,1,5,0,4,67,18446739674570399679
22,1,5,0,4,68,18446739674570399679
22,1,5,0,4,69,18446739674570399679
22,1,5,0,4,70,18446739674570399679
22,1,5,0,4,71,18446739674570399679
22,1,5,0,4,72,18446739674570399679
22,1,5,0,4,73,18446739674570399679
22,1,5,0,4,74,18446739674570399679
22,1,5,0,4,75,18446739674570399679
22,1,5,0,4,76,18446739674570399679
22,1,5,0,4,77,18446739674570399679
22,1,5,0,4,78,18446739674570399679
22,1,5,0,4,79,18446739674570399679
22,1,5,0,4,80,18446739674570399679
22,1,5,0,4,81,18446739674570399679
22,1,5,0,4,82,18446739674570399679
22,1,5,0,4,83,18446739674570399679
22,1,5,0,4,84,18446739674570399679
22,1,5,0,4,85,18446739674570399679
22,1,5,0,4,86,18446739674570399679
22,1,5,0,4,87,18446739674570399679
22,1,5,0,4,88,18446739674570399679
22,1,5,0,4,89,18446739674570399679
22,1,5,0,4,90,18446739674570399679
22,1,5,0,4,91,18446739674570399679
22,1,5,0,4,92,18446739674570399679
22,1,5,0,4,93,18446739674570399679
22,1,5,0,4,94,18446739674570399679
22,1,5,0,4,95,18446739674570399679
22,1,5,0,4,96,18446739674570399679
22,1,5,0,4,97,18446739674570399679
22,1,5,0,4,98,18446739674570399679
22,1,5,0,4,99,18446739674570399679
23,1,5,0,6,0,18446704488008753087
23,1,5,0,6,1,18446704490156236735
23,1,5,0,6,2,18446704488008753087
23,1,5,0,6,3,18446704488008753087
23,1,5,0,6,4,18446704488008753087
23,1,5,0,6,5,18446704488008753087
23,1,5,0,6,6,18446704488008753087
23,1,5,0,6,7,18446704488008753087
23,1,5,0,6,8,18446704490189791167
23,1,5,0,6,9,18446704488008753087
23,1,5,0,6,10,18446704488008753087
23,1,5,0,6,11,18446704488008753087
23,1,5,0,6,12,18446704488008753087
23,1,5,0,6,13,18446704488008753087
23,1,5,0,6,14,18446704488008753087
23,1,5,0,6,15,18446704488008753087
23,1,5,0,6,16,18446704488008753087
23,1,5,0,6,17,18446704488008753087
23,1,5,0,6,18,18446704488008753087
23,1,5,0,6,19,18446704488008753087
23,1,5,0,6,20,18446704488008753087
23,1,5,0,6,21,18446704488008753087
23,1,5,0,6,22,18446704488008753087
23,1,5,0,6,23,18446704490189791167
23,1,5,0,6,24,18446704490189791167
23,1,5,0,6,25,18446704488008753087
23,1,5,0,6,26,18446704488008753087
23,1,5,0,6,27,18446704488008753087
23,1,5,0,6,28,18446704490156236735
23,1,5,0,6,29,18446704488008753087
23,1,5,0,6,30,18446704490156236735
23,1,5,0,6,31,18446704488008753087
23,1,5,0,6,32,18446704488008753087
23,1,5,0,6,33,18446704488008753087
23,1,5,0,6,34,18446704488008753087
23,1,5,0,6,35,18446704488008753087
23,1,5,0,6,36,18446704488008753087
23,1,5,0,6,37,18446704488008753087
23,1,5,0,6,38,18446704490156236735
23,1,5,0,6,39,18446704488008753087
23,1,5,0,6,40,18446704488008753087
23,1,5,0,6,41,18446704488008753087
23,1,5,0,6,42,18446704488008753087
23,1,5,0,6,43,18446704488008753087
23,1,5,0,6,44,18446704488042307519
23,1,5,0,6,45,18446704488008753087
23,1,5,0,6,46,18446704488008753087
23,1,5,0,6,47,18446704488008753087
23,1,5,0,6,48,18446704488008753087
23,1,5,0,6,49,18446704488008753087
23,1,5,0,6,50,18446704488008753087
23,1,5,0,6,51,18446704488008753087
23,1,5,0,6,52,18446704488008753087
23,1,5,0,6,53,18446704488008753087
23,1,5,0,6,54,18446704490156236735
23,1,5,0,6,55,18446704488008753087
23,1,5,0,6,56,18446704488008753087
23,1,5,0,6,57,18446704488008753087
23,1,5,0,6,58,18446704488008753087
23,1,5,0,6,59,18446704488008753087
23,1,5,0,6,60,18446704488008753087
23,1,5,0,6,61,18446704490156236735
23,1,5,0,6,62,18446704488008753087
23,1,5,0,6,63,18446704488008753087
23,1,5,0,6,64,18446704488008753087
23,1,5,0,6,65,18446704490156236735
23,1,5,0,6,66,18446704488008753087
23,1,5,0,6,67,18446704488008753087
23,1,5,0,6,68,18446704488042307519
23,1,5,0,6,69,18446704488008753087
23,1,5,0,6,70,18446704488008753087
23,1,5,0,6,71,18446704488008753087
23,1,5,0,6,72,18446704488008753087
23,1,5,0,6,73,18446704488008753087
23,1,5,0,6,74,18446704488008753087
23,1,5,0,6,75,18446704488008753087
23,1,5,0,6,76,18446704488008753087
23,1,5,0,6,77,18446704490189791167
23,1,5,0,6,78,18446704488042307519
23,1,5,0,6,79,18446704490189791167
23,1,5,0,6,80,18446704488008753087
23,1,5,0,6,81,18446704488008753087
23,1,5,0,6,82,18446704488008753087
23,1,5,0,6,83,18446704488008753087
23,1,5,0,6,84,18446704488008753087
23,1,5,0,6,85,18446704488008753087
23,1,5,0,6,86,18446704488008753087
23,1,5,0,6,87,18446704488008753087
23,1,5,0,6,88,18446704490189791167
23,1,5,0,6,89,18446704488008753087
23,1,5,0,6,90,18446704490156236735
23,1,5,0,6,91,18446704488042307519
23,1,5,0,6,92,18446704488008753087
23,1,5,0,6,93,18446704488008753087
23,1,5,0,6,94,18446704488008753087
23,1,5,0,6,95,18446704490156236735
23,1,5,0,6,96,18446704488008753087
23,1,5,0,6,97,18446704490156236735
23,1,5,0,6,98,18446704490189791167
23,1,5,0,6,99,18446704488008753087
24,1,6,0,1,0,1165485809855568
24,1,6,0,1,1,1165485809855568
24,1,6,0,1,2,1165485809855568
24,1,6,0,1,3,1165485809855568
24,1,6,0,1,4,1165485809855568
24,1,6,0,1,5,1165485809855568
24,1,6,0,1,6,1165485809855568
24,1,6,0,1,7,1165485809855568
24,1,6,0,1,8,1165485809855568
24,1,6,0,1,9,1165485809855568
24,1,6,0,1,10,1165485809855568
24,1,6,0,1,11,1165485809855568
24,1,6,0,1,12,1165485809855568
24,1,6,0,1,13,1165485809855568
24,1,6,0,1,14,1165485809855568
24,1,6,0,1,15,1165485809855568
24,1,6,0,1,16,1165485809855568
24,1,6,0,1,17,1165485809855568
24,1,6,0,1,18,1165485809855568
24,1,6,0,1,19,1165485809855568
24,1,6,0,1,20,1165485809855568
24,1,6,0,1,21,1165485809855568
24,1,6,0,1,22,1165485809855568
24,1,6,0,1,23,1165485809855568
24,1,6,0,1,24,1165485809855568
24,1,6,0,1,25,1165485809855568
24,1,6,0,1,26,1165485809855568
24,1,6,0,1,27,1165485809855568
24,1,6,0,1,28,1165485809855568
24,1,6,0,1,29,1165485809855568
24,1,6,0,1,30,1165485809855568
24,1,6,0,1,31,1165485809855568
24,1,6,0,1,32,1165485809855568
24,1,6,0,1,33,1165485809855568
24,1,6,0,1,34,1165485809855568
24,1,6,0,1,35,1165485809855568
24,1,6,0,1,36,1165485809855568
24,1,6,0,1,37,1165485809855568
24,1,6,0,1,38,1165485809855568
24,1,6,0,1,39,1165485809855568
24,1,6,0,1,40,1165485809855568
24,1,6,0,1,41,1165485809855568
24,1,6,0,1,42,1165485809855568
24,1,6,0,1,43,1165485809855568
24,1,6,0,1,44,1165485809855568
24,1,6,0,1,45,1165485809855568
24,1,6,0,1,46,1165485809855568
24,1,6,0,1,47,1165485809855568
24,1,6,0,1,48,1165485809855568
24,1,6,0,1,49,1165485809855568
24,1,6,0,1,50,1165485809855568
24,1,6,0,1,51,1165485809855568
24,1,6,0,1,52,1165485809855568
24,1,6,0,1,53,1165485809855568
24,1,6,0,1,54,1165485809855568
24,1,6,0,1,55,1165485809855568
24,1,6,0,1,56,1165485809855568
24,1,6,0,1,57,1165485809855568
24,1,6,0,1,58,1165485809855568
24,1,6,0,1,59,1165485809855568
24,1,6,0,1,60,1165485809855568
24,1,6,0,1,61,1165485809855568
24,1,6,0,1,62,1165485809855568
24,1,6,0,1,63,1165485809855568
24,1,6,0,1,64,1165485809855568
24,1,6,0,1,65,1165485809855568
24,1,6,0,1,66,1165485809855568
24,1,6,0,1,67,1165485809855568
24,1,6,0,1,68,1165485809855568
24,1,6,0,1,69,1165485809855568
24,1,6,0,1,70,1165485809855568
24,1,6,0,1,71,1165485809855568
24,1,6,0,1,72,1165485809855568
24,1,6,0,1,73,1165485809855568
24,1,6,0,1,74,1165485809855568
24,1,6,0,1,75,1165485809855568
24,1,6,0,1,76,1165485809855568
24,1,6,0,1,77,1165485809855568
24,1,6,0,1,78,1165485809855568
24,1,6,0,1,79,1165485809855568
24,1,6,0,1,80,1165485809855568
24,1,6,0,1,81,1165485809855568
24,1,6,0,1,82,1165485809855568
24,1,6,0,1,83,1165485809855568
24,1,6,0,1,84,1165485809855568
24,1,6,0,1,85,1165485809855568
24,1,6,0,1,86,1165485809855568
24,1,6,0,1,87,1165485809855568
24,1,6,0,1,88,1165485809855568
24,1,6,0,1,89,1165485809855568
24,1,6,0,1,90,1165485809855568
24,1,6,0,1,91,1165485809855568
24,1,6,0,1,92,1165485809855568
24,1,6,0,1,93,1165485809855568
24,1,6,0,1,94,1165485809855568
24,1,6,0,1,95,1165485809855568
24,1,6,0,1,96,1165485809855568
24,1,6,0,1,97,1165485809855568
24,1,6,0,1,98,1165485809855568
24,1,6,0,1,99,1165485809855568
25,1,6,0,3,0,1165485809855568
25,1,6,0,3,1,1165485809855568
25,1,6,0,3,2,1165485809855568
25,1,6,0,3,3,1165485809855568
25,1,6,0,3,4,1165485809855568
25,1,6,0,3,5,1165485809855568
25,1,6,0,3,6,1165485809855568
25,1,6,0,3,7,1165485809855568
25,1,6,0,3,8,1165485809855568
25,1,6,0,3,9,1165485809855568
25,1,6,0,3,10,1165485809855568
25,1,6,0,3,11,1165485809855568
25,1,6,0,3,12,1165485809855568
25,1,6,0,3,13,1165485809855568
25,1,6,0,3,14,1165485809855568
25,1,6,0,3,15,1165485809855568
25,1,6,0,3,16,1165485809855568
25,1,6,0,3,17,1165485809855568
25,1,6,0,3,18,1165485809855568
25,1,6,0,3,19,1165485809855568
25,1,6,0,3,20,1165485809855568
25,1,6,0,3,21,1165485809855568
25,1,6,0,3,22,1165485809855568
25,1,6,0,3,23,1165485809855568
25,1,6,0,3,24,1165485809855568
25,1,6,0,3,25,1165485809855568
25,1,6,0,3,26,1165485809855568
25,1,6,0,3,27,1165485809855568
25,1,6,0,3,28,1165485809855568
25,1,6,0,3,29,1165485809855568
25,1,6,0,3,30,1165485809855568
25,1,6,0,3,31,1165485809855568
25,1,6,0,3,32,1165485809855568
25,1,6,0,3,33,1165485809855568
25,1,6,0,3,34,1165485809855568
25,1,6,0,3,35,1165485809855568
25,1,6,0,3,36,1165485809855568
25,1,6,0,3,37,1165485809855568
25,1,6,0,3,38,1165485809855568
25,1,6,0,3,39,1165485809855568
25,1,6,0,3,40,1165485809855568
25,1,6,0,3,41,1165485809855568
25,1,6,0,3,42,1165485809855568
25,1,6,0,3,43,1165485809855568
25,1,6,0,3,44,1165485809855568
25,1,6,0,3,45,1165485809855568
25,1,6,0,3,46,1165485809855568
25,1,6,0,3,47,1165485809855568
25,1,6,0,3,48,1165485809855568
25,1,6,0,3,49,1165485809855568
25,1,6,0,3,50,1165485809855568
25,1,6,0,3,51,1165485809855568
25,1,6,0,3,52,1165485809855568
25,1,6,0,3,53,1165485809855568
25,1,6,0,3,54,1165485809855568
25,1,6,0,3,55,1165485809855568
25,1,6,0,3,56,1165485809855568
25,1,6,0,3,57,1165485809855568
25,1,6,0,3,58,1165485809855568
25,1,6,0,3,59,1165485809855568
25,1,6,0,3,60,1165485809855568
25,1,6,0,3,61,1165485809855568
25,1,6,0,3,62,1165485809855568
25,1,6,0,3,63,1165485809855568
25,1,6,0,3,64,1165485809855568
25,1,6,0,3,65,1165485809855568
25,1,6,0,3,66,1165485809855568
25,1,6,0,3,67,1165485809855568
25,1,6,0,3,68,1165485809855568
25,1,6,0,3,69,1165485809855568
25,1,6,0,3,70,1165485809855568
25,1,6,0,3,71,1165485809855568
25,1,6,0,3,72,1165485809855568
25,1,6,0,3,73,1165485809855568
25,1,6,0,3,74,1165485809855568
25,1,6,0,3,75,1165485809855568
25,1,6,0,3,76,1165485809855568
25,1,6,0,3,77,1165485809855568
25,1,6,0,3,78,1165485809855568
25,1,6,0,3,79,1165485809855568
25,1,6,0,3,80,1165485809855568
25,1,6,0,3,81,1165485809855568
25,1,6,0,3,82,1165485809855568
25,1,6,0,3,83,1165485809855568
25,1,6,0,3,84,1165485809855568
25,1,6,0,3,85,1165485809855568
25,1,6,0,3,86,1165485809855568
25,1,6,0,3,87,1165485809855568
25,1,6,0,3,88,1165485809855568
25,1,6,0,3,89,1165485809855568
25,1,6,0,3,90,1165485809855568
25,1,6,0,3,91,1165485809855568
25,1,6,0,3,92,1165485809855568
25,1,6,0,3,93,1165485809855568
25,1,6,0,3,94,1165485809855568
25,1,6,0,3,95,1165485809855568
25,1,6,0,3,96,1165485809855568
25,1,6,0,3,97,1165485809855568
25,1,6,0,3,98,1165485809855568
25,1,6,0,3,99,1165485809855568
26,1,6,0,5,0,17049770643169471706
26,1,6,0,5,1,17049770643169471706
26,1,6,0,5,2,17049770643165277402
26,1,6,0,5,3,17049770643169471706
26,1,6,0,5,4,17049770643165277402
26,1,6,0,5,5,17049770643169471706
26,1,6,0,5,6,17049770643169471706
26,1,6,0,5,7,17049770643169471706
26,1,6,0,5,8,17049770643169471706
26,1,6,0,5,9,17049770643165277402
26,1,6,0,5,10,17049770643165277402
26,1,6,0,5,11,17049770643169471706
26,1,6,0,5,12,17049770643169471706
26,1,6,0,5,13,17049770643169471706
26,1,6,0,5,14,17049770643165277402
26,1,6,0,5,15,17049770643165277402
26,1,6,0,5,16,17049770643165277402
26,1,6,0,5,17,17049770643169471706
26,1,6,0,5,18,17049770643165277402
26,1,6,0,5,19,17049770643165277402
26,1,6,0,5,20,17049770643169471706
26,1,6,0,5,21,17049770643169471706
26,1,6,0,5,22,17049770643169471706
26,1,6,0,5,23,17049770643169471706
26,1,6,0,5,24,17049770643165277402
26,1,6,0,5,25,17049770643169471706
26,1,6,0,5,26,17049770643165277402
26,1,6,0,5,27,17049770643165277402
26,1,6,0,5,28,17049770643169471706
26,1,6,0,5,29,17049770643169471706
26,1,6,0,5,30,17049770643169471706
26,1,6,0,5,31,17049770643169471706
26,1,6,0,5,32,17049770643169471706
26,1,6,0,5,33,17049770643165277402
26,1,6,0,5,34,17049770643165277402
26,1,6,0,5,35,17049770643165277402
26,1,6,0,5,36,17049770643165277402
26,1,6,0,5,37,17049770643169471706
26,1,6,0,5,38,17049770643169471706
26,1,6,0,5,39,17049770643165277402
26,1,6,0,5,40,17049770643169471706
26,1,6,0,5,41,17049770643169471706
26,1,6,0,5,42,17049770643165277402
26,1,6,0,5,43,17049770643169471706
26,1,6,0,5,44,17049770643169471706
26,1,6,0,5,45,17049770643165277402
26,1,6,0,5,46,17049770643169471706
26,1,6,0,5,47,17049770643169471706
26,1,6,0,5,48,17049770643165277402
26,1,6,0,5,49,17049770643165277402
26,1,6,0,5,50,17049770643169471706
26,1,6,0,5,51,17049770643165277402
26,1,6,0,5,52,17049770643165277402
26,1,6,0,5,53,17049770643165277402
26,1,6,0,5,54,17049770643169471706
26,1,6,0,5,55,17049770643165277402
26,1,6,0,5,56,17049770643165277402
26,1,6,0,5,57,17049770643165277402
26,1,6,0,5,58,17049770643169471710
26,1,6,0,5,59,17049770643169471706
26,1,6,0,5,60,17049770643169471706
26,1,6,0,5,61,17049770643169471706
26,1,6,0,5,62,17049770643169471706
26,1,6,0,5,63,17049770643169471706
26,1,6,0,5,64,17049770643165277402
26,1,6,0,5,65,17049770643165277402
26,1,6,0,5,66,17049770643165277402
26,1,6,0,5,67,17049770643165277402
26,1,6,0,5,68,17049770643169471706
26,1,6,0,5,69,17049770643165277402
26,1,6,0,5,70,17049770643165277402
26,1,6,0,5,71,17049770643169471706
26,1,6,0,5,72,17049770643169471706
26,1,6,0,5,73,17049770643165277402
26,1,6,0,5,74,17049770643165277402
26,1,6,0,5,75,17049770643165277402
26,1,6,0,5,76,17049770643169471706
26,1,6,0,5,77,17049770643165277402
26,1,6,0,5,78,17049770643165277402
26,1,6,0,5,79,17049770643165277402
26,1,6,0,5,80,17049770643169471706
26,1,6,0,5,81,17049770643169471706
26,1,6,0,5,82,17049770643169471706
26,1,6,0,5,83,17049770643165277402
26,1,6,0,5,84,17049770643165277402
26,1,6,0,5,85,17049770643169471706
26,1,6,0,5,86,17049770643169471706
26,1,6,0,5,87,17049770643169471706
26,1,6,0,5,88,17049770643169471706
26,1,6,0,5,89,17049770643165277402
26,1,6,0,5,90,17049770643169471706
26,1,6,0,5,91,17049770643165277402
26,1,6,0,5,92,17049770643165277402
26,1,6,0,5,93,17049770643169471706
26,1,6,0,5,94,17049770643169471706
26,1,6,0,5,95,17049770643169471706
26,1,6,0,5,96,17049770643169471706
26,1,6,0,5,97,17049770643165277402
26,1,6,0,5,98,17049770643169471706
26,1,6,0,5,99,17049770643169471706
27,1,6,0,7,0,17049559536931695834
27,1,6,0,7,1,12437873518504307930
27,1,6,0,7,2,12437873518504307930
27,1,6,0,7,3,17049559536931695834
27,1,6,0,7,4,17049559536931695834
27,1,6,0,7,5,12437873518504307930
27,1,6,0,7,6,12437873518504307930
27,1,6,0,7,7,17049559536931695834
27,1,6,0,7,8,17049559536931695834
27,1,6,0,7,9,12437873518504307930
27,1,6,0,7,10,17049559536931695834
27,1,6,0,7,11,17049559536931695834
27,1,6,0,7,12,17049559536931695834
27,1,6,0,7,13,17049559536931695834
27,1,6,0,7,14,17049559536931695834
27,1,6,0,7,15,17049559536931695834
27,1,6,0,7,16,17049559536931695834
27,1,6,0,7,17,17049559536931695834
27,1,6,0,7,18,17049559536931695834
27,1,6,0,7,19,17049559536931695834
27,1,6,0,7,20,12437873518504307930
27,1,6,0,7,21,17049559536931695834
27,1,6,0,7,22,11861412766200884442
27,1,6,0,7,23,12437873518504307930
27,1,6,0,7,24,17049559536931695834
27,1,6,0,7,25,17049559536931695834
27,1,6,0,7,26,17049559536931695834
27,1,6,0,7,27,17049559536931695834
27,1,6,0,7,28,12437873518504307930
27,1,6,0,7,29,17049559536931695834
27,1,6,0,7,30,17049559536931695834
27,1,6,0,7,31,17049559536931695834
27,1,6,0,7,32,12437873518504307930
27,1,6,0,7,33,17049559536931695834
27,1,6,0,7,34,17049559536931695834
27,1,6,0,7,35,17049559536931695834
27,1,6,0,7,36,17049559536931695834
27,1,6,0,7,37,12437873518504307930
27,1,6,0,7,38,17049559536931695834
27,1,6,0,7,39,12437873518504307930
27,1,6,0,7,40,17049559536931695834
27,1,6,0,7,41,17049559536931695834
27,1,6,0,7,42,17049559536931695834
27,1,6,0,7,43,17049559536931695834
27,1,6,0,7,44,17049559536931695834
27,1,6,0,7,45,17049559536931695834
27,1,6,0,7,46,17049559536931695834
27,1,6,0,7,47,17049559536931695834
27,1,6,0,7,48,17049559536931695834
27,1,6,0,7,49,17049559536931695834
27,1,6,0,7,50,17049559536931695834
27,1,6,0,7,51,17049559536931695834
27,1,6,0,7,52,17049559536931695834
27,1,6,0,7,53,17049559536931695834
27,1,6,0,7,54,17049559536931695834
27,1,6,0,7,55,17049559536931695834
27,1,6,0,7,56,17049559536931695834
27,1,6,0,7,57,17049559536931695834
27,1,6,0,7,58,17049559536931695834
27,1,6,0,7,59,17049559536931695834
27,1,6,0,7,60,17049559536931695834
27,1,6,0,7,61,17049559536931695834
27,1,6,0,7,62,17049559536931695834
27,1,6,0,7,63,17049559536931695834
27,1,6,0,7,64,17049559536931695834
27,1,6,0,7,65,17049559536931695834
27,1,6,0,7,66,12437873518504307930
27,1,6,0,7,67,17049559536931695834
27,1,6,0,7,68,17049559536931695834
27,1,6,0,7,69,12437873518504307930
27,1,6,0,7,70,17049559536931695834
27,1,6,0,7,71,17049559536931695834
27,1,6,0,7,72,17049559536931695834
27,1,6,0,7,73,17049559536931695834
27,1,6,0,7,74,17049559536931695834
27,1,6,0,7,75,17049559536931695834
27,1,6,0,7,76,17049559536931695834
27,1,6,0,7,77,12437873518504307930
27,1,6,0,7,78,17049559536931695834
27,1,6,0,7,79,17049559536931695834
27,1,6,0,7,80,17049559536931695834
27,1,6,0,7,81,17049559536931695834
27,1,6,0,7,82,17049559536931695834
27,1,6,0,7,83,17049559536931695834
27,1,6,0,7,84,17049559536931695834
27,1,6,0,7,85,12437873518504307930
27,1,6,0,7,86,12437873518504307930
27,1,6,0,7,87,12437873518504307930
27,1,6,0,7,88,12437873518504307930
27,1,6,0,7,89,17049559536931695834
27,1,6,0,7,90,17049559536931695834
27,1,6,0,7,91,17049559536931695834
27,1,6,0,7,92,17049559536931695834
27,1,6,0,7,93,17049559536931695834
27,1,6,0,7,94,12437873518504307930
27,1,6,0,7,95,17049559536931695834
27,1,6,0,7,96,12437873518504307930
27,1,6,0,7,97,17049559536931695834
27,1,6,0,7,98,17049559536931695834
27,1,6,0,7,99,12437873518504307930
28,1,7,0,0,0,18446704488008687551
28,1,7,0,0,1,18446704488008687551
28,1,7,0,0,2,18446704488008687551
28,1,7,0,0,3,18446704488008753087
28,1,7,0,0,4,18446704488008687551
28,1,7,0,0,5,18446704488008687551
28,1,7,0,0,6,18446704488008687551
28,1,7,0,0,7,18446704488008687551
28,1,7,0,0,8,18446704488008687551
28,1,7,0,0,9,18446704488008753087
28,1,7,0,0,10,18446704488008687551
28,1,7,0,0,11,18446704488008687535
28,1,7,0,0,12,18446704488008753087
28,1,7,0,0,13,18446704488008687551
28,1,7,0,0,14,18446704488008687551
28,1,7,0,0,15,18446704488008687551
28,1,7,0,0,16,18446704488008687551
28,1,7,0,0,17,18446704488008687551
28,1,7,0,0,18,18446704488008687551
28,1,7,0,0,19,18446704488008687551
28,1,7,0,0,20,18446704488008753087
28,1,7,0,0,21,18446704488008753087
28,1,7,0,0,22,18446704488008687551
28,1,7,0,0,23,18446704488008687551
28,1,7,0,0,24,18446704488008687551
28,1,7,0,0,25,18446704488008687551
28,1,7,0,0,26,18446704488008687551
28,1,7,0,0,27,18446704488008687535
28,1,7,0,0,28,18446704488008687551
28,1,7,0,0,29,18446704488008687551
28,1,7,0,0,30,18446704488008753087
28,1,7,0,0,31,18446704488008753087
28,1,7,0,0,32,18446704488008687551
28,1,7,0,0,33,18446704488008753087
28,1,7,0,0,34,18446704488008687551
28,1,7,0,0,35,18446704488008753087
28,1,7,0,0,36,18446704488008753087
28,1,7,0,0,37,18446704488008753087
28,1,7,0,0,38,18446704488008687551
28,1,7,0,0,39,18446704488008687551
28,1,7,0,0,40,18446704488008753087
28,1,7,0,0,41,18446704488008687551
28,1,7,0,0,42,18446704488008753087
28,1,7,0,0,43,18446704488008753087
28,1,7,0,0,44,18446704488008753087
28,1,7,0,0,45,18446704488008753087
28,1,7,0,0,46,18446704488008687551
28,1,7,0,0,47,18446704488008687551
28,1,7,0,0,48,18446704488008687551
28,1,7,0,0,49,18446704488008687551
28,1,7,0,0,50,18446704488008687551
28,1,7,0,0,51,18446704488008753087
28,1,7,0,0,52,18446704488008687551
28,1,7,0,0,53,18446704488008753087
28,1,7,0,0,54,18446704488008687551
28,1,7,0,0,55,18446704488008687551
28,1,7,0,0,56,18446704488008753087
28,1,7,0,0,57,18446704488008687551
28,1,7,0,0,58,18446704488008753087
28,1,7,0,0,59,18446704488008687535
28,1,7,0,0,60,18446704488008753087
28,1,7,0,0,61,18446704488008687551
28,1,7,0,0,62,18446704488008687551
28,1,7,0,0,63,18446704488008687551
28,1,7,0,0,64,18446704488008753087
28,1,7,0,0,65,18446704488008687551
28,1,7,0,0,66,18446704488008753087
28,1,7,0,0,67,18446704488008687551
28,1,7,0,0,68,18446704488008687551
28,1,7,0,0,69,18446704488008687551
28,1,7,0,0,70,18446704488008687551
28,1,7,0,0,71,18446704488008753087
28,1,7,0,0,72,18446704488008687551
28,1,7,0,0,73,18446704488008687551
28,1,7,0,0,74,18446704488008753087
28,1,7,0,0,75,18446704488008687551
28,1,7,0,0,76,18446704488008687551
28,1,7,0,0,77,18446704488008687551
28,1,7,0,0,78,18446704488008687551
28,1,7,0,0,79,18446704488008753087
28,1,7,0,0,80,18446704488008687551
28,1,7,0,0,81,18446704488008753087
28,1,7,0,0,82,18446704488008753087
28,1,7,0,0,83,18446704488008687551
28,1,7,0,0,84,18446704488008687551
28,1,7,0,0,85,18446704488008753087
28,1,7,0,0,86,18446704488008687551
28,1,7,0,0,87,18446704488008753087
28,1,7,0,0,88,18446704488008687551
28,1,7,0,0,89,18446704488008687551
28,1,7,0,0,90,18446704488008687551
28,1,7,0,0,91,18446704488008753087
28,1,7,0,0,92,18446704488008753087
28,1,7,0,0,93,18446704488008687551
28,1,7,0,0,94,18446704488008687551
28,1,7,0,0,95,18446704488008753087
28,1,7,0,0,96,18446704488008687551
28,1,7,0,0,97,18446704488008687551
28,1,7,0,0,98,18446704488008687551
28,1,7,0,0,99,18446704488008687551
29,1,7,0,2,0,6915008942701288360
29,1,7,0,2,1,6915008942701288360
29,1,7,0,2,2,6915008942701288360
29,1,7,0,2,3,6338548190397864872
29,1,7,0,2,4,6338548190397864872
29,1,7,0,2,5,6915008942701288360
29,1,7,0,2,6,6338548190397864872
29,1,7,0,2,7,6915008942701288360
29,1,7,0,2,8,6338548190397864872
29,1,7,0,2,9,6915008942701288360
29,1,7,0,2,10,6915008942701288360
29,1,7,0,2,11,6915008942701288360
29,1,7,0,2,12,6915008942701288360
29,1,7,0,2,13,6338548190397864872
29,1,7,0,2,14,6338548190397864872
29,1,7,0,2,15,6338548190397864872
29,1,7,0,2,16,6915008942701288360
29,1,7,0,2,17,6338548190397864872
29,1,7,0,2,18,6194433002322009000
29,1,7,0,2,19,6338548190397864872
29,1,7,0,2,20,6915008942701288360
29,1,7,0,2,21,6915008942701288360
29,1,7,0,2,22,6915008942701288360
29,1,7,0,2,23,6338548190397864872
29,1,7,0,2,24,6338548190397862824
29,1,7,0,2,25,6915008942701288360
29,1,7,0,2,26,6338548190397864872
29,1,7,0,2,27,6338548190397864872
29,1,7,0,2,28,6338548190397864872
29,1,7,0,2,29,6338548190397864872
29,1,7,0,2,30,6338548190397862824
29,1,7,0,2,31,6915008942701288360
29,1,7,0,2,32,6338548190397864872
29,1,7,0,2,33,6915008942701288360
29,1,7,0,2,34,6338548190397864872
29,1,7,0,2,35,6915008942701288360
29,1,7,0,2,36,6915008942701288360
29,1,7,0,2,37,6915008942701288360
29,1,7,0,2,38,6338548190397864872
29,1,7,0,2,39,6338548190397864872
29,1,7,0,2,40,6338548190397864872
29,1,7,0,2,41,6338548190397864872
29,1,7,0,2,42,6338548190397864872
29,1,7,0,2,43,6915008942701288360
29,1,7,0,2,44,6338548190397864872
29,1,7,0,2,45,6338548190397864872
29,1,7,0,2,46,6915008942701288360
29,1,7,0,2,47,6338548190397864872
29,1,7,0,2,48,6338548190397864872
29,1,7,0,2,49,6338548190397864872
29,1,7,0,2,50,6338548190397864872
29,1,7,0,2,51,6338548190397864872
29,1,7,0,2,52,6338548190397864872
29,1,7,0,2,53,6915008942701288360
29,1,7,0,2,54,6338548190397864872
29,1,7,0,2,55,6338548190397864872
29,1,7,0,2,56,6915008942701288360
29,1,7,0,2,57,6915008942701288360
29,1,7,0,2,58,6338548190397864872
29,1,7,0,2,59,6915008942701288360
29,1,7,0,2,60,6338548190397864872
29,1,7,0,2,61,6338548190397864872
29,1,7,0,2,62,6915008942701288360
29,1,7,0,2,63,6915008942701288360
29,1,7,0,2,64,6915008942701288360
29,1,7,0,2,65,6915008942701288360
29,1,7,0,2,66,6338548190397864872
29,1,7,0,2,67,6915008942701288360
29,1,7,0,2,68,6338548190397864872
29,1,7,0,2,69,6338548190397864872
29,1,7,0,2,70,6338548190397864872
29,1,7,0,2,71,6915008942701288360
29,1,7,0,2,72,6915008942701288360
29,1,7,0,2,73,6338548190397864872
29,1,7,0,2,74,6338548190397864872
29,1,7,0,2,75,6338548190397862824
29,1,7,0,2,76,6338548190397864872
29,1,7,0,2,77,6338548190397864872
29,1,7,0,2,78,6338548190397864872
29,1,7,0,2,79,6915008942701288360
29,1,7,0,2,80,6338548190397864872
29,1,7,0,2,81,6915008942701288360
29,1,7,0,2,82,6338548190397862824
29,1,7,0,2,83,6915008942701288360
29,1,7,0,2,84,6338548190397864872
29,1,7,0,2,85,6338548190397864872
29,1,7,0,2,86,6915008942701288360
29,1,7,0,2,87,6338548190397864872
29,1,7,0,2,88,6915008942701288360
29,1,7,0,2,89,6915008942701288360
29,1,7,0,2,90,6338548190397864872
29,1,7,0,2,91,6338548190397864872
29,1,7,0,2,92,6915008942701288360
29,1,7,0,2,93,6915008942701288360
29,1,7,0,2,94,6915008942701288360
29,1,7,0,2,95,6915008942701288360
29,1,7,0,2,96,6915008942701288360
29,1,7,0,2,97,6915008942701288360
29,1,7,0,2,98,6915008942701288360
29,1,7,0,2,99,6338548190397864872
30,1,7,0,4,0,18446704488008753087
30,1,7,0,4,1,18446704488008753087
30,1,7,0,4,2,18446704488008753087
30,1,7,0,4,3,18446704488008753087
30,1,7,0,4,4,18446704488008753087
30,1,7,0,4,5,18446704488008753087
30,1,7,0,4,6,18446704488008753087
30,1,7,0,4,7,18446704488008753087
30,1,7,0,4,8,18446704488008753087
30,1,7,0,4,9,18446704488008753087
30,1,7,0,4,10,18446704488008753087
30,1,7,0,4,11,18446704488008753087
30,1,7,0,4,12,18446704488008753087
30,1,7,0,4,13,18446704488008753087
30,1,7,0,4,14,18446704488008753087
30,1,7,0,4,15,18446704488008753087
30,1,7,0,4,16,18446704488008753087
30,1,7,0,4,17,18446704488008753087
30,1,7,0,4,18,18446704488008753087
30,1,7,0,4,19,18446704488008753087
30,1,7,0,4,20,18446704488008753087
30,1,7,0,4,21,18446704488008753087
30,1,7,0,4,22,18446704488008753087
30,1,7,0,4,23,18446704488008753087
30,1,7,0,4,24,18446704488008753087
30,1,7,0,4,25,18446704488008753087
30,1,7,0,4,26,18446704488008753087
30,1,7,0,4,27,18446704488008753087
30,1,7,0,4,28,18446704488008753087
30,1,7,0,4,29,18446704488008753087
30,1,7,0,4,30,18446704488008753087
30,1,7,0,4,31,18446704488008753087
30,1,7,0,4,32,18446704488008753087
30,1,7,0,4,33,18446704488008753087
30,1,7,0,4,34,18446704488008753087
30,1,7,0,4,35,18446704488008753087
30,1,7,0,4,36,18446704488008753087
30,1,7,0,4,37,18446704488008753087
30,1,7,0,4,38,18446704488008753087
30,1,7,0,4,39,18446704488008753087
30,1,7,0,4,40,18446704488008753087
30,1,7,0,4,41,18446704488008753087
30,1,7,0,4,42,18446704488008753087
30,1,7,0,4,43,18446704488008753087
30,1,7,0,4,44,18446704488008753087
30,1,7,0,4,45,18446704488008753087
30,1,7,0,4,46,18446704488008753087
30,1,7,0,4,47,18446704488008753087
30,1,7,0,4,48,18446704488008753087
30,1,7,0,4,49,18446704488008753087
30,1,7,0,4,50,18446704488008753087
30,1,7,0,4,51,18446704488008753087
30,1,7,0,4,52,18446704488008753087
30,1,7,0,4,53,18446704488008753087
30,1,7,0,4,54,18446704488008753087
30,1,7,0,4,55,18446704488008753087
30,1,7,0,4,56,18446704488008753087
30,1,7,0,4,57,18446704488008753087
30,1,7,0,4,58,18446704488008753087
30,1,7,0,4,59,18446704488008753087
30,1,7,0,4,60,18446704488008753087
30,1,7,0,4,61,18446704488008753087
30,1,7,0,4,62,18446704488008753087
30,1,7,0,4,63,18446704488008753087
30,1,7,0,4,64,18446704488008753087
30,1,7,0,4,65,18446704488008753087
30,1,7,0,4,66,18446704488008753087
30,1,7,0,4,67,18446704488008753087
30,1,7,0,4,68,18446704488008753087
30,1,7,0,4,69,18446704488008753087
30,1,7,0,4,70,18446704488008753087
30,1,7,0,4,71,18446704488008753087
30,1,7,0,4,72,18446704488008753087
30,1,7,0,4,73,18446704488008753087
30,1,7,0,4,74,18446704488008753087
30,1,7,0,4,75,18446704488008753087
30,1,7,0,4,76,18446704488008753087
30,1,7,0,4,77,18446704488008753087
30,1,7,0,4,78,18446704488008753087
30,1,7,0,4,79,18446704488008753087
30,1,7,0,4,80,18446704488008753087
30,1,7,0,4,81,18446704488008753087
30,1,7,0,4,82,18446704488008753087
30,1,7,0,4,83,18446704488008753087
30,1,7,0,4,84,18446704488008753087
30,1,7,0,4,85,18446704488008753087
30,1,7,0,4,86,18446704488008753087
30,1,7,0,4,87,18446704488008753087
30,1,7,0,4,88,18446704488008753087
30,1,7,0,4,89,18446704488008753087
30,1,7,0,4,90,18446704488008753087
30,1,7,0,4,91,18446704488008753087
30,1,7,0,4,92,18446704488008753087
30,1,7,0,4,93,18446704488008753087
30,1,7,0,4,94,18446704488008753087
30,1,7,0,4,95,18446704488008753087
30,1,7,0,4,96,18446704488008753087
30,1,7,0,4,97,18446704488008753087
30,1,7,0,4,98,18446704488008753087
30,1,7,0,4,99,18446704488008753087
31,1,7,0,6,0,18446475789321674664
31,1,7,0,6,1,18446475789321674664
31,1,7,0,6,2,18446475789321674664
31,1,7,0,6,3,18446475789321674664
31,1,7,0,6,4,18446475789321674664
31,1,7,0,6,5,18446475789321674664
31,1,7,0,6,6,18446475789321674664
31,1,7,0,6,7,18446475789321674664
31,1,7,0,6,8,18446475789321674664
31,1,7,0,6,9,18446475789321674664
31,1,7,0,6,10,18446475789321674664
31,1,7,0,6,11,18446475789321674664
31,1,7,0,6,12,18446475789321674664
31,1,7,0,6,13,18446475789321674664
31,1,7,0,6,14,18446475789321674664
31,1,7,0,6,15,18446475789321674664
31,1,7,0,6,16,18446475789321674664
31,1,7,0,6,17,18446475789321674664
31,1,7,0,6,18,18446475789321674664
31,1,7,0,6,19,18446475789321674664
31,1,7,0,6,20,18446475789321674664
31,1,7,0,6,21,18446475789321674664
31,1,7,0,6,22,18446475789321674664
31,1,7,0,6,23,18446475789321674664
31,1,7,0,6,24,18446475789321674664
31,1,7,0,6,25,18446475789321674664
31,1,7,0,6,26,18446475789321674664
31,1,7,0,6,27,18446475789321674664
31,1,7,0,6,28,18446475789321674664
31,1,7,0,6,29,18446475789321674664
31,1,7,0,6,30,18446475789321674664
31,1,7,0,6,31,18446475789321674664
31,1,7,0,6,32,18446475789321674664
31,1,7,0,6,33,18446475789321674664
31,1,7,0,6,34,18446475789321674664
31,1,7,0,6,35,18446475789321674664
31,1,7,0,6,36,18446475789321674664
31,1,7,0,6,37,18446475789321674664
31,1,7,0,6,38,18446475789321674664
31,1,7,0,6,39,18446475789321674664
31,1,7,0,6,40,18446475789321674664
31,1,7,0,6,41,18446475789321674664
31,1,7,0,6,42,18446475789321674664
31,1,7,0,6,43,18446475789321674664
31,1,7,0,6,44,18446475789321674664
31,1,7,0,6,45,18446475789321674664
31,1,7,0,6,46,18446475789321674664
31,1,7,0,6,47,18446475789321674664
31,1,7,0,6,48,18446475789321674664
31,1,7,0,6,49,18446475789321674664
31,1,7,0,6,50,18446475789321674664
31,1,7,0,6,51,18446475789321674664
31,1,7,0,6,52,18446475789321674664
31,1,7,0,6,53,18446475789321674664
31,1,7,0,6,54,18446475789321674664
31,1,7,0,6,55,18446475789321674664
31,1,7,0,6,56,18446475789321674664
31,1,7,0,6,57,18446475789321674664
31,1,7,0,6,58,18446475789321674664
31,1,7,0,6,59,18446475789321674664
31,1,7,0,6,60,18446475789321674664
31,1,7,0,6,61,18446475789321674664
31,1,7,0,6,62,18446475789321674664
31,1,7,0,6,63,18446475789321674664
31,1,7,0,6,64,18446475789321674664
31,1,7,0,6,65,18446475789321674664
31,1,7,0,6,66,18446475789321674664
31,1,7,0,6,67,18446475789321674664
31,1,7,0,6,68,18446475789321674664
31,1,7,0,6,69,18446475789321674664
31,1,7,0,6,70,18446475789321674664
31,1,7,0,6,71,18446475789321674664
31,1,7,0,6,72,18446475789321674664
31,1,7,0,6,73,18446475789321674664
31,1,7,0,6,74,18446475789321674664
31,1,7,0,6,75,18446475789321674664
31,1,7,0,6,76,18446475789321674664
31,1,7,0,6,77,18446475789321674664
31,1,7,0,6,78,18446475789321674664
31,1,7,0,6,79,18446475789321674664
31,1,7,0,6,80,18446475789321674664
31,1,7,0,6,81,18446475789321674664
31,1,7,0,6,82,18446475789321674664
31,1,7,0,6,83,18446475789321674664
31,1,7,0,6,84,18446475789321674664
31,1,7,0,6,85,18446475789321674664
31,1,7,0,6,86,18446475789321674664
31,1,7,0,6,87,18446475789321674664
31,1,7,0,6,88,18446475789321674664
31,1,7,0,6,89,18446475789321674664
31,1,7,0,6,90,18446475789321674664
31,1,7,0,6,91,18446475789321674664
31,1,7,0,6,92,18446475789321674664
31,1,7,0,6,93,18446475789321674664
31,1,7,0,6,94,18446475789321674664
31,1,7,0,6,95,18446475789321674664
31,1,7,0,6,96,18446475789321674664
31,1,7,0,6,97,18446475789321674664
31,1,7,0,6,98,18446475789321674664
31,1,7,0,6,99,18446475789321674664
32,2,0,0,0,0,18446744071562067455
32,2,0,0,0,1,18446744071562067455
32,2,0,0,0,2,18446744071562067455
32,2,0,0,0,3,18446744071562067455
32,2,0,0,0,4,18446744071562067455
32,2,0,0,0,5,18446744071562067455
32,2,0,0,0,6,18446744071562067455
32,2,0,0,0,7,18446744071562067455
32,2,0,0,0,8,18446744071562067455
32,2,0,0,0,9,18446744071562067455
32,2,0,0,0,10,18446744071562067455
32,2,0,0,0,11,18446744071562067455
32,2,0,0,0,12,18446744071562067455
32,2,0,0,0,13,18446744071562067455
32,2,0,0,0,14,18446744071562067455
32,2,0,0,0,15,18446744071562067455
32,2,0,0,0,16,18446744071562067455
32,2,0,0,0,17,18446744071562067455
32,2,0,0,0,18,18446744071562067455
32,2,0,0,0,19,18446744071562067455
32,2,0,0,0,20,18446744071562067455
32,2,0,0,0,21,18446744071562067455
32,2,0,0,0,22,18446744071562067455
32,2,0,0,0,23,18446744071562067455
32,2,0,0,0,24,18446744071562067455
32,2,0,0,0,25,18446744071562067455
32,2,0,0,0,26,18446744071562067455
32,2,0,0,0,27,18446744071562067455
32,2,0,0,0,28,18446744071562067455
32,2,0,0,0,29,18446744071562067455
32,2,0,0,0,30,18446744071562067455
32,2,0,0,0,31,18446744071562067455
32,2,0,0,0,32,18446744071562067455
32,2,0,0,0,33,18446744071562067455
32,2,0,0,0,34,18446744071562067455
32,2,0,0,0,35,18446744071562067455
32,2,0,0,0,36,18446744071562067455
32,2,0,0,0,37,18446744071562067455
32,2,0,0,0,38,18446744071562067455
32,2,0,0,0,39,18446744071562067455
32,2,0,0,0,40,18446744071562067455
32,2,0,0,0,41,18446744071562067455
32,2,0,0,0,42,18446744071562067455
32,2,0,0,0,43,18446744071562067455
32,2,0,0,0,44,18446744071562067455
32,2,0,0,0,45,18446744071562067455
32,2,0,0,0,46,18446744071562067455
32,2,0,0,0,47,18446744071562067455
32,2,0,0,0,48,18446744071562067455
32,2,0,0,0,49,18446744071562067455
32,2,0,0,0,50,18446744071562067455
32,2,0,0,0,51,18446744071562067455
32,2,0,0,0,52,18446744071562067455
32,2,0,0,0,53,18446744071562067455
32,2,0,0,0,54,18446744071562067455
32,2,0,0,0,55,18446744071562067455
32,2,0,0,0,56,18446744071562067455
32,2,0,0,0,57,18446744071562067455
32,2,0,0,0,58,18446744071562067455
32,2,0,0,0,59,18446744071562067455
32,2,0,0,0,60,18446744071562067455
32,2,0,0,0,61,18446744071562067455
32,2,0,0,0,62,18446744071562067455
32,2,0,0,0,63,18446744071562067455
32,2,0,0,0,64,18446744071562067455
32,2,0,0,0,65,18446744071562067455
32,2,0,0,0,66,18446744071562067455
32,2,0,0,0,67,18446744071562067455
32,2,0,0,0,68,18446744071562067455
32,2,0,0,0,69,18446744071562067455
32,2,0,0,0,70,18446744071562067455
32,2,0,0,0,71,18446744071562067455
32,2,0,0,0,72,18446744071562067455
32,2,0,0,0,73,18446744071562067455
32,2,0,0,0,74,18446744071562067455
32,2,0,0,0,75,18446744071562067455
32,2,0,0,0,76,18446744071562067455
32,2,0,0,0,77,18446744071562067455
32,2,0,0,0,78,18446744071562067455
32,2,0,0,0,79,18446744071562067455
32,2,0,0,0,80,18446744071562067455
32,2,0,0,0,81,18446744071562067455
32,2,0,0,0,82,18446744071562067455
32,2,0,0,0,83,18446744071562067455
32,2,0,0,0,84,18446744071562067455
32,2,0,0,0,85,18446744071562067455
32,2,0,0,0,86,18446744071562067455
32,2,0,0,0,87,18446744071562067455
32,2,0,0,0,88,18446744071562067455
32,2,0,0,0,89,18446744071562067455
32,2,0,0,0,90,18446744071562067455
32,2,0,0,0,91,18446744071562067455
32,2,0,0,0,92,18446744071562067455
32,2,0,0,0,93,18446744071562067455
32,2,0,0,0,94,18446744071562067455
32,2,0,0,0,95,18446744071562067455
32,2,0,0,0,96,18446744071562067455
32,2,0,0,0,97,18446744071562067455
32,2,0,0,0,98,18446744071562067455
32,2,0,0,0,99,18446744071562067455
33,2,0,0,2,0,18446744071562067453
33,2,0,0,2,1,18446744071562067453
33,2,0,0,2,2,18446744071562067453
33,2,0,0,2,3,18446744071562067453
33,2,0,0,2,4,18446744071562067453
33,2,0,0,2,5,18446744071562067453
33,2,0,0,2,6,18446744071562067453
33,2,0,0,2,7,18446744071562067453
33,2,0,0,2,8,18446744071562067453
33,2,0,0,2,9,18446744071562067453
33,2,0,0,2,10,18446744071562067455
33,2,0,0,2,11,18446744071562067455
33,2,0,0,2,12,18446744071562067453
33,2,0,0,2,13,18446744071562067453
33,2,0,0,2,14,18446744071562067453
33,2,0,0,2,15,18446744071562067455
33,2,0,0,2,16,18446744071562067455
33,2,0,0,2,17,18446744071562067453
33,2,0,0,2,18,18446744071562067453
33,2,0,0,2,19,18446744071562067453
33,2,0,0,2,20,18446744071562067453
33,2,0,0,2,21,18446744071562067453
33,2,0,0,2,22,18446744071562067453
33,2,0,0,2,23,18446744071562067453
33,2,0,0,2,24,18446744071562067453
33,2,0,0,2,25,18446744071562067455
33,2,0,0,2,26,18446744071562067453
33,2,0,0,2,27,18446744071562067455
33,2,0,0,2,28,18446744071562067453
33,2,0,0,2,29,18446744071562067453
33,2,0,0,2,30,18446744071562067455
33,2,0,0,2,31,18446744071562067453
33,2,0,0,2,32,18446744071562067453
33,2,0,0,2,33,18446744071562067453
33,2,0,0,2,34,18446744071562067453
33,2,0,0,2,35,18446744071562067455
33,2,0,0,2,36,18446744071562067453
33,2,0,0,2,37,18446744071562067455
33,2,0,0,2,38,18446744071562067455
33,2,0,0,2,39,18446744071562067455
33,2,0,0,2,40,18446744071562067453
33,2,0,0,2,41,18446744071562067453
33,2,0,0,2,42,18446744071562067453
33,2,0,0,2,43,18446744071562067453
33,2,0,0,2,44,18446744071562067453
33,2,0,0,2,45,18446744071562067453
33,2,0,0,2,46,18446744071562067453
33,2,0,0,2,47,18446744071562067453
33,2,0,0,2,48,18446744071562067453
33,2,0,0,2,49,18446744071562067455
33,2,0,0,2,50,18446744071562067453
33,2,0,0,2,51,18446744071562067455
33,2,0,0,2,52,18446744071562067453
33,2,0,0,2,53,18446744071562067455
33,2,0,0,2,54,18446744071562067455
33,2,0,0,2,55,18446744071562067453
33,2,0,0,2,56,18446744071562067455
33,2,0,0,2,57,18446744071562067453
33,2,0,0,2,58,18446744071562067453
33,2,0,0,2,59,18446744071562067453
33,2,0,0,2,60,18446744071562067453
33,2,0,0,2,61,18446744071562067453
33,2,0,0,2,62,18446744071562067453
33,2,0,0,2,63,18446744071562067453
33,2,0,0,2,64,18446744071562067453
33,2,0,0,2,65,18446744071562067453
33,2,0,0,2,66,18446744071562067453
33,2,0,0,2,67,18446744071562067453
33,2,0,0,2,68,18446744071562067453
33,2,0,0,2,69,18446744071562067453
33,2,0,0,2,70,18446744071562067455
33,2,0,0,2,71,18446744071562067453
33,2,0,0,2,72,18446744071562067455
33,2,0,0,2,73,18446744071562067453
33,2,0,0,2,74,18446744071562067455
33,2,0,0,2,75,18446744071562067453
33,2,0,0,2,76,18446744071562067453
33,2,0,0,2,77,18446744071562067453
33,2,0,0,2,78,18446744071562067453
33,2,0,0,2,79,18446744071562067455
33,2,0,0,2,80,18446744071562067453
33,2,0,0,2,81,18446744071562067453
33,2,0,0,2,82,18446744071562067453
33,2,0,0,2,83,18446744071562067453
33,2,0,0,2,84,18446744071562067453
33,2,0,0,2,85,18446744071562067455
33,2,0,0,2,86,18446744071562067453
33,2,0,0,2,87,18446744071562067453
33,2,0,0,2,88,18446744071562067455
33,2,0,0,2,89,18446744071562067453
33,2,0,0,2,90,18446744071562067453
33,2,0,0,2,91,18446744071562067455
33,2,0,0,2,92,18446744071562067455
33,2,0,0,2,93,18446744071562067453
33,2,0,0,2,94,18446744071562067453
33,2,0,0,2,95,18446744071562067455
33,2,0,0,2,96,18446744071562067453
33,2,0,0,2,97,18446744071562067455
33,2,0,0,2,98,18446744071562067453
33,2,0,0,2,99,18446744071562067453
34,2,0,0,4,0,18446744071562067455
34,2,0,0,4,1,18446744071562067455
34,2,0,0,4,2,18446744071562067455
34,2,0,0,4,3,18446744071562067455
34,2,0,0,4,4,18446744071562067455
34,2,0,0,4,5,18446744071562067455
34,2,0,0,4,6,18446744071562067455
34,2,0,0,4,7,18446744071562067455
34,2,0,0,4,8,18446744071562067455
34,2,0,0,4,9,18446744071562067455
34,2,0,0,4,10,18446744071562067455
34,2,0,0,4,11,18446744071562067455
34,2,0,0,4,12,18446744071562067455
34,2,0,0,4,13,18446744071562067455
34,2,0,0,4,14,18446744071562067455
34,2,0,0,4,15,18446744071562067455
34,2,0,0,4,16,18446744071562067455
34,2,0,0,4,17,18446744071562067455
34,2,0,0,4,18,18446744071562067455
34,2,0,0,4,19,18446744071562067455
34,2,0,0,4,20,18446744071562067455
34,2,0,0,4,21,18446744071562067455
34,2,0,0,4,22,18446744071562067455
34,2,0,0,4,23,18446744071562067455
34,2,0,0,4,24,18446744071562067455
34,2,0,0,4,25,18446744071562067455
34,2,0,0,4,26,18446744071562067455
34,2,0,0,4,27,18446744071562067455
34,2,0,0,4,28,18446744071562067455
34,2,0,0,4,29,18446744071562067455
34,2,0,0,4,30,18446744071562067455
34,2,0,0,4,31,18446744071562067455
34,2,0,0,4,32,18446744071562067455
34,2,0,0,4,33,18446744071562067455
34,2,0,0,4,34,18446744071562067455
34,2,0,0,4,35,18446744071562067455
34,2,0,0,4,36,18446744071562067455
34,2,0,0,4,37,18446744071562067455
34,2,0,0,4,38,18446744071562067455
34,2,0,0,4,39,18446744071562067455
34,2,0,0,4,40,18446744071562067455
34,2,0,0,4,41,18446744071562067455
34,2,0,0,4,42,18446744071562067455
34,2,0,0,4,43,18446744071562067455
34,2,0,0,4,44,18446744071562067455
34,2,0,0,4,45,18446744071562067455
34,2,0,0,4,46,18446744071562067455
34,2,0,0,4,47,18446744071562067455
34,2,0,0,4,48,18446744071562067455
34,2,0,0,4,49,18446744071562067455
34,2,0,0,4,50,18446744071562067455
34,2,0,0,4,51,18446744071562067455
34,2,0,0,4,52,18446744071562067455
34,2,0,0,4,53,18446744071562067455
34,2,0,0,4,54,18446744071562067455
34,2,0,0,4,55,18446744071562067455
34,2,0,0,4,56,18446744071562067455
34,2,0,0,4,57,18446744071562067455
34,2,0,0,4,58,18446744071562067455
34,2,0,0,4,59,18446744071562067455
34,2,0,0,4,60,18446744071562067455
34,2,0,0,4,61,18446744071562067455
34,2,0,0,4,62,18446744071562067455
34,2,0,0,4,63,18446744071562067455
34,2,0,0,4,64,18446744071562067455
34,2,0,0,4,65,18446744071562067455
34,2,0,0,4,66,18446744071562067455
34,2,0,0,4,67,18446744071562067455
34,2,0,0,4,68,18446744071562067455
34,2,0,0,4,69,18446744071562067455
34,2,0,0,4,70,18446744071562067455
34,2,0,0,4,71,18446744071562067455
34,2,0,0,4,72,18446744071562067455
34,2,0,0,4,73,18446744071562067455
34,2,0,0,4,74,18446744071562067455
34,2,0,0,4,75,18446744071562067455
34,2,0,0,4,76,18446744071562067455
34,2,0,0,4,77,18446744071562067455
34,2,0,0,4,78,18446744071562067455
34,2,0,0,4,79,18446744071562067455
34,2,0,0,4,80,18446744071562067455
34,2,0,0,4,81,18446744071562067455
34,2,0,0,4,82,18446744071562067455
34,2,0,0,4,83,18446744071562067455
34,2,0,0,4,84,18446744071562067455
34,2,0,0,4,85,18446744071562067455
34,2,0,0,4,86,18446744071562067455
34,2,0,0,4,87,18446744071562067455
34,2,0,0,4,88,18446744071562067455
34,2,0,0,4,89,18446744071562067455
34,2,0,0,4,90,18446744071562067455
34,2,0,0,4,91,18446744071562067455
34,2,0,0,4,92,18446744071562067455
34,2,0,0,4,93,18446744071562067455
34,2,0,0,4,94,18446744071562067455
34,2,0,0,4,95,18446744071562067455
34,2,0,0,4,96,18446744071562067455
34,2,0,0,4,97,18446744071562067455
34,2,0,0,4,98,18446744071562067455
34,2,0,0,4,99,18446744071562067455
35,2,0,0,6,0,18446744071562067455
35,2,0,0,6,1,18446744071562067455
35,2,0,0,6,2,18446744071562067455
35,2,0,0,6,3,18446744071562067455
35,2,0,0,6,4,18446744071562067455
35,2,0,0,6,5,18446744071562067455
35,2,0,0,6,6,18446744071562067455
35,2,0,0,6,7,18446744071562067455
35,2,0,0,6,8,18446744071562067455
35,2,0,0,6,9,18446744071562067455
35,2,0,0,6,10,18446744071562067455
35,2,0,0,6,11,18446744071562067455
35,2,0,0,6,12,18446744071562067455
35,2,0,0,6,13,18446744071562067455
35,2,0,0,6,14,18446744071562067455
35,2,0,0,6,15,18446744071562067455
35,2,0,0,6,16,18446744071562067455
35,2,0,0,6,17,18446744071562067455
35,2,0,0,6,18,18446744071562067455
35,2,0,0,6,19,18446744071562067455
35,2,0,0,6,20,18446744071562067455
35,2,0,0,6,21,18446744071562067455
35,2,0,0,6,22,18446744071562067455
35,2,0,0,6,23,18446744071562067455
35,2,0,0,6,24,18446744071562067455
35,2,0,0,6,25,18446744071562067455
35,2,0,0,6,26,18446744071562067455
35,2,0,0,6,27,18446744071562067455
35,2,0,0,6,28,18446744071562067455
35,2,0,0,6,29,18446744071562067455
35,2,0,0,6,30,18446744071562067455
35,2,0,0,6,31,18446744071562067455
35,2,0,0,6,32,18446744071562067455
35,2,0,0,6,33,18446744071562067455
35,2,0,0,6,34,18446744071562067455
35,2,0,0,6,35,18446744071562067455
35,2,0,0,6,36,18446744071562067455
35,2,0,0,6,37,18446744071562067455
35,2,0,0,6,38,18446744071562067455
35,2,0,0,6,39,18446744071562067455
35,2,0,0,6,40,18446744071562067455
35,2,0,0,6,41,18446744071562067455
35,2,0,0,6,42,18446744071562067455
35,2,0,0,6,43,18446744071562067455
35,2,0,0,6,44,18446744071562067455
35,2,0,0,6,45,18446744071562067455
35,2,0,0,6,46,18446744071562067455
35,2,0,0,6,47,18446744071562067455
35,2,0,0,6,48,18446744071562067455
35,2,0,0,6,49,18446744071562067455
35,2,0,0,6,50,18446744071562067455
35,2,0,0,6,51,18446744071562067455
35,2,0,0,6,52,18446744071562067455
35,2,0,0,6,53,18446744071562067455
35,2,0,0,6,54,18446744071562067455
35,2,0,0,6,55,18446744071562067455
35,2,0,0,6,56,18446744071562067455
35,2,0,0,6,57,18446744071562067455
35,2,0,0,6,58,18446744071562067455
35,2,0,0,6,59,18446744071562067455
35,2,0,0,6,60,18446744071562067455
35,2,0,0,6,61,18446744071562067455
35,2,0,0,6,62,18446744071562067455
35,2,0,0,6,63,18446744071562067455
35,2,0,0,6,64,18446744071562067455
35,2,0,0,6,65,18446744071562067455
35,2,0,0,6,66,18446744071562067455
35,2,0,0,6,67,18446744071562067455
35,2,0,0,6,68,18446744071562067455
35,2,0,0,6,69,18446744071562067455
35,2,0,0,6,70,18446744071562067455
35,2,0,0,6,71,18446744071562067455
35,2,0,0,6,72,18446744071562067455
35,2,0,0,6,73,18446744071562067455
35,2,0,0,6,74,18446744071562067455
35,2,0,0,6,75,18446744071562067455
35,2,0,0,6,76,18446744071562067455
35,2,0,0,6,77,18446744071562067455
35,2,0,0,6,78,18446744071562067455
35,2,0,0,6,79,18446744071562067455
35,2,0,0,6,80,18446744071562067455
35,2,0,0,6,81,18446744071562067455
35,2,0,0,6,82,18446744071562067455
35,2,0,0,6,83,18446744071562067455
35,2,0,0,6,84,18446744071562067455
35,2,0,0,6,85,18446744071562067455
35,2,0,0,6,86,18446744071562067455
35,2,0,0,6,87,18446744071562067455
35,2,0,0,6,88,18446744071562067455
35,2,0,0,6,89,18446744071562067455
35,2,0,0,6,90,18446744071562067455
35,2,0,0,6,91,18446744071562067455
35,2,0,0,6,92,18446744071562067455
35,2,0,0,6,93,18446744071562067455
35,2,0,0,6,94,18446744071562067455
35,2,0,0,6,95,18446744071562067455
35,2,0,0,6,96,18446744071562067455
35,2,0,0,6,97,18446744071562067455
35,2,0,0,6,98,18446744071562067455
35,2,0,0,6,99,18446744071562067455
36,2,1,0,1,0,2147491746
36,2,1,0,1,1,2147491746
36,2,1,0,1,2,2147491746
36,2,1,0,1,3,2147491746
36,2,1,0,1,4,2147491746
36,2,1,0,1,5,2147491746
36,2,1,0,1,6,2147491746
36,2,1,0,1,7,2147491746
36,2,1,0,1,8,2147491746
36,2,1,0,1,9,2147491746
36,2,1,0,1,10,2147491746
36,2,1,0,1,11,2147491746
36,2,1,0,1,12,2147491746
36,2,1,0,1,13,2147491746
36,2,1,0,1,14,2147491746
36,2,1,0,1,15,2147491746
36,2,1,0,1,16,2147491746
36,2,1,0,1,17,2147491746
36,2,1,0,1,18,2147491746
36,2,1,0,1,19,2147491746
36,2,1,0,1,20,2147491746
36,2,1,0,1,21,2147491746
36,2,1,0,1,22,2147491746
36,2,1,0,1,23,2147491746
36,2,1,0,1,24,2147491746
36,2,1,0,1,25,2147491746
36,2,1,0,1,26,2147491746
36,2,1,0,1,27,2147491746
36,2,1,0,1,28,2147491746
36,2,1,0,1,29,2147491746
36,2,1,0,1,30,2147491746
36,2,1,0,1,31,2147491746
36,2,1,0,1,32,2147491746
36,2,1,0,1,33,2147491746
36,2,1,0,1,34,2147491746
36,2,1,0,1,35,2147491746
36,2,1,0,1,36,2147491746
36,2,1,0,1,37,2147491746
36,2,1,0,1,38,2147491746
36,2,1,0,1,39,2147491746
36,2,1,0,1,40,2147491746
36,2,1,0,1,41,2147491746
36,2,1,0,1,42,2147491746
36,2,1,0,1,43,2147491746
36,2,1,0,1,44,2147491746
36,2,1,0,1,45,2147491746
36,2,1,0,1,46,2147491746
36,2,1,0,1,47,2147491746
36,2,1,0,1,48,2147491746
36,2,1,0,1,49,2147491746
36,2,1,0,1,50,2147491746
36,2,1,0,1,51,2147491746
36,2,1,0,1,52,2147491746
36,2,1,0,1,53,2147491746
36,2,1,0,1,54,2147491746
36,2,1,0,1,55,2147491746
36,2,1,0,1,56,2147491746
36,2,1,0,1,57,2147491746
36,2,1,0,1,58,2147491746
36,2,1,0,1,59,2147491746
36,2,1,0,1,60,2147491746
36,2,1,0,1,61,2147491746
36,2,1,0,1,62,2147491746
36,2,1,0,1,63,2147491746
36,2,1,0,1,64,2147491746
36,2,1,0,1,65,2147491746
36,2,1,0,1,66,2147491746
36,2,1,0,1,67,2147491746
36,2,1,0,1,68,2147491746
36,2,1,0,1,69,2147491746
36,2,1,0,1,70,2147491746
36,2,1,0,1,71,2147491746
36,2,1,0,1,72,2147491746
36,2,1,0,1,73,2147491746
36,2,1,0,1,74,2147491746
36,2,1,0,1,75,2147491746
36,2,1,0,1,76,2147491746
36,2,1,0,1,77,2147491746
36,2,1,0,1,78,2147491746
36,2,1,0,1,79,2147491746
36,2,1,0,1,80,2147491746
36,2,1,0,1,81,2147491746
36,2,1,0,1,82,2147491746
36,2,1,0,1,83,2147491746
36,2,1,0,1,84,2147491746
36,2,1,0,1,85,2147491746
36,2,1,0,1,86,2147491746
36,2,1,0,1,87,2147491746
36,2,1,0,1,88,2147491746
36,2,1,0,1,89,2147491746
36,2,1,0,1,90,2147491746
36,2,1,0,1,91,2147491746
36,2,1,0,1,92,2147491746
36,2,1,0,1,93,2147491746
36,2,1,0,1,94,2147491746
36,2,1,0,1,95,2147491746
36,2,1,0,1,96,2147491746
36,2,1,0,1,97,2147491746
36,2,1,0,1,98,2147491746
36,2,1,0,1,99,2147491746
37,2,1,0,3,0,2147491746
37,2,1,0,3,1,2147491746
37,2,1,0,3,2,2147491746
37,2,1,0,3,3,2147491746
37,2,1,0,3,4,2147491746
37,2,1,0,3,5,2147491746
37,2,1,0,3,6,2147491746
37,2,1,0,3,7,2147491746
37,2,1,0,3,8,2147491746
37,2,1,0,3,9,2147491746
37,2,1,0,3,10,2147491746
37,2,1,0,3,11,2147491746
37,2,1,0,3,12,2147491746
37,2,1,0,3,13,2147491746
37,2,1,0,3,14,2147491746
37,2,1,0,3,15,2147491746
37,2,1,0,3,16,2147491746
37,2,1,0,3,17,2147491746
37,2,1,0,3,18,2147491746
37,2,1,0,3,19,2147491746
37,2,1,0,3,20,2147491746
37,2,1,0,3,21,2147491746
37,2,1,0,3,22,2147491746
37,2,1,0,3,23,2147491746
37,2,1,0,3,24,2147491746
37,2,1,0,3,25,2147491746
37,2,1,0,3,26,2147491746
37,2,1,0,3,27,2147491746
37,2,1,0,3,28,2147491746
37,2,1,0,3,29,2147491746
37,2,1,0,3,30,2147491746
37,2,1,0,3,31,2147491746
37,2,1,0,3,32,2147491746
37,2,1,0,3,33,2147491746
37,2,1,0,3,34,2147491746
37,2,1,0,3,35,2147491746
37,2,1,0,3,36,2147491746
37,2,1,0,3,37,2147491746
37,2,1,0,3,38,2147491746
37,2,1,0,3,39,2147491746
37,2,1,0,3,40,2147491746
37,2,1,0,3,41,2147491746
37,2,1,0,3,42,2147491746
37,2,1,0,3,43,2147491746
37,2,1,0,3,44,2147491746
37,2,1,0,3,45,2147491746
37,2,1,0,3,46,2147491746
37,2,1,0,3,47,2147491746
37,2,1,0,3,48,2147491746
37,2,1,0,3,49,2147491746
37,2,1,0,3,50,2147491746
37,2,1,0,3,51,2147491746
37,2,1,0,3,52,2147491746
37,2,1,0,3,53,2147491746
37,2,1,0,3,54,2147491746
37,2,1,0,3,55,2147491746
37,2,1,0,3,56,2147491746
37,2,1,0,3,57,2147491746
37,2,1,0,3,58,2147491746
37,2,1,0,3,59,2147491746
37,2,1,0,3,60,2147491746
37,2,1,0,3,61,2147491746
37,2,1,0,3,62,2147491746
37,2,1,0,3,63,2147491746
37,2,1,0,3,64,2147491746
37,2,1,0,3,65,2147491746
37,2,1,0,3,66,2147491746
37,2,1,0,3,67,2147491746
37,2,1,0,3,68,2147491746
37,2,1,0,3,69,2147491746
37,2,1,0,3,70,2147491746
37,2,1,0,3,71,2147491746
37,2,1,0,3,72,2147491746
37,2,1,0,3,73,2147491746
37,2,1,0,3,74,2147491746
37,2,1,0,3,75,2147491746
37,2,1,0,3,76,2147491746
37,2,1,0,3,77,2147491746
37,2,1,0,3,78,2147491746
37,2,1,0,3,79,2147491746
37,2,1,0,3,80,2147491746
37,2,1,0,3,81,2147491746
37,2,1,0,3,82,2147491746
37,2,1,0,3,83,2147491746
37,2,1,0,3,84,2147491746
37,2,1,0,3,85,2147491746
37,2,1,0,3,86,2147491746
37,2,1,0,3,87,2147491746
37,2,1,0,3,88,2147491746
37,2,1,0,3,89,2147491746
37,2,1,0,3,90,2147491746
37,2,1,0,3,91,2147491746
37,2,1,0,3,92,2147491746
37,2,1,0,3,93,2147491746
37,2,1,0,3,94,2147491746
37,2,1,0,3,95,2147491746
37,2,1,0,3,96,2147491746
37,2,1,0,3,97,2147491746
37,2,1,0,3,98,2147491746
37,2,1,0,3,99,2147491746
38,2,1,0,5,0,289923626208075770
38,2,1,0,5,1,289923626208075770
38,2,1,0,5,2,289923626208075770
38,2,1,0,5,3,289923626208075770
38,2,1,0,5,4,289923626208075770
38,2,1,0,5,5,289923626208075770
38,2,1,0,5,6,289923626208075770
38,2,1,0,5,7,289923626208075770
38,2,1,0,5,8,289923626208075770
38,2,1,0,5,9,289923626208075770
38,2,1,0,5,10,289923626208075770
38,2,1,0,5,11,289923626208075770
38,2,1,0,5,12,289923626208075770
38,2,1,0,5,13,289923626208075770
38,2,1,0,5,14,289923626208075770
38,2,1,0,5,15,289923626208075770
38,2,1,0,5,16,289923626208075770
38,2,1,0,5,17,289923626208075770
38,2,1,0,5,18,289923626208075770
38,2,1,0,5,19,289923626208075770
38,2,1,0,5,20,289923626208075770
38,2,1,0,5,21,289923626208075770
38,2,1,0,5,22,289923626208075770
38,2,1,0,5,23,289923626208075770
38,2,1,0,5,24,289923626208075770
38,2,1,0,5,25,289923626208075770
38,2,1,0,5,26,289923626208075770
38,2,1,0,5,27,289923626208075770
38,2,1,0,5,28,289923626208075770
38,2,1,0,5,29,289923626208075770
38,2,1,0,5,30,289923626208075770
38,2,1,0,5,31,289923626208075770
38,2,1,0,5,32,289923626208075770
38,2,1,0,5,33,289923626208075770
38,2,1,0,5,34,289923626208075770
38,2,1,0,5,35,289923626208075770
38,2,1,0,5,36,289923626208075770
38,2,1,0,5,37,289923626208075770
38,2,1,0,5,38,289923626208075770
38,2,1,0,5,39,289923626208075770
38,2,1,0,5,40,289923626208075770
38,2,1,0,5,41,289923626208075770
38,2,1,0,5,42,289923626208075770
38,2,1,0,5,43,289923626208075770
38,2,1,0,5,44,289923626208075770
38,2,1,0,5,45,289923626208075770
38,2,1,0,5,46,289923626208075770
38,2,1,0,5,47,289923626208075770
38,2,1,0,5,48,289923626208075770
38,2,1,0,5,49,289923626208075770
38,2,1,0,5,50,289923626208075770
38,2,1,0,5,51,289923626208075770
38,2,1,0,5,52,289923626208075770
38,2,1,0,5,53,289923626208075770
38,2,1,0,5,54,289923626208075770
38,2,1,0,5,55,289923626208075770
38,2,1,0,5,56,289923626208075770
38,2,1,0,5,57,289923626208075770
38,2,1,0,5,58,289923626208075770
38,2,1,0,5,59,289923626208075770
38,2,1,0,5,60,289923626208075770
38,2,1,0,5,61,289923626208075770
38,2,1,0,5,62,289923626208075770
38,2,1,0,5,63,289923626208075770
38,2,1,0,5,64,289923626208075770
38,2,1,0,5,65,289923626208075770
38,2,1,0,5,66,289923626208075770
38,2,1,0,5,67,289923626208075770
38,2,1,0,5,68,289923626208075770
38,2,1,0,5,69,289923626208075770
38,2,1,0,5,70,289923626208075770
38,2,1,0,5,71,289923626208075770
38,2,1,0,5,72,289923626208075770
38,2,1,0,5,73,289923626208075770
38,2,1,0,5,74,289923626208075770
38,2,1,0,5,75,289923626208075770
38,2,1,0,5,76,289923626208075770
38,2,1,0,5,77,289923626208075770
38,2,1,0,5,78,289923626208075770
38,2,1,0,5,79,289923626208075770
38,2,1,0,5,80,289923626208075770
38,2,1,0,5,81,289923626208075770
38,2,1,0,5,82,289923626208075770
38,2,1,0,5,83,289923626208075770
38,2,1,0,5,84,289923626208075770
38,2,1,0,5,85,289923626208075770
38,2,1,0,5,86,289923626208075770
38,2,1,0,5,87,289923626208075770
38,2,1,0,5,88,289923626208075770
38,2,1,0,5,89,289923626208075770
38,2,1,0,5,90,289923626208075770
38,2,1,0,5,91,289923626208075770
38,2,1,0,5,92,289923626208075770
38,2,1,0,5,93,289923626208075770
38,2,1,0,5,94,289923626208075770
38,2,1,0,5,95,289923626208075770
38,2,1,0,5,96,289923626208075770
38,2,1,0,5,97,289923626208075770
38,2,1,0,5,98,289923626208075770
38,2,1,0,5,99,289923626208075770
39,2,1,0,7,0,2149588986
39,2,1,0,7,1,4400196100090
39,2,1,0,7,2,2149588986
39,2,1,0,7,3,2149588986
39,2,1,0,7,4,2149588986
39,2,1,0,7,5,2149588986
39,2,1,0,7,6,2149588986
39,2,1,0,7,7,4400196100090
39,2,1,0,7,8,2149588986
39,2,1,0,7,9,2149588986
39,2,1,0,7,10,2149588986
39,2,1,0,7,11,4400196100090
39,2,1,0,7,12,2149588986
39,2,1,0,7,13,2149588986
39,2,1,0,7,14,4400196100090
39,2,1,0,7,15,2149588986
39,2,1,0,7,16,2149588986
39,2,1,0,7,17,2149588986
39,2,1,0,7,18,2149588986
39,2,1,0,7,19,4400196100090
39,2,1,0,7,20,4400196100090
39,2,1,0,7,21,2149588986
39,2,1,0,7,22,4400196100090
39,2,1,0,7,23,2149588986
39,2,1,0,7,24,2149588986
39,2,1,0,7,25,2149588986
39,2,1,0,7,26,2149588986
39,2,1,0,7,27,4400196100090
39,2,1,0,7,28,2149588986
39,2,1,0,7,29,2149588986
39,2,1,0,7,30,2149588986
39,2,1,0,7,31,4400196100090
39,2,1,0,7,32,2149588986
39,2,1,0,7,33,4400196100090
39,2,1,0,7,34,2149588986
39,2,1,0,7,35,2149588986
39,2,1,0,7,36,4400196100090
39,2,1,0,7,37,2149588986
39,2,1,0,7,38,2149588986
39,2,1,0,7,39,2149588986
39,2,1,0,7,40,2149588986
39,2,1,0,7,41,2149588986
39,2,1,0,7,42,2149588986
39,2,1,0,7,43,2149588986
39,2,1,0,7,44,2149588986
39,2,1,0,7,45,2149588986
39,2,1,0,7,46,2149588986
39,2,1,0,7,47,4400196100090
39,2,1,0,7,48,2149588986
39,2,1,0,7,49,4400196100090
39,2,1,0,7,50,2149588986
39,2,1,0,7,51,4400196100090
39,2,1,0,7,52,2149588986
39,2,1,0,7,53,4400196100090
39,2,1,0,7,54,2149588986
39,2,1,0,7,55,2149588986
39,2,1,0,7,56,2149588986
39,2,1,0,7,57,2149588986
39,2,1,0,7,58,2149588986
39,2,1,0,7,59,4400196100090
39,2,1,0,7,60,4400196100090
39,2,1,0,7,61,4400196100090
39,2,1,0,7,62,4400196100090
39,2,1,0,7,63,4400196100090
39,2,1,0,7,64,2149588986
39,2,1,0,7,65,2149588986
39,2,1,0,7,66,2149588986
39,2,1,0,7,67,2149588986
39,2,1,0,7,68,2149588986
39,2,1,0,7,69,4400196100090
39,2,1,0,7,70,2149588986
39,2,1,0,7,71,4400196100090
39,2,1,0,7,72,2149588986
39,2,1,0,7,73,2149588986
39,2,1,0,7,74,2149588986
39,2,1,0,7,75,2149588986
39,2,1,0,7,76,2149588986
39,2,1,0,7,77,4400196100090
39,2,1,0,7,78,2149588986
39,2,1,0,7,79,2149588986
39,2,1,0,7,80,2149588986
39,2,1,0,7,81,2149588986
39,2,1,0,7,82,2149588986
39,2,1,0,7,83,4400196100090
39,2,1,0,7,84,2149588986
39,2,1,0,7,85,4400196100090
39,2,1,0,7,86,2149588986
39,2,1,0,7,87,2149588986
39,2,1,0,7,88,2149588986
39,2,1,0,7,89,4400196100090
39,2,1,0,7,90,2149588986
39,2,1,0,7,91,2149588986
39,2,1,0,7,92,2149588986
39,2,1,0,7,93,4400196100090
39,2,1,0,7,94,4400196100090
39,2,1,0,7,95,2149588986
39,2,1,0,7,96,2149588986
39,2,1,0,7,97,2149588986
39,2,1,0,7,98,4400196100090
39,2,1,0,7,99,2149588986
40,2,2,0,2,0,18446744071562067455
40,2,2,0,2,1,18446744071562067455
40,2,2,0,2,2,18446744071562067455
40,2,2,0,2,3,18446744071562067455
40,2,2,0,2,4,18446744071562067455
40,2,2,0,2,5,18446744071562067455
40,2,2,0,2,6,18446744071562067455
40,2,2,0,2,7,18446744071562067455
40,2,2,0,2,8,18446744071562067455
40,2,2,0,2,9,18446744071562067455
40,2,2,0,2,10,18446744071562067455
40,2,2,0,2,11,18446744071562067455
40,2,2,0,2,12,18446744071562067455
40,2,2,0,2,13,18446744071562067455
40,2,2,0,2,14,18446744071562067455
40,2,2,0,2,15,18446744071562067455
40,2,2,0,2,16,18446744071562067455
40,2,2,0,2,17,18446744071562067455
40,2,2,0,2,18,18446744071562067455
40,2,2,0,2,19,18446744071562067455
40,2,2,0,2,20,18446744071562067455
40,2,2,0,2,21,18446744071562067455
40,2,2,0,2,22,18446744071562067455
40,2,2,0,2,23,18446744071562067455
40,2,2,0,2,24,18446744071562067455
40,2,2,0,2,25,18446744071562067455
40,2,2,0,2,26,18446744071562067455
40,2,2,0,2,27,18446744071562067455
40,2,2,0,2,28,18446744071562067455
40,2,2,0,2,29,18446744071562067455
40,2,2,0,2,30,18446744071562067455
40,2,2,0,2,31,18446744071562067455
40,2,2,0,2,32,18446744071562067455
40,2,2,0,2,33,18446744071562067455
40,2,2,0,2,34,18446744071562067455
40,2,2,0,2,35,18446744071562067455
40,2,2,0,2,36,18446744071562067455
40,2,2,0,2,37,18446744071562067455
40,2,2,0,2,38,18446744071562067455
40,2,2,0,2,39,18446744071562067455
40,2,2,0,2,40,18446744071562067455
40,2,2,0,2,41,18446744071562067455
40,2,2,0,2,42,18446744071562067455
40,2,2,0,2,43,18446744071562067455
40,2,2,0,2,44,18446744071562067455
40,2,2,0,2,45,18446744071562067455
40,2,2,0,2,46,18446744071562067455
40,2,2,0,2,47,18446744071562067455
40,2,2,0,2,48,18446744071562067455
40,2,2,0,2,49,18446744071562067455
40,2,2,0,2,50,18446744071562067455
40,2,2,0,2,51,18446744071562067455
40,2,2,0,2,52,18446744071562067455
40,2,2,0,2,53,18446744071562067455
40,2,2,0,2,54,18446744071562067455
40,2,2,0,2,55,18446744071562067455
40,2,2,0,2,56,18446744071562067455
40,2,2,0,2,57,18446744071562067455
40,2,2,0,2,58,18446744071562067455
40,2,2,0,2,59,18446744071562067455
40,2,2,0,2,60,18446744071562067455
40,2,2,0,2,61,18446744071562067455
40,2,2,0,2,62,18446744071562067455
40,2,2,0,2,63,18446744071562067455
40,2,2,0,2,64,18446744071562067455
40,2,2,0,2,65,18446744071562067455
40,2,2,0,2,66,18446744071562067455
40,2,2,0,2,67,18446744071562067455
40,2,2,0,2,68,18446744071562067455
40,2,2,0,2,69,18446744071562067455
40,2,2,0,2,70,18446744071562067455
40,2,2,0,2,71,18446744071562067455
40,2,2,0,2,72,18446744071562067455
40,2,2,0,2,73,18446744071562067455
40,2,2,0,2,74,18446744071562067455
40,2,2,0,2,75,18446744071562067455
40,2,2,0,2,76,18446744071562067455
40,2,2,0,2,77,18446744071562067455
40,2,2,0,2,78,18446744071562067455
40,2,2,0,2,79,18446744071562067455
40,2,2,0,2,80,18446744071562067455
40,2,2,0,2,81,18446744071562067455
40,2,2,0,2,82,18446744071562067455
40,2,2,0,2,83,18446744071562067455
40,2,2,0,2,84,18446744071562067455
40,2,2,0,2,85,18446744071562067455
40,2,2,0,2,86,18446744071562067455
40,2,2,0,2,87,18446744071562067455
40,2,2,0,2,88,18446744071562067455
40,2,2,0,2,89,18446744071562067455
40,2,2,0,2,90,18446744071562067455
40,2,2,0,2,91,18446744071562067455
40,2,2,0,2,92,18446744071562067455
40,2,2,0,2,93,18446744071562067455
40,2,2,0,2,94,18446744071562067455
40,2,2,0,2,95,18446744071562067455
40,2,2,0,2,96,18446744071562067455
40,2,2,0,2,97,18446744071562067455
40,2,2,0,2,98,18446744071562067455
40,2,2,0,2,99,18446744071562067455
41,2,2,0,6,0,18446744071562067967
41,2,2,0,6,1,18446744071562067967
41,2,2,0,6,2,18446744073709551615
41,2,2,0,6,3,18446744071562067967
41,2,2,0,6,4,18446744071562067967
41,2,2,0,6,5,18446744071562067967
41,2,2,0,6,6,18446744071562067455
41,2,2,0,6,7,18446744071562067967
41,2,2,0,6,8,18446744071562067967
41,2,2,0,6,9,18446744071562067455
41,2,2,0,6,10,18446744071562067455
41,2,2,0,6,11,18446744071562067967
41,2,2,0,6,12,18446744071562067967
41,2,2,0,6,13,18446744071562067455
41,2,2,0,6,14,18446744071562067455
41,2,2,0,6,15,18446744071562067455
41,2,2,0,6,16,18446744071562067455
41,2,2,0,6,17,18446744071562067455
41,2,2,0,6,18,18446744071562067967
41,2,2,0,6,19,18446744071562067967
41,2,2,0,6,20,18446744071562067455
41,2,2,0,6,21,18446744071562067455
41,2,2,0,6,22,18446744071562067455
41,2,2,0,6,23,18446744071562067967
41,2,2,0,6,24,18446744071562067967
41,2,2,0,6,25,18446744071562067455
41,2,2,0,6,26,18446744071562067455
41,2,2,0,6,27,18446744071562067967
41,2,2,0,6,28,18446744071562067967
41,2,2,0,6,29,18446744071562067967
41,2,2,0,6,30,18446744071562067455
41,2,2,0,6,31,18446744071562067967
41,2,2,0,6,32,18446744071562067967
41,2,2,0,6,33,18446744071562067967
41,2,2,0,6,34,18446744071562067967
41,2,2,0,6,35,18446744071562067967
41,2,2,0,6,36,18446744071562067455
41,2,2,0,6,37,18446744071562067967
41,2,2,0,6,38,18446744071562067967
41,2,2,0,6,39,18446744071562067967
41,2,2,0,6,40,18446744071562067967
41,2,2,0,6,41,18446744071562067455
41,2,2,0,6,42,18446744071562067967
41,2,2,0,6,43,18446744071562067455
41,2,2,0,6,44,18446744071562067967
41,2,2,0,6,45,18446744071562067967
41,2,2,0,6,46,18446744071562067967
41,2,2,0,6,47,18446744071562067967
41,2,2,0,6,48,18446744071562067967
41,2,2,0,6,49,18446744071562067455
41,2,2,0,6,50,18446744071562067967
41,2,2,0,6,51,18446744071562067967
41,2,2,0,6,52,18446744071562067967
41,2,2,0,6,53,18446744071562067967
41,2,2,0,6,54,18446744071562067967
41,2,2,0,6,55,18446744071562067455
41,2,2,0,6,56,18446744071562067455
41,2,2,0,6,57,18446744071562067967
41,2,2,0,6,58,18446744071562067967
41,2,2,0,6,59,18446744071562067455
41,2,2,0,6,60,18446744071562067967
41,2,2,0,6,61,18446744071562067967
41,2,2,0,6,62,18446744071562067967
41,2,2,0,6,63,18446744071562067455
41,2,2,0,6,64,18446744071562067967
41,2,2,0,6,65,18446744071562067455
41,2,2,0,6,66,18446744071562067967
41,2,2,0,6,67,18446744071562067455
41,2,2,0,6,68,18446744071562067967
41,2,2,0,6,69,18446744071562067967
41,2,2,0,6,70,18446744071562067967
41,2,2,0,6,71,18446744071562067455
41,2,2,0,6,72,18446744071562067455
41,2,2,0,6,73,18446744071562067967
41,2,2,0,6,74,18446744071562067455
41,2,2,0,6,75,18446744071562067455
41,2,2,0,6,76,18446744071562067967
41,2,2,0,6,77,18446744071562067455
41,2,2,0,6,78,18446744071562067967
41,2,2,0,6,79,18446744071562067455
41,2,2,0,6,80,18446744071562067455
41,2,2,0,6,81,18446744071562067455
41,2,2,0,6,82,18446744071562067455
41,2,2,0,6,83,18446744071562067967
41,2,2,0,6,84,18446744071562067967
41,2,2,0,6,85,18446744071562067967
41,2,2,0,6,86,18446744071562067455
41,2,2,0,6,87,18446744071562067967
41,2,2,0,6,88,18446744071562067967
41,2,2,0,6,89,18446744071562067967
41,2,2,0,6,90,18446744071562067455
41,2,2,0,6,91,18446744071562067967
41,2,2,0,6,92,18446744071562067967
41,2,2,0,6,93,18446744071562067967
41,2,2,0,6,94,18446744071562067967
41,2,2,0,6,95,18446744071562067455
41,2,2,0,6,96,18446744071562067967
41,2,2,0,6,97,18446744071562067455
41,2,2,0,6,98,18446744071562067967
41,2,2,0,6,99,18446744071562067967
42,2,3,0,1,0,2147484544
42,2,3,0,1,1,2147484544
42,2,3,0,1,2,2147484544
42,2,3,0,1,3,2147484544
42,2,3,0,1,4,2147484544
42,2,3,0,1,5,2147484544
42,2,3,0,1,6,2147484544
42,2,3,0,1,7,2147484544
42,2,3,0,1,8,2147484544
42,2,3,0,1,9,2147484544
42,2,3,0,1,10,2147484544
42,2,3,0,1,11,2147484544
42,2,3,0,1,12,2147484544
42,2,3,0,1,13,2147484544
42,2,3,0,1,14,2147484544
42,2,3,0,1,15,2147484544
42,2,3,0,1,16,2147484544
42,2,3,0,1,17,2147484544
42,2,3,0,1,18,2147484544
42,2,3,0,1,19,2147484544
42,2,3,0,1,20,2147484544
42,2,3,0,1,21,2147484544
42,2,3,0,1,22,2147484544
42,2,3,0,1,23,2147484544
42,2,3,0,1,24,2147484544
42,2,3,0,1,25,2147484544
42,2,3,0,1,26,2147484544
42,2,3,0,1,27,2147484544
42,2,3,0,1,28,2147484544
42,2,3,0,1,29,2147484544
42,2,3,0,1,30,2147484544
42,2,3,0,1,31,2147484544
42,2,3,0,1,32,2147484544
42,2,3,0,1,33,2147484544
42,2,3,0,1,34,2147484544
42,2,3,0,1,35,2147484544
42,2,3,0,1,36,2147484544
42,2,3,0,1,37,2147484544
42,2,3,0,1,38,2147484544
42,2,3,0,1,39,2147484544
42,2,3,0,1,40,2147484544
42,2,3,0,1,41,2147484544
42,2,3,0,1,42,2147484544
42,2,3,0,1,43,2147484544
42,2,3,0,1,44,2147484544
42,2,3,0,1,45,2147484544
42,2,3,0,1,46,2147484544
42,2,3,0,1,47,2147484544
42,2,3,0,1,48,2147484544
42,2,3,0,1,49,2147484544
42,2,3,0,1,50,2147484544
42,2,3,0,1,51,2147484544
42,2,3,0,1,52,2147484544
42,2,3,0,1,53,2147484544
42,2,3,0,1,54,2147484544
42,2,3,0,1,55,2147484544
42,2,3,0,1,56,2147484544
42,2,3,0,1,57,2147484544
42,2,3,0,1,58,2147484544
42,2,3,0,1,59,2147484544
42,2,3,0,1,60,2147484544
42,2,3,0,1,61,2147484544
42,2,3,0,1,62,2147484544
42,2,3,0,1,63,2147484544
42,2,3,0,1,64,2147484544
42,2,3,0,1,65,2147484544
42,2,3,0,1,66,2147484544
42,2,3,0,1,67,2147484544
42,2,3,0,1,68,2147484544
42,2,3,0,1,69,2147484544
42,2,3,0,1,70,2147484544
42,2,3,0,1,71,2147484544
42,2,3,0,1,72,2147484544
42,2,3,0,1,73,2147484544
42,2,3,0,1,74,2147484544
42,2,3,0,1,75,2147484544
42,2,3,0,1,76,2147484544
42,2,3,0,1,77,2147484544
42,2,3,0,1,78,2147484544
42,2,3,0,1,79,2147484544
42,2,3,0,1,80,2147484544
42,2,3,0,1,81,2147484544
42,2,3,0,1,82,2147484544
42,2,3,0,1,83,2147484544
42,2,3,0,1,84,2147484544
42,2,3,0,1,85,2147484544
42,2,3,0,1,86,2147484544
42,2,3,0,1,87,2147484544
42,2,3,0,1,88,2147484544
42,2,3,0,1,89,2147484544
42,2,3,0,1,90,2147484544
42,2,3,0,1,91,2147484544
42,2,3,0,1,92,2147484544
42,2,3,0,1,93,2147484544
42,2,3,0,1,94,2147484544
42,2,3,0,1,95,2147484544
42,2,3,0,1,96,2147484544
42,2,3,0,1,97,2147484544
42,2,3,0,1,98,2147484544
42,2,3,0,1,99,2147484544
43,2,3,0,3,0,2147484544
43,2,3,0,3,1,2147484544
43,2,3,0,3,2,2147484544
43,2,3,0,3,3,2147484544
43,2,3,0,3,4,2147484544
43,2,3,0,3,5,2147484544
43,2,3,0,3,6,2147484544
43,2,3,0,3,7,2147484544
43,2,3,0,3,8,2147484544
43,2,3,0,3,9,2147484544
43,2,3,0,3,10,2147484544
43,2,3,0,3,11,2147484544
43,2,3,0,3,12,2147484544
43,2,3,0,3,13,2147484544
43,2,3,0,3,14,2147484544
43,2,3,0,3,15,2147484544
43,2,3,0,3,16,2147484544
43,2,3,0,3,17,2147484544
43,2,3,0,3,18,2147484544
43,2,3,0,3,19,2147484544
43,2,3,0,3,20,2147484544
43,2,3,0,3,21,2147484544
43,2,3,0,3,22,2147484544
43,2,3,0,3,23,2147484544
43,2,3,0,3,24,2147484544
43,2,3,0,3,25,2147484544
43,2,3,0,3,26,2147484544
43,2,3,0,3,27,2147484544
43,2,3,0,3,28,2147484544
43,2,3,0,3,29,2147484544
43,2,3,0,3,30,2147484544
43,2,3,0,3,31,2147484544
43,2,3,0,3,32,2147484544
43,2,3,0,3,33,2147484544
43,2,3,0,3,34,2147484544
43,2,3,0,3,35,2147484544
43,2,3,0,3,36,2147484544
43,2,3,0,3,37,2147484544
43,2,3,0,3,38,2147484544
43,2,3,0,3,39,2147484544
43,2,3,0,3,40,2147484544
43,2,3,0,3,41,2147484544
43,2,3,0,3,42,2147484544
43,2,3,0,3,43,2147484544
43,2,3,0,3,44,2147484544
43,2,3,0,3,45,2147484544
43,2,3,0,3,46,2147484544
43,2,3,0,3,47,2147484544
43,2,3,0,3,48,2147484544
43,2,3,0,3,49,2147484544
43,2,3,0,3,50,2147484544
43,2,3,0,3,51,2147484544
43,2,3,0,3,52,2147484544
43,2,3,0,3,53,2147484544
43,2,3,0,3,54,2147484544
43,2,3,0,3,55,2147484544
43,2,3,0,3,56,2147484544
43,2,3,0,3,57,2147484544
43,2,3,0,3,58,2147484544
43,2,3,0,3,59,2147484544
43,2,3,0,3,60,2147484544
43,2,3,0,3,61,2147484544
43,2,3,0,3,62,2147484544
43,2,3,0,3,63,2147484544
43,2,3,0,3,64,2147484544
43,2,3,0,3,65,2147484544
43,2,3,0,3,66,2147484544
43,2,3,0,3,67,2147484544
43,2,3,0,3,68,2147484544
43,2,3,0,3,69,2147484544
43,2,3,0,3,70,2147484544
43,2,3,0,3,71,2147484544
43,2,3,0,3,72,2147484544
43,2,3,0,3,73,2147484544
43,2,3,0,3,74,2147484544
43,2,3,0,3,75,2147484544
43,2,3,0,3,76,2147484544
43,2,3,0,3,77,2147484544
43,2,3,0,3,78,2147484544
43,2,3,0,3,79,2147484544
43,2,3,0,3,80,2147484544
43,2,3,0,3,81,2147484544
43,2,3,0,3,82,2147484544
43,2,3,0,3,83,2147484544
43,2,3,0,3,84,2147484544
43,2,3,0,3,85,2147484544
43,2,3,0,3,86,2147484544
43,2,3,0,3,87,2147484544
43,2,3,0,3,88,2147484544
43,2,3,0,3,89,2147484544
43,2,3,0,3,90,2147484544
43,2,3,0,3,91,2147484544
43,2,3,0,3,92,2147484544
43,2,3,0,3,93,2147484544
43,2,3,0,3,94,2147484544
43,2,3,0,3,95,2147484544
43,2,3,0,3,96,2147484544
43,2,3,0,3,97,2147484544
43,2,3,0,3,98,2147484544
43,2,3,0,3,99,2147484544
44,2,3,0,5,0,2147491746
44,2,3,0,5,1,2147491746
44,2,3,0,5,2,2147491746
44,2,3,0,5,3,2147491746
44,2,3,0,5,4,2147491746
44,2,3,0,5,5,2147491746
44,2,3,0,5,6,2147491746
44,2,3,0,5,7,2147491746
44,2,3,0,5,8,2147491746
44,2,3,0,5,9,2147491746
44,2,3,0,5,10,2147491746
44,2,3,0,5,11,2147491746
44,2,3,0,5,12,2147491746
44,2,3,0,5,13,2147491746
44,2,3,0,5,14,2147491746
44,2,3,0,5,15,2147491746
44,2,3,0,5,16,2147491746
44,2,3,0,5,17,2147491746
44,2,3,0,5,18,2147491746
44,2,3,0,5,19,2147491746
44,2,3,0,5,20,2147491746
44,2,3,0,5,21,2147491746
44,2,3,0,5,22,2147491746
44,2,3,0,5,23,2147491746
44,2,3,0,5,24,2147491746
44,2,3,0,5,25,2147491746
44,2,3,0,5,26,2147491746
44,2,3,0,5,27,2147491746
44,2,3,0,5,28,2147491746
44,2,3,0,5,29,2147491746
44,2,3,0,5,30,2147491746
44,2,3,0,5,31,2147491746
44,2,3,0,5,32,2147491746
44,2,3,0,5,33,2147491746
44,2,3,0,5,34,2147491746
44,2,3,0,5,35,2147491746
44,2,3,0,5,36,2147491746
44,2,3,0,5,37,2147491746
44,2,3,0,5,38,2147491746
44,2,3,0,5,39,2147491746
44,2,3,0,5,40,2147491746
44,2,3,0,5,41,2147491746
44,2,3,0,5,42,2147491746
44,2,3,0,5,43,2147491746
44,2,3,0,5,44,2147491746
44,2,3,0,5,45,2147491746
44,2,3,0,5,46,2147491746
44,2,3,0,5,47,2147491746
44,2,3,0,5,48,2147491746
44,2,3,0,5,49,2147491746
44,2,3,0,5,50,2147491746
44,2,3,0,5,51,2147491746
44,2,3,0,5,52,2147491746
44,2,3,0,5,53,2147491746
44,2,3,0,5,54,2147491746
44,2,3,0,5,55,2147491746
44,2,3,0,5,56,2147491746
44,2,3,0,5,57,2147491746
44,2,3,0,5,58,2147491746
44,2,3,0,5,59,2147491746
44,2,3,0,5,60,2147491746
44,2,3,0,5,61,2147491746
44,2,3,0,5,62,2147491746
44,2,3,0,5,63,2147491746
44,2,3,0,5,64,2147491746
44,2,3,0,5,65,2147491746
44,2,3,0,5,66,2147491746
44,2,3,0,5,67,2147491746
44,2,3,0,5,68,2147491746
44,2,3,0,5,69,2147491746
44,2,3,0,5,70,2147491746
44,2,3,0,5,71,2147491746
44,2,3,0,5,72,2147491746
44,2,3,0,5,73,2147491746
44,2,3,0,5,74,2147491746
44,2,3,0,5,75,2147491746
44,2,3,0,5,76,2147491746
44,2,3,0,5,77,2147491746
44,2,3,0,5,78,2147491746
44,2,3,0,5,79,2147491746
44,2,3,0,5,80,2147491746
44,2,3,0,5,81,2147491746
44,2,3,0,5,82,2147491746
44,2,3,0,5,83,2147491746
44,2,3,0,5,84,2147491746
44,2,3,0,5,85,2147491746
44,2,3,0,5,86,2147491746
44,2,3,0,5,87,2147491746
44,2,3,0,5,88,2147491746
44,2,3,0,5,89,2147491746
44,2,3,0,5,90,2147491746
44,2,3,0,5,91,2147491746
44,2,3,0,5,92,2147491746
44,2,3,0,5,93,2147491746
44,2,3,0,5,94,2147491746
44,2,3,0,5,95,2147491746
44,2,3,0,5,96,2147491746
44,2,3,0,5,97,2147491746
44,2,3,0,5,98,2147491746
44,2,3,0,5,99,2147491746
45,2,3,0,7,0,2147491746
45,2,3,0,7,1,2147491746
45,2,3,0,7,2,2147491746
45,2,3,0,7,3,2147491746
45,2,3,0,7,4,2147491746
45,2,3,0,7,5,2147491746
45,2,3,0,7,6,2147491746
45,2,3,0,7,7,2147491746
45,2,3,0,7,8,2147491746
45,2,3,0,7,9,2147491746
45,2,3,0,7,10,2147491746
45,2,3,0,7,11,2147491746
45,2,3,0,7,12,2147491746
45,2,3,0,7,13,2147491746
45,2,3,0,7,14,2147491746
45,2,3,0,7,15,2147491746
45,2,3,0,7,16,2147491746
45,2,3,0,7,17,2147491746
45,2,3,0,7,18,2147491746
45,2,3,0,7,19,2147491746
45,2,3,0,7,20,2147491746
45,2,3,0,7,21,2147491746
45,2,3,0,7,22,2147491746
45,2,3,0,7,23,2147491746
45,2,3,0,7,24,2147491746
45,2,3,0,7,25,2147491746
45,2,3,0,7,26,2147491746
45,2,3,0,7,27,2147491746
45,2,3,0,7,28,2147491746
45,2,3,0,7,29,2147491746
45,2,3,0,7,30,2147491746
45,2,3,0,7,31,2147491746
45,2,3,0,7,32,2147491746
45,2,3,0,7,33,2147491746
45,2,3,0,7,34,2147491746
45,2,3,0,7,35,2147491746
45,2,3,0,7,36,2147491746
45,2,3,0,7,37,2147491746
45,2,3,0,7,38,2147491746
45,2,3,0,7,39,2147491746
45,2,3,0,7,40,2147491746
45,2,3,0,7,41,2147491746
45,2,3,0,7,42,2147491746
45,2,3,0,7,43,2147491746
45,2,3,0,7,44,2147491746
45,2,3,0,7,45,2147491746
45,2,3,0,7,46,2147491746
45,2,3,0,7,47,2147491746
45,2,3,0,7,48,2147491746
45,2,3,0,7,49,2147491746
45,2,3,0,7,50,2147491746
45,2,3,0,7,51,2147491746
45,2,3,0,7,52,2147491746
45,2,3,0,7,53,2147491746
45,2,3,0,7,54,2147491746
45,2,3,0,7,55,2147491746
45,2,3,0,7,56,2147491746
45,2,3,0,7,57,2147491746
45,2,3,0,7,58,2147491746
45,2,3,0,7,59,2147491746
45,2,3,0,7,60,2147491746
45,2,3,0,7,61,2147491746
45,2,3,0,7,62,2147491746
45,2,3,0,7,63,2147491746
45,2,3,0,7,64,2147491746
45,2,3,0,7,65,2147491746
45,2,3,0,7,66,2147491746
45,2,3,0,7,67,2147491746
45,2,3,0,7,68,2147491746
45,2,3,0,7,69,2147491746
45,2,3,0,7,70,2147491746
45,2,3,0,7,71,2147491746
45,2,3,0,7,72,2147491746
45,2,3,0,7,73,2147491746
45,2,3,0,7,74,2147491746
45,2,3,0,7,75,2147491746
45,2,3,0,7,76,2147491746
45,2,3,0,7,77,2147491746
45,2,3,0,7,78,2147491746
45,2,3,0,7,79,2147491746
45,2,3,0,7,80,2147491746
45,2,3,0,7,81,2147491746
45,2,3,0,7,82,2147491746
45,2,3,0,7,83,2147491746
45,2,3,0,7,84,2147491746
45,2,3,0,7,85,2147491746
45,2,3,0,7,86,2147491746
45,2,3,0,7,87,2147491746
45,2,3,0,7,88,2147491746
45,2,3,0,7,89,2147491746
45,2,3,0,7,90,2147491746
45,2,3,0,7,91,2147491746
45,2,3,0,7,92,2147491746
45,2,3,0,7,93,2147491746
45,2,3,0,7,94,2147491746
45,2,3,0,7,95,2147491746
45,2,3,0,7,96,2147491746
45,2,3,0,7,97,2147491746
45,2,3,0,7,98,2147491746
45,2,3,0,7,99,2147491746
46,2,4,0,0,0,18446744071562067455
46,2,4,0,0,1,18446744071562067455
46,2,4,0,0,2,18446744071562067455
46,2,4,0,0,3,18446744071562067455
46,2,4,0,0,4,18446744071562067455
46,2,4,0,0,5,18446744071562067455
46,2,4,0,0,6,18446744071562067455
46,2,4,0,0,7,18446744071562067455
46,2,4,0,0,8,18446744071562067455
46,2,4,0,0,9,18446744071562067455
46,2,4,0,0,10,18446744071562067455
46,2,4,0,0,11,18446744071562067455
46,2,4,0,0,12,18446744071562067455
46,2,4,0,0,13,18446744071562067455
46,2,4,0,0,14,18446744071562067455
46,2,4,0,0,15,18446744071562067455
46,2,4,0,0,16,18446744071562067455
46,2,4,0,0,17,18446744071562067455
46,2,4,0,0,18,18446744071562067455
46,2,4,0,0,19,18446744071562067455
46,2,4,0,0,20,18446744071562067455
46,2,4,0,0,21,18446744071562067455
46,2,4,0,0,22,18446744071562067455
46,2,4,0,0,23,18446744071562067455
46,2,4,0,0,24,18446744071562067455
46,2,4,0,0,25,18446744071562067455
46,2,4,0,0,26,18446744071562067455
46,2,4,0,0,27,18446744071562067455
46,2,4,0,0,28,18446744071562067455
46,2,4,0,0,29,18446744071562067455
46,2,4,0,0,30,18446744071562067455
46,2,4,0,0,31,18446744071562067455
46,2,4,0,0,32,18446744071562067455
46,2,4,0,0,33,18446744071562067455
46,2,4,0,0,34,18446744071562067455
46,2,4,0,0,35,18446744071562067455
46,2,4,0,0,36,18446744071562067455
46,2,4,0,0,37,18446744071562067455
46,2,4,0,0,38,18446744071562067455
46,2,4,0,0,39,18446744071562067455
46,2,4,0,0,40,18446744071562067455
46,2,4,0,0,41,18446744071562067455
46,2,4,0,0,42,18446744071562067455
46,2,4,0,0,43,18446744071562067455
46,2,4,0,0,44,18446744071562067455
46,2,4,0,0,45,18446744071562067455
46,2,4,0,0,46,18446744071562067455
46,2,4,0,0,47,18446744071562067455
46,2,4,0,0,48,18446744071562067455
46,2,4,0,0,49,18446744071562067455
46,2,4,0,0,50,18446744071562067455
46,2,4,0,0,51,18446744071562067455
46,2,4,0,0,52,18446744071562067455
46,2,4,0,0,53,18446744071562067455
46,2,4,0,0,54,18446744071562067455
46,2,4,0,0,55,18446744071562067455
46,2,4,0,0,56,18446744071562067455
46,2,4,0,0,57,18446744071562067455
46,2,4,0,0,58,18446744071562067455
46,2,4,0,0,59,18446744071562067455
46,2,4,0,0,60,18446744071562067455
46,2,4,0,0,61,18446744071562067455
46,2,4,0,0,62,18446744071562067455
46,2,4,0,0,63,18446744071562067455
46,2,4,0,0,64,18446744071562067455
46,2,4,0,0,65,18446744071562067455
46,2,4,0,0,66,18446744071562067455
46,2,4,0,0,67,18446744071562067455
46,2,4,0,0,68,18446744071562067455
46,2,4,0,0,69,18446744071562067455
46,2,4,0,0,70,18446744071562067455
46,2,4,0,0,71,18446744071562067455
46,2,4,0,0,72,18446744071562067455
46,2,4,0,0,73,18446744071562067455
46,2,4,0,0,74,18446744071562067455
46,2,4,0,0,75,18446744071562067455
46,2,4,0,0,76,18446744071562067455
46,2,4,0,0,77,18446744071562067455
46,2,4,0,0,78,18446744071562067455
46,2,4,0,0,79,18446744071562067455
46,2,4,0,0,80,18446744071562067455
46,2,4,0,0,81,18446744071562067455
46,2,4,0,0,82,18446744071562067455
46,2,4,0,0,83,18446744071562067455
46,2,4,0,0,84,18446744071562067455
46,2,4,0,0,85,18446744071562067455
46,2,4,0,0,86,18446744071562067455
46,2,4,0,0,87,18446744071562067455
46,2,4,0,0,88,18446744071562067455
46,2,4,0,0,89,18446744071562067455
46,2,4,0,0,90,18446744071562067455
46,2,4,0,0,91,18446744071562067455
46,2,4,0,0,92,18446744071562067455
46,2,4,0,0,93,18446744071562067455
46,2,4,0,0,94,18446744071562067455
46,2,4,0,0,95,18446744071562067455
46,2,4,0,0,96,18446744071562067455
46,2,4,0,0,97,18446744071562067455
46,2,4,0,0,98,18446744071562067455
46,2,4,0,0,99,18446744071562067455
47,2,4,0,2,0,18446744071562062973
47,2,4,0,2,1,18446744071562062973
47,2,4,0,2,2,18446744071562062973
47,2,4,0,2,3,18446744071562062973
47,2,4,0,2,4,18446744071562062973
47,2,4,0,2,5,18446744071562062973
47,2,4,0,2,6,18446744071562062973
47,2,4,0,2,7,18446744071562062973
47,2,4,0,2,8,18446744071562062973
47,2,4,0,2,9,18446744071562062973
47,2,4,0,2,10,18446744071562062973
47,2,4,0,2,11,18446744071562062973
47,2,4,0,2,12,18446744071562062973
47,2,4,0,2,13,18446744071562062973
47,2,4,0,2,14,18446744071562062973
47,2,4,0,2,15,18446744071562062973
47,2,4,0,2,16,18446744071562062973
47,2,4,0,2,17,18446744071562062973
47,2,4,0,2,18,18446744071562062973
47,2,4,0,2,19,18446744071562062973
47,2,4,0,2,20,18446744071562062973
47,2,4,0,2,21,18446744071562062973
47,2,4,0,2,22,18446744071562062973
47,2,4,0,2,23,18446744071562062973
47,2,4,0,2,24,18446744071562062973
47,2,4,0,2,25,18446744071562062973
47,2,4,0,2,26,18446744071562062973
47,2,4,0,2,27,18446744071562062973
47,2,4,0,2,28,18446744071562062973
47,2,4,0,2,29,18446744071562062973
47,2,4,0,2,30,18446744071562062973
47,2,4,0,2,31,18446744071562062973
47,2,4,0,2,32,18446744071562062973
47,2,4,0,2,33,18446744071562062973
47,2,4,0,2,34,18446744071562062973
47,2,4,0,2,35,18446744071562062973
47,2,4,0,2,36,18446744071562062973
47,2,4,0,2,37,18446744071562062973
47,2,4,0,2,38,18446744071562062973
47,2,4,0,2,39,18446744071562062973
47,2,4,0,2,40,18446744071562062973
47,2,4,0,2,41,18446744071562062973
47,2,4,0,2,42,18446744071562062973
47,2,4,0,2,43,18446744071562062973
47,2,4,0,2,44,18446744071562062973
47,2,4,0,2,45,18446744071562062973
47,2,4,0,2,46,18446744071562062973
47,2,4,0,2,47,18446744071562062973
47,2,4,0,2,48,18446744071562062973
47,2,4,0,2,49,18446744071562062973
47,2,4,0,2,50,18446744071562062973
47,2,4,0,2,51,18446744071562062973
47,2,4,0,2,52,18446744071562062973
47,2,4,0,2,53,18446744071562062973
47,2,4,0,2,54,18446744071562062973
47,2,4,0,2,55,18446744071562062973
47,2,4,0,2,56,18446744071562062973
47,2,4,0,2,57,18446744071562062973
47,2,4,0,2,58,18446744071562062973
47,2,4,0,2,59,18446744071562062973
47,2,4,0,2,60,18446744071562062973
47,2,4,0,2,61,18446744071562062973
47,2,4,0,2,62,18446744071562062973
47,2,4,0,2,63,18446744071562062973
47,2,4,0,2,64,18446744071562062973
47,2,4,0,2,65,18446744071562062973
47,2,4,0,2,66,18446744071562062973
47,2,4,0,2,67,18446744071562062973
47,2,4,0,2,68,18446744071562062973
47,2,4,0,2,69,18446744071562062973
47,2,4,0,2,70,18446744071562062973
47,2,4,0,2,71,18446744071562062973
47,2,4,0,2,72,18446744071562062973
47,2,4,0,2,73,18446744071562062973
47,2,4,0,2,74,18446744071562062973
47,2,4,0,2,75,18446744071562062973
47,2,4,0,2,76,18446744071562062973
47,2,4,0,2,77,18446744071562062973
47,2,4,0,2,78,18446744071562062973
47,2,4,0,2,79,18446744071562062973
47,2,4,0,2,80,18446744071562062973
47,2,4,0,2,81,18446744071562062973
47,2,4,0,2,82,18446744071562062973
47,2,4,0,2,83,18446744071562062973
47,2,4,0,2,84,18446744071562062973
47,2,4,0,2,85,18446744071562062973
47,2,4,0,2,86,18446744071562062973
47,2,4,0,2,87,18446744071562062973
47,2,4,0,2,88,18446744071562062973
47,2,4,0,2,89,18446744071562062973
47,2,4,0,2,90,18446744071562062973
47,2,4,0,2,91,18446744071562062973
47,2,4,0,2,92,18446744071562062973
47,2,4,0,2,93,18446744071562062973
47,2,4,0,2,94,18446744071562062973
47,2,4,0,2,95,18446744071562062973
47,2,4,0,2,96,18446744071562062973
47,2,4,0,2,97,18446744071562062973
47,2,4,0,2,98,18446744071562062973
47,2,4,0,2,99,18446744071562062973
48,2,4,0,4,0,18446744071562067455
48,2,4,0,4,1,18446744071562067455
48,2,4,0,4,2,18446744071562067455
48,2,4,0,4,3,18446744071562067455
48,2,4,0,4,4,18446744071562067455
48,2,4,0,4,5,18446744071562067455
48,2,4,0,4,6,18446744071562067455
48,2,4,0,4,7,18446744071562067455
48,2,4,0,4,8,18446744071562067455
48,2,4,0,4,9,18446744071562067455
48,2,4,0,4,10,18446744071562067455
48,2,4,0,4,11,18446744071562067455
48,2,4,0,4,12,18446744071562067455
48,2,4,0,4,13,18446744071562067455
48,2,4,0,4,14,18446744071562067455
48,2,4,0,4,15,18446744071562067455
48,2,4,0,4,16,18446744071562067455
48,2,4,0,4,17,18446744071562067455
48,2,4,0,4,18,18446744071562067455
48,2,4,0,4,19,18446744071562067455
48,2,4,0,4,20,18446744071562067455
48,2,4,0,4,21,18446744071562067455
48,2,4,0,4,22,18446744071562067455
48,2,4,0,4,23,18446744071562067455
48,2,4,0,4,24,18446744071562067455
48,2,4,0,4,25,18446744071562067455
48,2,4,0,4,26,18446744071562067455
48,2,4,0,4,27,18446744071562067455
48,2,4,0,4,28,18446744071562067455
48,2,4,0,4,29,18446744071562067455
48,2,4,0,4,30,18446744071562067455
48,2,4,0,4,31,18446744071562067455
48,2,4,0,4,32,18446744071562067455
48,2,4,0,4,33,18446744071562067455
48,2,4,0,4,34,18446744071562067455
48,2,4,0,4,35,18446744071562067455
48,2,4,0,4,36,18446744071562067455
48,2,4,0,4,37,18446744071562067455
48,2,4,0,4,38,18446744071562067455
48,2,4,0,4,39,18446744071562067455
48,2,4,0,4,40,18446744071562067455
48,2,4,0,4,41,18446744071562067455
48,2,4,0,4,42,18446744071562067455
48,2,4,0,4,43,18446744071562067455
48,2,4,0,4,44,18446744071562067455
48,2,4,0,4,45,18446744071562067455
48,2,4,0,4,46,18446744071562067455
48,2,4,0,4,47,18446744071562067455
48,2,4,0,4,48,18446744071562067455
48,2,4,0,4,49,18446744071562067455
48,2,4,0,4,50,18446744071562067455
48,2,4,0,4,51,18446744071562067455
48,2,4,0,4,52,18446744071562067455
48,2,4,0,4,53,18446744071562067455
48,2,4,0,4,54,18446744071562067455
48,2,4,0,4,55,18446744071562067455
48,2,4,0,4,56,18446744071562067455
48,2,4,0,4,57,18446744071562067455
48,2,4,0,4,58,18446744071562067455
48,2,4,0,4,59,18446744071562067455
48,2,4,0,4,60,18446744071562067455
48,2,4,0,4,61,18446744071562067455
48,2,4,0,4,62,18446744071562067455
48,2,4,0,4,63,18446744071562067455
48,2,4,0,4,64,18446744071562067455
48,2,4,0,4,65,18446744071562067455
48,2,4,0,4,66,18446744071562067455
48,2,4,0,4,67,18446744071562067455
48,2,4,0,4,68,18446744071562067455
48,2,4,0,4,69,18446744071562067455
48,2,4,0,4,70,18446744071562067455
48,2,4,0,4,71,18446744071562067455
48,2,4,0,4,72,18446744071562067455
48,2,4,0,4,73,18446744071562067455
48,2,4,0,4,74,18446744071562067455
48,2,4,0,4,75,18446744071562067455
48,2,4,0,4,76,18446744071562067455
48,2,4,0,4,77,18446744071562067455
48,2,4,0,4,78,18446744071562067455
48,2,4,0,4,79,18446744071562067455
48,2,4,0,4,80,18446744071562067455
48,2,4,0,4,81,18446744071562067455
48,2,4,0,4,82,18446744071562067455
48,2,4,0,4,83,18446744071562067455
48,2,4,0,4,84,18446744071562067455
48,2,4,0,4,85,18446744071562067455
48,2,4,0,4,86,18446744071562067455
48,2,4,0,4,87,18446744071562067455
48,2,4,0,4,88,18446744071562067455
48,2,4,0,4,89,18446744071562067455
48,2,4,0,4,90,18446744071562067455
48,2,4,0,4,91,18446744071562067455
48,2,4,0,4,92,18446744071562067455
48,2,4,0,4,93,18446744071562067455
48,2,4,0,4,94,18446744071562067455
48,2,4,0,4,95,18446744071562067455
48,2,4,0,4,96,18446744071562067455
48,2,4,0,4,97,18446744071562067455
48,2,4,0,4,98,18446744071562067455
48,2,4,0,4,99,18446744071562067455
49,2,4,0,6,0,18446744071562067455
49,2,4,0,6,1,18446744071562067455
49,2,4,0,6,2,18446744071562067455
49,2,4,0,6,3,18446744071562067455
49,2,4,0,6,4,18446744071562067455
49,2,4,0,6,5,18446744071562067455
49,2,4,0,6,6,18446744071562067455
49,2,4,0,6,7,18446744071562067455
49,2,4,0,6,8,18446744071562067455
49,2,4,0,6,9,18446744071562067455
49,2,4,0,6,10,18446744071562067455
49,2,4,0,6,11,18446744071562067455
49,2,4,0,6,12,18446744071562067455
49,2,4,0,6,13,18446744071562067455
49,2,4,0,6,14,18446744071562067455
49,2,4,0,6,15,18446744071562067455
49,2,4,0,6,16,18446744071562067455
49,2,4,0,6,17,18446744071562067455
49,2,4,0,6,18,18446744071562067455
49,2,4,0,6,19,18446744071562067455
49,2,4,0,6,20,18446744071562067455
49,2,4,0,6,21,18446744071562067455
49,2,4,0,6,22,18446744071562067455
49,2,4,0,6,23,18446744071562067455
49,2,4,0,6,24,18446744071562067455
49,2,4,0,6,25,18446744071562067455
49,2,4,0,6,26,18446744071562067455
49,2,4,0,6,27,18446744071562067455
49,2,4,0,6,28,18446744071562067455
49,2,4,0,6,29,18446744071562067455
49,2,4,0,6,30,18446744071562067455
49,2,4,0,6,31,18446744071562067455
49,2,4,0,6,32,18446744071562067455
49,2,4,0,6,33,18446744071562067455
49,2,4,0,6,34,18446744071562067455
49,2,4,0,6,35,18446744071562067455
49,2,4,0,6,36,18446744071562067455
49,2,4,0,6,37,18446744071562067455
49,2,4,0,6,38,18446744071562067455
49,2,4,0,6,39,18446744071562067455
49,2,4,0,6,40,18446744071562067455
49,2,4,0,6,41,18446744071562067455
49,2,4,0,6,42,18446744071562067455
49,2,4,0,6,43,18446744071562067455
49,2,4,0,6,44,18446744071562067455
49,2,4,0,6,45,18446744071562067455
49,2,4,0,6,46,18446744071562067455
49,2,4,0,6,47,18446744071562067455
49,2,4,0,6,48,18446744071562067455
49,2,4,0,6,49,18446744071562067455
49,2,4,0,6,50,18446744071562067455
49,2,4,0,6,51,18446744071562067455
49,2,4,0,6,52,18446744071562067455
49,2,4,0,6,53,18446744071562067455
49,2,4,0,6,54,18446744071562067455
49,2,4,0,6,55,18446744071562067455
49,2,4,0,6,56,18446744071562067455
49,2,4,0,6,57,18446744071562067455
49,2,4,0,6,58,18446744071562067455
49,2,4,0,6,59,18446744071562067455
49,2,4,0,6,60,18446744071562067455
49,2,4,0,6,61,18446744071562067455
49,2,4,0,6,62,18446744071562067455
49,2,4,0,6,63,18446744071562067455
49,2,4,0,6,64,18446744071562067455
49,2,4,0,6,65,18446744071562067455
49,2,4,0,6,66,18446744071562067455
49,2,4,0,6,67,18446744071562067455
49,2,4,0,6,68,18446744071562067455
49,2,4,0,6,69,18446744071562067455
49,2,4,0,6,70,18446744071562067455
49,2,4,0,6,71,18446744071562067455
49,2,4,0,6,72,18446744071562067455
49,2,4,0,6,73,18446744071562067455
49,2,4,0,6,74,18446744071562067455
49,2,4,0,6,75,18446744071562067455
49,2,4,0,6,76,18446744071562067455
49,2,4,0,6,77,18446744071562067455
49,2,4,0,6,78,18446744071562067455
49,2,4,0,6,79,18446744071562067455
49,2,4,0,6,80,18446744071562067455
49,2,4,0,6,81,18446744071562067455
49,2,4,0,6,82,18446744071562067455
49,2,4,0,6,83,18446744071562067455
49,2,4,0,6,84,18446744071562067455
49,2,4,0,6,85,18446744071562067455
49,2,4,0,6,86,18446744071562067455
49,2,4,0,6,87,18446744071562067455
49,2,4,0,6,88,18446744071562067455
49,2,4,0,6,89,18446744071562067455
49,2,4,0,6,90,18446744071562067455
49,2,4,0,6,91,18446744071562067455
49,2,4,0,6,92,18446744071562067455
49,2,4,0,6,93,18446744071562067455
49,2,4,0,6,94,18446744071562067455
49,2,4,0,6,95,18446744071562067455
49,2,4,0,6,96,18446744071562067455
49,2,4,0,6,97,18446744071562067455
49,2,4,0,6,98,18446744071562067455
49,2,4,0,6,99,18446744071562067455
50,2,5,0,1,0,2147484544
50,2,5,0,1,1,2147484544
50,2,5,0,1,2,2147484544
50,2,5,0,1,3,2147484544
50,2,5,0,1,4,2147484544
50,2,5,0,1,5,2147484544
50,2,5,0,1,6,2147484544
50,2,5,0,1,7,2147484544
50,2,5,0,1,8,2147484544
50,2,5,0,1,9,2147484544
50,2,5,0,1,10,2147484544
50,2,5,0,1,11,2147484544
50,2,5,0,1,12,2147484544
50,2,5,0,1,13,2147484544
50,2,5,0,1,14,2147484544
50,2,5,0,1,15,2147484544
50,2,5,0,1,16,2147484544
50,2,5,0,1,17,2147484544
50,2,5,0,1,18,2147484544
50,2,5,0,1,19,2147484544
50,2,5,0,1,20,2147484544
50,2,5,0,1,21,2147484544
50,2,5,0,1,22,2147484544
50,2,5,0,1,23,2147484544
50,2,5,0,1,24,2147484544
50,2,5,0,1,25,2147484544
50,2,5,0,1,26,2147484544
50,2,5,0,1,27,2147484544
50,2,5,0,1,28,2147484544
50,2,5,0,1,29,2147484544
50,2,5,0,1,30,2147484544
50,2,5,0,1,31,2147484544
50,2,5,0,1,32,2147484544
50,2,5,0,1,33,2147484544
50,2,5,0,1,34,2147484544
50,2,5,0,1,35,2147484544
50,2,5,0,1,36,2147484544
50,2,5,0,1,37,2147484544
50,2,5,0,1,38,2147484544
50,2,5,0,1,39,2147484544
50,2,5,0,1,40,2147484544
50,2,5,0,1,41,2147484544
50,2,5,0,1,42,2147484544
50,2,5,0,1,43,2147484544
50,2,5,0,1,44,2147484544
50,2,5,0,1,45,2147484544
50,2,5,0,1,46,2147484544
50,2,5,0,1,47,2147484544
50,2,5,0,1,48,2147484544
50,2,5,0,1,49,2147484544
50,2,5,0,1,50,2147484544
50,2,5,0,1,51,2147484544
50,2,5,0,1,52,2147484544
50,2,5,0,1,53,2147484544
50,2,5,0,1,54,2147484544
50,2,5,0,1,55,2147484544
50,2,5,0,1,56,2147484544
50,2,5,0,1,57,2147484544
50,2,5,0,1,58,2147484544
50,2,5,0,1,59,2147484544
50,2,5,0,1,60,2147484544
50,2,5,0,1,61,2147484544
50,2,5,0,1,62,2147484544
50,2,5,0,1,63,2147484544
50,2,5,0,1,64,2147484544
50,2,5,0,1,65,2147484544
50,2,5,0,1,66,2147484544
50,2,5,0,1,67,2147484544
50,2,5,0,1,68,2147484544
50,2,5,0,1,69,2147484544
50,2,5,0,1,70,2147484544
50,2,5,0,1,71,2147484544
50,2,5,0,1,72,2147484544
50,2,5,0,1,73,2147484544
50,2,5,0,1,74,2147484544
50,2,5,0,1,75,2147484544
50,2,5,0,1,76,2147484544
50,2,5,0,1,77,2147484544
50,2,5,0,1,78,2147484544
50,2,5,0,1,79,2147484544
50,2,5,0,1,80,2147484544
50,2,5,0,1,81,2147484544
50,2,5,0,1,82,2147484544
50,2,5,0,1,83,2147484544
50,2,5,0,1,84,2147484544
50,2,5,0,1,85,2147484544
50,2,5,0,1,86,2147484544
50,2,5,0,1,87,2147484544
50,2,5,0,1,88,2147484544
50,2,5,0,1,89,2147484544
50,2,5,0,1,90,2147484544
50,2,5,0,1,91,2147484544
50,2,5,0,1,92,2147484544
50,2,5,0,1,93,2147484544
50,2,5,0,1,94,2147484544
50,2,5,0,1,95,2147484544
50,2,5,0,1,96,2147484544
50,2,5,0,1,97,2147484544
50,2,5,0,1,98,2147484544
50,2,5,0,1,99,2147484544
51,2,5,0,3,0,2147484544
51,2,5,0,3,1,2147484544
51,2,5,0,3,2,2147484544
51,2,5,0,3,3,2147484544
51,2,5,0,3,4,2147484544
51,2,5,0,3,5,2147484544
51,2,5,0,3,6,2147484544
51,2,5,0,3,7,2147484544
51,2,5,0,3,8,2147484544
51,2,5,0,3,9,2147484544
51,2,5,0,3,10,2147484544
51,2,5,0,3,11,2147484544
51,2,5,0,3,12,2147484544
51,2,5,0,3,13,2147484544
51,2,5,0,3,14,2147484544
51,2,5,0,3,15,2147484544
51,2,5,0,3,16,2147484544
51,2,5,0,3,17,2147484544
51,2,5,0,3,18,2147484544
51,2,5,0,3,19,2147484544
51,2,5,0,3,20,2147484544
51,2,5,0,3,21,2147484544
51,2,5,0,3,22,2147484544
51,2,5,0,3,23,2147484544
51,2,5,0,3,24,2147484544
51,2,5,0,3,25,2147484544
51,2,5,0,3,26,2147484544
51,2,5,0,3,27,2147484544
51,2,5,0,3,28,2147484544
51,2,5,0,3,29,2147484544
51,2,5,0,3,30,2147484544
51,2,5,0,3,31,2147484544
51,2,5,0,3,32,2147484544
51,2,5,0,3,33,2147484544
51,2,5,0,3,34,2147484544
51,2,5,0,3,35,2147484544
51,2,5,0,3,36,2147484544
51,2,5,0,3,37,2147484544
51,2,5,0,3,38,2147484544
51,2,5,0,3,39,2147484544
51,2,5,0,3,40,2147484544
51,2,5,0,3,41,2147484544
51,2,5,0,3,42,2147484544
51,2,5,0,3,43,2147484544
51,2,5,0,3,44,2147484544
51,2,5,0,3,45,2147484544
51,2,5,0,3,46,2147484544
51,2,5,0,3,47,2147484544
51,2,5,0,3,48,2147484544
51,2,5,0,3,49,2147484544
51,2,5,0,3,50,2147484544
51,2,5,0,3,51,2147484544
51,2,5,0,3,52,2147484544
51,2,5,0,3,53,2147484544
51,2,5,0,3,54,2147484544
51,2,5,0,3,55,2147484544
51,2,5,0,3,56,2147484544
51,2,5,0,3,57,2147484544
51,2,5,0,3,58,2147484544
51,2,5,0,3,59,2147484544
51,2,5,0,3,60,2147484544
51,2,5,0,3,61,2147484544
51,2,5,0,3,62,2147484544
51,2,5,0,3,63,2147484544
51,2,5,0,3,64,2147484544
51,2,5,0,3,65,2147484544
51,2,5,0,3,66,2147484544
51,2,5,0,3,67,2147484544
51,2,5,0,3,68,2147484544
51,2,5,0,3,69,2147484544
51,2,5,0,3,70,2147484544
51,2,5,0,3,71,2147484544
51,2,5,0,3,72,2147484544
51,2,5,0,3,73,2147484544
51,2,5,0,3,74,2147484544
51,2,5,0,3,75,2147484544
51,2,5,0,3,76,2147484544
51,2,5,0,3,77,2147484544
51,2,5,0,3,78,2147484544
51,2,5,0,3,79,2147484544
51,2,5,0,3,80,2147484544
51,2,5,0,3,81,2147484544
51,2,5,0,3,82,2147484544
51,2,5,0,3,83,2147484544
51,2,5,0,3,84,2147484544
51,2,5,0,3,85,2147484544
51,2,5,0,3,86,2147484544
51,2,5,0,3,87,2147484544
51,2,5,0,3,88,2147484544
51,2,5,0,3,89,2147484544
51,2,5,0,3,90,2147484544
51,2,5,0,3,91,2147484544
51,2,5,0,3,92,2147484544
51,2,5,0,3,93,2147484544
51,2,5,0,3,94,2147484544
51,2,5,0,3,95,2147484544
51,2,5,0,3,96,2147484544
51,2,5,0,3,97,2147484544
51,2,5,0,3,98,2147484544
51,2,5,0,3,99,2147484544
52,2,5,0,5,0,2147488672
52,2,5,0,5,1,2147488672
52,2,5,0,5,2,2147488672
52,2,5,0,5,3,2147488672
52,2,5,0,5,4,2147488672
52,2,5,0,5,5,2147488672
52,2,5,0,5,6,2147488672
52,2,5,0,5,7,2147488672
52,2,5,0,5,8,2147488672
52,2,5,0,5,9,2147488672
52,2,5,0,5,10,2147488640
52,2,5,0,5,11,2147488672
52,2,5,0,5,12,2147488672
52,2,5,0,5,13,2147488672
52,2,5,0,5,14,2147488672
52,2,5,0,5,15,2147488640
52,2,5,0,5,16,2147488672
52,2,5,0,5,17,2147488672
52,2,5,0,5,18,2147488672
52,2,5,0,5,19,2147488672
52,2,5,0,5,20,2147488640
52,2,5,0,5,21,2147488672
52,2,5,0,5,22,2147488672
52,2,5,0,5,23,2147488672
52,2,5,0,5,24,2147488672
52,2,5,0,5,25,2147488672
52,2,5,0,5,26,2147488672
52,2,5,0,5,27,2147488672
52,2,5,0,5,28,2147488672
52,2,5,0,5,29,2147488672
52,2,5,0,5,30,2147488672
52,2,5,0,5,31,2147488672
52,2,5,0,5,32,2147488672
52,2,5,0,5,33,2147488672
52,2,5,0,5,34,2147488672
52,2,5,0,5,35,2147488672
52,2,5,0,5,36,2147488672
52,2,5,0,5,37,2147488672
52,2,5,0,5,38,2147488672
52,2,5,0,5,39,2147488672
52,2,5,0,5,40,2147488672
52,2,5,0,5,41,2147488672
52,2,5,0,5,42,2147488672
52,2,5,0,5,43,2147488672
52,2,5,0,5,44,2147488672
52,2,5,0,5,45,2147488672
52,2,5,0,5,46,2147488672
52,2,5,0,5,47,2147488672
52,2,5,0,5,48,2147488672
52,2,5,0,5,49,2147488672
52,2,5,0,5,50,2147488672
52,2,5,0,5,51,2147488672
52,2,5,0,5,52,2147488672
52,2,5,0,5,53,2147488672
52,2,5,0,5,54,2147488672
52,2,5,0,5,55,2147488672
52,2,5,0,5,56,2147488672
52,2,5,0,5,57,2147488672
52,2,5,0,5,58,2147488672
52,2,5,0,5,59,2147488672
52,2,5,0,5,60,2147488672
52,2,5,0,5,61,2147488672
52,2,5,0,5,62,2147488672
52,2,5,0,5,63,2147488672
52,2,5,0,5,64,2147488672
52,2,5,0,5,65,2147488672
52,2,5,0,5,66,2147488672
52,2,5,0,5,67,2147488672
52,2,5,0,5,68,2147488672
52,2,5,0,5,69,2147488672
52,2,5,0,5,70,2147488672
52,2,5,0,5,71,2147488672
52,2,5,0,5,72,2147488672
52,2,5,0,5,73,2147488672
52,2,5,0,5,74,2147488672
52,2,5,0,5,75,2147488672
52,2,5,0,5,76,2147488672
52,2,5,0,5,77,2147488672
52,2,5,0,5,78,2147488672
52,2,5,0,5,79,2147488672
52,2,5,0,5,80,2147488672
52,2,5,0,5,81,2147488672
52,2,5,0,5,82,2147488672
52,2,5,0,5,83,2147488672
52,2,5,0,5,84,2147488672
52,2,5,0,5,85,2147488672
52,2,5,0,5,86,2147488672
52,2,5,0,5,87,2147488672
52,2,5,0,5,88,2147488672
52,2,5,0,5,89,2147488672
52,2,5,0,5,90,2147488672
52,2,5,0,5,91,2147488672
52,2,5,0,5,92,2147488672
52,2,5,0,5,93,2147488672
52,2,5,0,5,94,2147488672
52,2,5,0,5,95,2147488672
52,2,5,0,5,96,2147488672
52,2,5,0,5,97,2147488672
52,2,5,0,5,98,2147488672
52,2,5,0,5,99,2147488672
53,2,5,0,7,0,2147484544
53,2,5,0,7,1,2147484544
53,2,5,0,7,2,2147484544
53,2,5,0,7,3,2147484544
53,2,5,0,7,4,2147484544
53,2,5,0,7,5,2147484544
53,2,5,0,7,6,2147484544
53,2,5,0,7,7,2147484544
53,2,5,0,7,8,2147484544
53,2,5,0,7,9,2147484544
53,2,5,0,7,10,2147484544
53,2,5,0,7,11,2147484544
53,2,5,0,7,12,2147484544
53,2,5,0,7,13,2147484544
53,2,5,0,7,14,2147484544
53,2,5,0,7,15,2147484544
53,2,5,0,7,16,2147484544
53,2,5,0,7,17,2147484544
53,2,5,0,7,18,2147484544
53,2,5,0,7,19,2147484544
53,2,5,0,7,20,2147484544
53,2,5,0,7,21,2147484544
53,2,5,0,7,22,2147484544
53,2,5,0,7,23,2147484544
53,2,5,0,7,24,2147484544
53,2,5,0,7,25,2147484544
53,2,5,0,7,26,2147484544
53,2,5,0,7,27,2147484544
53,2,5,0,7,28,2147484544
53,2,5,0,7,29,2147484544
53,2,5,0,7,30,2147484544
53,2,5,0,7,31,2147484544
53,2,5,0,7,32,2147484544
53,2,5,0,7,33,2147484544
53,2,5,0,7,34,2147484544
53,2,5,0,7,35,2147484544
53,2,5,0,7,36,2147484544
53,2,5,0,7,37,2147484544
53,2,5,0,7,38,2147484544
53,2,5,0,7,39,2147484544
53,2,5,0,7,40,2147484544
53,2,5,0,7,41,2147484544
53,2,5,0,7,42,2147484544
53,2,5,0,7,43,2147484544
53,2,5,0,7,44,2147484544
53,2,5,0,7,45,2147484544
53,2,5,0,7,46,2147484544
53,2,5,0,7,47,2147484544
53,2,5,0,7,48,2147484544
53,2,5,0,7,49,2147484544
53,2,5,0,7,50,2147484544
53,2,5,0,7,51,2147484544
53,2,5,0,7,52,2147484544
53,2,5,0,7,53,2147484544
53,2,5,0,7,54,2147484544
53,2,5,0,7,55,2147484544
53,2,5,0,7,56,2147484544
53,2,5,0,7,57,2147484544
53,2,5,0,7,58,2147484544
53,2,5,0,7,59,2147484544
53,2,5,0,7,60,2147484544
53,2,5,0,7,61,2147484544
53,2,5,0,7,62,2147484544
53,2,5,0,7,63,2147484544
53,2,5,0,7,64,2147484544
53,2,5,0,7,65,2147484544
53,2,5,0,7,66,2147484544
53,2,5,0,7,67,2147484544
53,2,5,0,7,68,2147484544
53,2,5,0,7,69,2147484544
53,2,5,0,7,70,2147484544
53,2,5,0,7,71,2147484544
53,2,5,0,7,72,2147484544
53,2,5,0,7,73,2147484544
53,2,5,0,7,74,2147484544
53,2,5,0,7,75,2147484544
53,2,5,0,7,76,2147484544
53,2,5,0,7,77,2147484544
53,2,5,0,7,78,2147484544
53,2,5,0,7,79,2147484544
53,2,5,0,7,80,2147484544
53,2,5,0,7,81,2147484544
53,2,5,0,7,82,2147484544
53,2,5,0,7,83,2147484544
53,2,5,0,7,84,2147484544
53,2,5,0,7,85,2147484544
53,2,5,0,7,86,2147484544
53,2,5,0,7,87,2147484544
53,2,5,0,7,88,2147484544
53,2,5,0,7,89,2147484544
53,2,5,0,7,90,2147484544
53,2,5,0,7,91,2147484544
53,2,5,0,7,92,2147484544
53,2,5,0,7,93,2147484544
53,2,5,0,7,94,2147484544
53,2,5,0,7,95,2147484544
53,2,5,0,7,96,2147484544
53,2,5,0,7,97,2147484544
53,2,5,0,7,98,2147484544
53,2,5,0,7,99,2147484544
54,2,6,0,0,0,18446744071562062940
54,2,6,0,0,1,18446744071562062940
54,2,6,0,0,2,18446744071562062940
54,2,6,0,0,3,18446744071562062940
54,2,6,0,0,4,18446744071562062940
54,2,6,0,0,5,18446744071562062876
54,2,6,0,0,6,18446744071562062940
54,2,6,0,0,7,18446744071562062940
54,2,6,0,0,8,18446744071562062940
54,2,6,0,0,9,18446744071562062876
54,2,6,0,0,10,18446744071562062876
54,2,6,0,0,11,18446744071562062876
54,2,6,0,0,12,18446744071562062876
54,2,6,0,0,13,18446744071562062940
54,2,6,0,0,14,18446744071562062940
54,2,6,0,0,15,18446744071562062876
54,2,6,0,0,16,18446744071562062940
54,2,6,0,0,17,18446744071562062940
54,2,6,0,0,18,18446744071562062940
54,2,6,0,0,19,18446744071562062876
54,2,6,0,0,20,18446744071562062940
54,2,6,0,0,21,18446744071562062940
54,2,6,0,0,22,18446744071562062940
54,2,6,0,0,23,18446744071562062940
54,2,6,0,0,24,18446744071562062940
54,2,6,0,0,25,18446744071562062940
54,2,6,0,0,26,18446744071562062940
54,2,6,0,0,27,18446744071562062940
54,2,6,0,0,28,18446744071562062876
54,2,6,0,0,29,18446744071562062940
54,2,6,0,0,30,18446744071562062940
54,2,6,0,0,31,18446744071562062876
54,2,6,0,0,32,18446744071562062940
54,2,6,0,0,33,18446744071562062876
54,2,6,0,0,34,18446744071562062940
54,2,6,0,0,35,18446744071562062940
54,2,6,0,0,36,18446744071562062876
54,2,6,0,0,37,18446744071562062940
54,2,6,0,0,38,18446744071562062940
54,2,6,0,0,39,18446744071562062940
54,2,6,0,0,40,18446744071562062940
54,2,6,0,0,41,18446744071562062940
54,2,6,0,0,42,18446744071562062940
54,2,6,0,0,43,18446744071562062940
54,2,6,0,0,44,18446744071562062940
54,2,6,0,0,45,18446744071562062876
54,2,6,0,0,46,18446744071562062940
54,2,6,0,0,47,18446744071562062876
54,2,6,0,0,48,18446744071562062876
54,2,6,0,0,49,18446744071562062940
54,2,6,0,0,50,18446744071562062940
54,2,6,0,0,51,18446744071562062940
54,2,6,0,0,52,18446744071562062940
54,2,6,0,0,53,18446744071562062940
54,2,6,0,0,54,18446744071562062940
54,2,6,0,0,55,18446744071562062876
54,2,6,0,0,56,18446744071562062876
54,2,6,0,0,57,18446744071562062940
54,2,6,0,0,58,18446744071562062940
54,2,6,0,0,59,18446744071562062940
54,2,6,0,0,60,18446744071562062940
54,2,6,0,0,61,18446744071562062876
54,2,6,0,0,62,18446744071562062940
54,2,6,0,0,63,18446744071562062940
54,2,6,0,0,64,18446744071562062940
54,2,6,0,0,65,18446744071562062940
54,2,6,0,0,66,18446744071562062940
54,2,6,0,0,67,18446744071562062876
54,2,6,0,0,68,18446744071562062876
54,2,6,0,0,69,18446744071562062940
54,2,6,0,0,70,18446744071562062940
54,2,6,0,0,71,18446744071562062876
54,2,6,0,0,72,18446744071562062940
54,2,6,0,0,73,18446744071562062940
54,2,6,0,0,74,18446744071562062940
54,2,6,0,0,75,18446744071562062876
54,2,6,0,0,76,18446744071562062940
54,2,6,0,0,77,18446744071562062940
54,2,6,0,0,78,18446744071562062940
54,2,6,0,0,79,18446744071562062876
54,2,6,0,0,80,18446744071562062876
54,2,6,0,0,81,18446744071562062940
54,2,6,0,0,82,18446744071562062876
54,2,6,0,0,83,18446744071562062940
54,2,6,0,0,84,18446744071562062940
54,2,6,0,0,85,18446744071562062876
54,2,6,0,0,86,18446744071562062940
54,2,6,0,0,87,18446744071562062876
54,2,6,0,0,88,18446744071562062940
54,2,6,0,0,89,18446744071562062876
54,2,6,0,0,90,18446744071562062940
54,2,6,0,0,91,18446744071562062940
54,2,6,0,0,92,18446744071562062940
54,2,6,0,0,93,18446744071562062940
54,2,6,0,0,94,18446744071562062876
54,2,6,0,0,95,18446744071562062876
54,2,6,0,0,96,18446744071562062940
54,2,6,0,0,97,18446744071562062940
54,2,6,0,0,98,18446744071562062940
54,2,6,0,0,99,18446744071562062940
55,2,6,0,2,0,18446722081329507340
55,2,6,0,2,1,18446722081329507340
55,2,6,0,2,2,18446722081329507340
55,2,6,0,2,3,18446722081329507340
55,2,6,0,2,4,18446722081329507340
55,2,6,0,2,5,18446651712585329676
55,2,6,0,2,6,18446722081329507340
55,2,6,0,2,7,18446722081329507340
55,2,6,0,2,8,18446722081329507340
55,2,6,0,2,9,18446722081329507340
55,2,6,0,2,10,18446722081329507340
55,2,6,0,2,11,18446722081329507340
55,2,6,0,2,12,18446722081329507340
55,2,6,0,2,13,18446722081329507340
55,2,6,0,2,14,18446722081329507340
55,2,6,0,2,15,18446651712585329676
55,2,6,0,2,16,18446722081329507340
55,2,6,0,2,17,18446722081329507340
55,2,6,0,2,18,18446722081329507340
55,2,6,0,2,19,18446651712585329676
55,2,6,0,2,20,18446722081329507340
55,2,6,0,2,21,18446722081329507340
55,2,6,0,2,22,18446722081329507340
55,2,6,0,2,23,18446722081329507340
55,2,6,0,2,24,18446722081329507340
55,2,6,0,2,25,18446722081329507340
55,2,6,0,2,26,18446651712585329676
55,2,6,0,2,27,18446722081329507340
55,2,6,0,2,28,18446722081329507340
55,2,6,0,2,29,18446722081329507340
55,2,6,0,2,30,18446722081329507340
55,2,6,0,2,31,18446722081329507340
55,2,6,0,2,32,18446722081329507340
55,2,6,0,2,33,18446651712585329676
55,2,6,0,2,34,18446722081329507340
55,2,6,0,2,35,18446722081329507340
55,2,6,0,2,36,18446722081329507340
55,2,6,0,2,37,18446722081329507340
55,2,6,0,2,38,18446722081329507340
55,2,6,0,2,39,18446722081329507340
55,2,6,0,2,40,18446722081329507340
55,2,6,0,2,41,18446722081329507340
55,2,6,0,2,42,18446722081329507340
55,2,6,0,2,43,18446722081329507340
55,2,6,0,2,44,18446722081329507340
55,2,6,0,2,45,18446722081329507340
55,2,6,0,2,46,18446722081329507340
55,2,6,0,2,47,18446722081329507340
55,2,6,0,2,48,18446722081329507340
55,2,6,0,2,49,18446722081329507340
55,2,6,0,2,50,18446722081329507340
55,2,6,0,2,51,18446651712585329676
55,2,6,0,2,52,18446722081329507340
55,2,6,0,2,53,18446722081329507340
55,2,6,0,2,54,18446722081329507340
55,2,6,0,2,55,18446722081329507340
55,2,6,0,2,56,18446722081329507340
55,2,6,0,2,57,18446651712585329676
55,2,6,0,2,58,18446722081329507340
55,2,6,0,2,59,18446722081329507340
55,2,6,0,2,60,18446722081329507340
55,2,6,0,2,61,18446722081329507340
55,2,6,0,2,62,18446651712585329676
55,2,6,0,2,63,18446651712585329676
55,2,6,0,2,64,18446651712585329676
55,2,6,0,2,65,18446722081329507340
55,2,6,0,2,66,18446651712585329676
55,2,6,0,2,67,18446722081329507340
55,2,6,0,2,68,18446722081329507340
55,2,6,0,2,69,18446722081329507340
55,2,6,0,2,70,18446722081329507340
55,2,6,0,2,71,18446651712585329676
55,2,6,0,2,72,18446722081329507340
55,2,6,0,2,73,18446722081329507340
55,2,6,0,2,74,18446722081329507340
55,2,6,0,2,75,18446651712585329676
55,2,6,0,2,76,18446651712585329676
55,2,6,0,2,77,18446722081329507340
55,2,6,0,2,78,18446722081329507340
55,2,6,0,2,79,18446722081329507340
55,2,6,0,2,80,18446651712585329676
55,2,6,0,2,81,18446722081329507340
55,2,6,0,2,82,18446722081329507340
55,2,6,0,2,83,18446722081329507340
55,2,6,0,2,84,18446722081329507340
55,2,6,0,2,85,18446651712585329676
55,2,6,0,2,86,18446722081329507340
55,2,6,0,2,87,18446722081329507340
55,2,6,0,2,88,18446722081329507340
55,2,6,0,2,89,18446722081329507340
55,2,6,0,2,90,18446722081329507340
55,2,6,0,2,91,18446722081329507340
55,2,6,0,2,92,18446651712585329676
55,2,6,0,2,93,18446722081329507340
55,2,6,0,2,94,18446722081329507340
55,2,6,0,2,95,18446722081329507340
55,2,6,0,2,96,18446722081329507340
55,2,6,0,2,97,18446722081329507340
55,2,6,0,2,98,18446722081329507340
55,2,6,0,2,99,18446722081329507340
56,2,6,0,4,0,18446744071562062941
56,2,6,0,4,1,18446744071562062941
56,2,6,0,4,2,18446744071562062940
56,2,6,0,4,3,18446744071562062941
56,2,6,0,4,4,18446744071562062941
56,2,6,0,4,5,18446744071562062941
56,2,6,0,4,6,18446744071562062941
56,2,6,0,4,7,18446744071562062941
56,2,6,0,4,8,18446744071562062941
56,2,6,0,4,9,18446744071562062941
56,2,6,0,4,10,18446744071562062941
56,2,6,0,4,11,18446744071562062941
56,2,6,0,4,12,18446744071562062941
56,2,6,0,4,13,18446744071562062941
56,2,6,0,4,14,18446744071562062941
56,2,6,0,4,15,18446744071562062941
56,2,6,0,4,16,18446744071562062941
56,2,6,0,4,17,18446744071562062941
56,2,6,0,4,18,18446744071562062941
56,2,6,0,4,19,18446744071562062941
56,2,6,0,4,20,18446744071562062941
56,2,6,0,4,21,18446744071562062941
56,2,6,0,4,22,18446744071562062941
56,2,6,0,4,23,18446744071562062941
56,2,6,0,4,24,18446744071562062941
56,2,6,0,4,25,18446744071562062941
56,2,6,0,4,26,18446744071562062941
56,2,6,0,4,27,18446744071562062941
56,2,6,0,4,28,18446744071562062941
56,2,6,0,4,29,18446744071562062941
56,2,6,0,4,30,18446744071562062941
56,2,6,0,4,31,18446744071562062941
56,2,6,0,4,32,18446744071562062941
56,2,6,0,4,33,18446744071562062941
56,2,6,0,4,34,18446744071562062941
56,2,6,0,4,35,18446744071562062941
56,2,6,0,4,36,18446744071562062941
56,2,6,0,4,37,18446744071562062941
56,2,6,0,4,38,18446744071562062941
56,2,6,0,4,39,18446744071562062941
56,2,6,0,4,40,18446744071562062941
56,2,6,0,4,41,18446744071562062941
56,2,6,0,4,42,18446744071562062941
56,2,6,0,4,43,18446744071562062941
56,2,6,0,4,44,18446744071562062941
56,2,6,0,4,45,18446744071562062941
56,2,6,0,4,46,18446744071562062941
56,2,6,0,4,47,18446744071562062941
56,2,6,0,4,48,18446744071562062941
56,2,6,0,4,49,18446744071562062941
56,2,6,0,4,50,18446744071562062941
56,2,6,0,4,51,18446744071562062941
56,2,6,0,4,52,18446744071562062941
56,2,6,0,4,53,18446744071562062941
56,2,6,0,4,54,18446744071562062941
56,2,6,0,4,55,18446744071562062941
56,2,6,0,4,56,18446744071562062941
56,2,6,0,4,57,18446744071562062941
56,2,6,0,4,58,18446744071562062941
56,2,6,0,4,59,18446744071562062941
56,2,6,0,4,60,18446744071562062941
56,2,6,0,4,61,18446744071562062941
56,2,6,0,4,62,18446744071562062941
56,2,6,0,4,63,18446744071562062941
56,2,6,0,4,64,18446744071562062941
56,2,6,0,4,65,18446744071562062941
56,2,6,0,4,66,18446744071562062941
56,2,6,0,4,67,18446744071562062941
56,2,6,0,4,68,18446744071562062941
56,2,6,0,4,69,18446744071562062941
56,2,6,0,4,70,18446744071562062941
56,2,6,0,4,71,18446744071562062941
56,2,6,0,4,72,18446744071562062941
56,2,6,0,4,73,18446744071562062941
56,2,6,0,4,74,18446744071562062941
56,2,6,0,4,75,18446744071562062941
56,2,6,0,4,76,18446744071562062941
56,2,6,0,4,77,18446744071562062941
56,2,6,0,4,78,18446744071562062941
56,2,6,0,4,79,18446744071562062941
56,2,6,0,4,80,18446744071562062941
56,2,6,0,4,81,18446744071562062941
56,2,6,0,4,82,18446744071562062941
56,2,6,0,4,83,18446744071562062941
56,2,6,0,4,84,18446744071562062941
56,2,6,0,4,85,18446744071562062941
56,2,6,0,4,86,18446744071562062941
56,2,6,0,4,87,18446744071562062941
56,2,6,0,4,88,18446744071562062941
56,2,6,0,4,89,18446744071562062941
56,2,6,0,4,90,18446744071562062941
56,2,6,0,4,91,18446744071562062941
56,2,6,0,4,92,18446744071562062941
56,2,6,0,4,93,18446744071562062941
56,2,6,0,4,94,18446744071562062941
56,2,6,0,4,95,18446744071562062941
56,2,6,0,4,96,18446744071562062941
56,2,6,0,4,97,18446744071562062941
56,2,6,0,4,98,18446744071562062941
56,2,6,0,4,99,18446744071562062941
57,2,6,0,6,0,18446744071562062876
57,2,6,0,6,1,18446744071562062876
57,2,6,0,6,2,18446744071562062876
57,2,6,0,6,3,18446744071562062876
57,2,6,0,6,4,18446744071562062876
57,2,6,0,6,5,18446744071562062876
57,2,6,0,6,6,18446744071562062876
57,2,6,0,6,7,18446744071562062876
57,2,6,0,6,8,18446744071562062876
57,2,6,0,6,9,18446744071562062876
57,2,6,0,6,10,18446744071562062876
57,2,6,0,6,11,18446744071562062876
57,2,6,0,6,12,18446744071562062876
57,2,6,0,6,13,18446744071562062876
57,2,6,0,6,14,18446744071562062876
57,2,6,0,6,15,18446744071562062876
57,2,6,0,6,16,18446744071562062876
57,2,6,0,6,17,18446744071562062876
57,2,6,0,6,18,18446744071562062876
57,2,6,0,6,19,18446744071562062876
57,2,6,0,6,20,18446744071562062876
57,2,6,0,6,21,18446744071562062876
57,2,6,0,6,22,18446744071562062876
57,2,6,0,6,23,18446744071562062876
57,2,6,0,6,24,18446744071562062876
57,2,6,0,6,25,18446744071562062876
57,2,6,0,6,26,18446744071562062876
57,2,6,0,6,27,18446744071562062876
57,2,6,0,6,28,18446744071562062876
57,2,6,0,6,29,18446744071562062876
57,2,6,0,6,30,18446744071562062876
57,2,6,0,6,31,18446744071562062876
57,2,6,0,6,32,18446744071562062876
57,2,6,0,6,33,18446744071562062876
57,2,6,0,6,34,18446744071562062876
57,2,6,0,6,35,18446744071562062876
57,2,6,0,6,36,18446744071562062876
57,2,6,0,6,37,18446744071562062876
57,2,6,0,6,38,18446744071562062876
57,2,6,0,6,39,18446744071562062876
57,2,6,0,6,40,18446744071562062876
57,2,6,0,6,41,18446744071562062876
57,2,6,0,6,42,18446744071562062876
57,2,6,0,6,43,18446744071562062876
57,2,6,0,6,44,18446744071562062876
57,2,6,0,6,45,18446744071562062876
57,2,6,0,6,46,18446744071562062876
57,2,6,0,6,47,18446744071562062876
57,2,6,0,6,48,18446744071562062876
57,2,6,0,6,49,18446744071562062876
57,2,6,0,6,50,18446744071562062876
57,2,6,0,6,51,18446744071562062876
57,2,6,0,6,52,18446744071562062876
57,2,6,0,6,53,18446744071562062876
57,2,6,0,6,54,18446744071562062876
57,2,6,0,6,55,18446744071562062876
57,2,6,0,6,56,18446744071562062876
57,2,6,0,6,57,18446744071562062876
57,2,6,0,6,58,18446744071562062876
57,2,6,0,6,59,18446744071562062876
57,2,6,0,6,60,18446744071562062876
57,2,6,0,6,61,18446744071562062876
57,2,6,0,6,62,18446744071562062876
57,2,6,0,6,63,18446744071562062876
57,2,6,0,6,64,18446744071562062876
57,2,6,0,6,65,18446744071562062876
57,2,6,0,6,66,18446744071562062876
57,2,6,0,6,67,18446744071562062876
57,2,6,0,6,68,18446744071562062876
57,2,6,0,6,69,18446744071562062876
57,2,6,0,6,70,18446744071562062876
57,2,6,0,6,71,18446744071562062876
57,2,6,0,6,72,18446744071562062876
57,2,6,0,6,73,18446744071562062876
57,2,6,0,6,74,18446744071562062876
57,2,6,0,6,75,18446744071562062876
57,2,6,0,6,76,18446744071562062876
57,2,6,0,6,77,18446744071562062876
57,2,6,0,6,78,18446744071562062876
57,2,6,0,6,79,18446744071562062876
57,2,6,0,6,80,18446744071562062876
57,2,6,0,6,81,18446744071562062876
57,2,6,0,6,82,18446744071562062876
57,2,6,0,6,83,18446744071562062876
57,2,6,0,6,84,18446744071562062876
57,2,6,0,6,85,18446744071562062876
57,2,6,0,6,86,18446744071562062876
57,2,6,0,6,87,18446744071562062876
57,2,6,0,6,88,18446744071562062876
57,2,6,0,6,89,18446744071562062876
57,2,6,0,6,90,18446744071562062876
57,2,6,0,6,91,18446744071562062876
57,2,6,0,6,92,18446744071562062876
57,2,6,0,6,93,18446744071562062876
57,2,6,0,6,94,18446744071562062876
57,2,6,0,6,95,18446744071562062876
57,2,6,0,6,96,18446744071562062876
57,2,6,0,6,97,18446744071562062876
57,2,6,0,6,98,18446744071562062876
57,2,6,0,6,99,18446744071562062876
58,2,7,0,1,0,2147491770
58,2,7,0,1,1,2147491770
58,2,7,0,1,2,2147491770
58,2,7,0,1,3,2147491770
58,2,7,0,1,4,2147491770
58,2,7,0,1,5,2147491770
58,2,7,0,1,6,2147491770
58,2,7,0,1,7,2147491770
58,2,7,0,1,8,2147491770
58,2,7,0,1,9,2147491770
58,2,7,0,1,10,2147491770
58,2,7,0,1,11,2147491770
58,2,7,0,1,12,2147491770
58,2,7,0,1,13,2147491770
58,2,7,0,1,14,2147491770
58,2,7,0,1,15,2147491770
58,2,7,0,1,16,2147491770
58,2,7,0,1,17,2147491770
58,2,7,0,1,18,2147491770
58,2,7,0,1,19,2147491770
58,2,7,0,1,20,2147491770
58,2,7,0,1,21,2147491770
58,2,7,0,1,22,2147491770
58,2,7,0,1,23,2147491770
58,2,7,0,1,24,2147491770
58,2,7,0,1,25,2147491770
58,2,7,0,1,26,2147491770
58,2,7,0,1,27,2147491770
58,2,7,0,1,28,2147491770
58,2,7,0,1,29,2147491770
58,2,7,0,1,30,2147491770
58,2,7,0,1,31,2147491770
58,2,7,0,1,32,2147491770
58,2,7,0,1,33,2147491770
58,2,7,0,1,34,2147491770
58,2,7,0,1,35,2147491770
58,2,7,0,1,36,2147491770
58,2,7,0,1,37,2147491770
58,2,7,0,1,38,2147491770
58,2,7,0,1,39,2147491770
58,2,7,0,1,40,2147491770
58,2,7,0,1,41,2147491770
58,2,7,0,1,42,2147491770
58,2,7,0,1,43,2147491770
58,2,7,0,1,44,2147491770
58,2,7,0,1,45,2147491770
58,2,7,0,1,46,2147491770
58,2,7,0,1,47,2147491770
58,2,7,0,1,48,2147491770
58,2,7,0,1,49,2147491770
58,2,7,0,1,50,2147491770
58,2,7,0,1,51,2147491770
58,2,7,0,1,52,2147491770
58,2,7,0,1,53,2147491770
58,2,7,0,1,54,2147491770
58,2,7,0,1,55,2147491770
58,2,7,0,1,56,2147491770
58,2,7,0,1,57,2147491770
58,2,7,0,1,58,2147491770
58,2,7,0,1,59,2147491770
58,2,7,0,1,60,2147491770
58,2,7,0,1,61,2147491770
58,2,7,0,1,62,2147491770
58,2,7,0,1,63,2147491770
58,2,7,0,1,64,2147491770
58,2,7,0,1,65,2147491770
58,2,7,0,1,66,2147491770
58,2,7,0,1,67,2147491770
58,2,7,0,1,68,2147491770
58,2,7,0,1,69,2147491770
58,2,7,0,1,70,2147491770
58,2,7,0,1,71,2147491770
58,2,7,0,1,72,2147491770
58,2,7,0,1,73,2147491770
58,2,7,0,1,74,2147491770
58,2,7,0,1,75,2147491770
58,2,7,0,1,76,2147491770
58,2,7,0,1,77,2147491770
58,2,7,0,1,78,2147491770
58,2,7,0,1,79,2147491770
58,2,7,0,1,80,2147491770
58,2,7,0,1,81,2147491770
58,2,7,0,1,82,2147491770
58,2,7,0,1,83,2147491770
58,2,7,0,1,84,2147491770
58,2,7,0,1,85,2147491770
58,2,7,0,1,86,2147491770
58,2,7,0,1,87,2147491770
58,2,7,0,1,88,2147491770
58,2,7,0,1,89,2147491770
58,2,7,0,1,90,2147491770
58,2,7,0,1,91,2147491770
58,2,7,0,1,92,2147491770
58,2,7,0,1,93,2147491770
58,2,7,0,1,94,2147491770
58,2,7,0,1,95,2147491770
58,2,7,0,1,96,2147491770
58,2,7,0,1,97,2147491770
58,2,7,0,1,98,2147491770
58,2,7,0,1,99,2147491770
59,2,7,0,3,0,2147491770
59,2,7,0,3,1,2147491770
59,2,7,0,3,2,2147491770
59,2,7,0,3,3,2147491770
59,2,7,0,3,4,2147491770
59,2,7,0,3,5,2147491770
59,2,7,0,3,6,2147491770
59,2,7,0,3,7,2147491770
59,2,7,0,3,8,2147491770
59,2,7,0,3,9,2147491770
59,2,7,0,3,10,2147491770
59,2,7,0,3,11,2147491770
59,2,7,0,3,12,2147491770
59,2,7,0,3,13,2147491770
59,2,7,0,3,14,2147491770
59,2,7,0,3,15,2147491770
59,2,7,0,3,16,2147491770
59,2,7,0,3,17,2147491770
59,2,7,0,3,18,2147491770
59,2,7,0,3,19,2147491770
59,2,7,0,3,20,2147491770
59,2,7,0,3,21,2147491770
59,2,7,0,3,22,2147491770
59,2,7,0,3,23,2147491770
59,2,7,0,3,24,2147491770
59,2,7,0,3,25,2147491770
59,2,7,0,3,26,2147491770
59,2,7,0,3,27,2147491770
59,2,7,0,3,28,2147491770
59,2,7,0,3,29,2147491770
59,2,7,0,3,30,2147491770
59,2,7,0,3,31,2147491770
59,2,7,0,3,32,2147491770
59,2,7,0,3,33,2147491770
59,2,7,0,3,34,2147491770
59,2,7,0,3,35,2147491770
59,2,7,0,3,36,2147491770
59,2,7,0,3,37,2147491770
59,2,7,0,3,38,2147491770
59,2,7,0,3,39,2147491770
59,2,7,0,3,40,2147491770
59,2,7,0,3,41,2147491770
59,2,7,0,3,42,2147491770
59,2,7,0,3,43,2147491770
59,2,7,0,3,44,2147491770
59,2,7,0,3,45,2147491770
59,2,7,0,3,46,2147491770
59,2,7,0,3,47,2147491770
59,2,7,0,3,48,2147491770
59,2,7,0,3,49,2147491770
59,2,7,0,3,50,2147491770
59,2,7,0,3,51,2147491770
59,2,7,0,3,52,2147491770
59,2,7,0,3,53,2147491770
59,2,7,0,3,54,2147491770
59,2,7,0,3,55,2147491770
59,2,7,0,3,56,2147491770
59,2,7,0,3,57,2147491770
59,2,7,0,3,58,2147491770
59,2,7,0,3,59,2147491770
59,2,7,0,3,60,2147491770
59,2,7,0,3,61,2147491770
59,2,7,0,3,62,2147491770
59,2,7,0,3,63,2147491770
59,2,7,0,3,64,2147491770
59,2,7,0,3,65,2147491770
59,2,7,0,3,66,2147491770
59,2,7,0,3,67,2147491770
59,2,7,0,3,68,2147491770
59,2,7,0,3,69,2147491770
59,2,7,0,3,70,2147491770
59,2,7,0,3,71,2147491770
59,2,7,0,3,72,2147491770
59,2,7,0,3,73,2147491770
59,2,7,0,3,74,2147491770
59,2,7,0,3,75,2147491770
59,2,7,0,3,76,2147491770
59,2,7,0,3,77,2147491770
59,2,7,0,3,78,2147491770
59,2,7,0,3,79,2147491770
59,2,7,0,3,80,2147491770
59,2,7,0,3,81,2147491770
59,2,7,0,3,82,2147491770
59,2,7,0,3,83,2147491770
59,2,7,0,3,84,2147491770
59,2,7,0,3,85,2147491770
59,2,7,0,3,86,2147491770
59,2,7,0,3,87,2147491770
59,2,7,0,3,88,2147491770
59,2,7,0,3,89,2147491770
59,2,7,0,3,90,2147491770
59,2,7,0,3,91,2147491770
59,2,7,0,3,92,2147491770
59,2,7,0,3,93,2147491770
59,2,7,0,3,94,2147491770
59,2,7,0,3,95,2147491770
59,2,7,0,3,96,2147491770
59,2,7,0,3,97,2147491770
59,2,7,0,3,98,2147491770
59,2,7,0,3,99,2147491770
60,2,7,0,5,0,289923626216464379
60,2,7,0,5,1,289923626216464379
60,2,7,0,5,2,289923626216464379
60,2,7,0,5,3,289923626216464379
60,2,7,0,5,4,289923626216464379
60,2,7,0,5,5,289923626216464379
60,2,7,0,5,6,289923626216464379
60,2,7,0,5,7,289923626216464379
60,2,7,0,5,8,289923626216464379
60,2,7,0,5,9,289923626216464379
60,2,7,0,5,10,289923626216464379
60,2,7,0,5,11,289923626216464378
60,2,7,0,5,12,289923626216464379
60,2,7,0,5,13,289923626216464379
60,2,7,0,5,14,289923626216464379
60,2,7,0,5,15,289923626216464379
60,2,7,0,5,16,289923626216464379
60,2,7,0,5,17,289923626216464379
60,2,7,0,5,18,289923626216464379
60,2,7,0,5,19,289923626216464379
60,2,7,0,5,20,289923626216464379
60,2,7,0,5,21,289923626216464379
60,2,7,0,5,22,289923626216464379
60,2,7,0,5,23,289923626216464379
60,2,7,0,5,24,289923626216464379
60,2,7,0,5,25,289923626216464379
60,2,7,0,5,26,289923626216464379
60,2,7,0,5,27,289923626216464379
60,2,7,0,5,28,289923626216464379
60,2,7,0,5,29,289923626216464379
60,2,7,0,5,30,289923626216464379
60,2,7,0,5,31,289923626216464379
60,2,7,0,5,32,289923626216464379
60,2,7,0,5,33,289923626216464379
60,2,7,0,5,34,289923626216464379
60,2,7,0,5,35,289923626216464379
60,2,7,0,5,36,289923626216464379
60,2,7,0,5,37,289923626216464379
60,2,7,0,5,38,289923626216464379
60,2,7,0,5,39,289923626216464379
60,2,7,0,5,40,289923626216464379
60,2,7,0,5,41,289923626216464379
60,2,7,0,5,42,289923626216464379
60,2,7,0,5,43,289923626216464379
60,2,7,0,5,44,289923626216464379
60,2,7,0,5,45,289923626216464379
60,2,7,0,5,46,289923626216464379
60,2,7,0,5,47,289923626216464379
60,2,7,0,5,48,289923626216464379
60,2,7,0,5,49,289923626216464379
60,2,7,0,5,50,289923626216464379
60,2,7,0,5,51,289923626216464379
60,2,7,0,5,52,289923626216464379
60,2,7,0,5,53,289923626216464379
60,2,7,0,5,54,289923626216464379
60,2,7,0,5,55,289923626216464379
60,2,7,0,5,56,289923626216464379
60,2,7,0,5,57,289923626216464379
60,2,7,0,5,58,289923626216464379
60,2,7,0,5,59,289923626216464379
60,2,7,0,5,60,289923626216464379
60,2,7,0,5,61,289923626216464379
60,2,7,0,5,62,289923626216464379
60,2,7,0,5,63,289923626216464379
60,2,7,0,5,64,289923626216464379
60,2,7,0,5,65,289923626216464379
60,2,7,0,5,66,289923626216464379
60,2,7,0,5,67,289923626216464379
60,2,7,0,5,68,289923626216464379
60,2,7,0,5,69,289923626216464379
60,2,7,0,5,70,289923626216464379
60,2,7,0,5,71,289923626216464379
60,2,7,0,5,72,289923626216464379
60,2,7,0,5,73,289923626216464379
60,2,7,0,5,74,289923626216464379
60,2,7,0,5,75,289923626216464379
60,2,7,0,5,76,289923626216464379
60,2,7,0,5,77,289923626216464379
60,2,7,0,5,78,289923626216464379
60,2,7,0,5,79,289923626216464379
60,2,7,0,5,80,289923626216464379
60,2,7,0,5,81,289923626216464379
60,2,7,0,5,82,289923626216464379
60,2,7,0,5,83,289923626216464379
60,2,7,0,5,84,289923626216464379
60,2,7,0,5,85,289923626216464379
60,2,7,0,5,86,289923626216464379
60,2,7,0,5,87,289923626216464379
60,2,7,0,5,88,289923626216464379
60,2,7,0,5,89,289923626216464379
60,2,7,0,5,90,289923626216464379
60,2,7,0,5,91,289923626216464379
60,2,7,0,5,92,289923626216464379
60,2,7,0,5,93,289923626216464379
60,2,7,0,5,94,289923626216464379
60,2,7,0,5,95,289923626216464379
60,2,7,0,5,96,289923626216464379
60,2,7,0,5,97,289923626216464379
60,2,7,0,5,98,289923626216464379
60,2,7,0,5,99,289923626216464379
61,2,7,0,7,0,289923626216464378
61,2,7,0,7,1,289923626216464378
61,2,7,0,7,2,289923626216464378
61,2,7,0,7,3,289923626216464378
61,2,7,0,7,4,289923626208075770
61,2,7,0,7,5,289923626208075770
61,2,7,0,7,6,289923626208075770
61,2,7,0,7,7,289923626216464378
61,2,7,0,7,8,289923626216464378
61,2,7,0,7,9,289923626208075770
61,2,7,0,7,10,289923626216464378
61,2,7,0,7,11,289923626216464378
61,2,7,0,7,12,289923626216464378
61,2,7,0,7,13,289923626216464378
61,2,7,0,7,14,289923626216464378
61,2,7,0,7,15,289923626216464378
61,2,7,0,7,16,289923626216464378
61,2,7,0,7,17,289923626216464378
61,2,7,0,7,18,289923626208075770
61,2,7,0,7,19,289923626216464378
61,2,7,0,7,20,289923626216464378
61,2,7,0,7,21,289923626208075770
61,2,7,0,7,22,289923626216464378
61,2,7,0,7,23,289923626216464378
61,2,7,0,7,24,289923626208075770
61,2,7,0,7,25,289923626216464378
61,2,7,0,7,26,289923626216464378
61,2,7,0,7,27,289923626216464378
61,2,7,0,7,28,289923626216464378
61,2,7,0,7,29,289923626216464378
61,2,7,0,7,30,289923626216464378
61,2,7,0,7,31,289923626216464378
61,2,7,0,7,32,289923626216464378
61,2,7,0,7,33,289923626216464378
61,2,7,0,7,34,289923626216464378
61,2,7,0,7,35,289923626216464378
61,2,7,0,7,36,289923626216464378
61,2,7,0,7,37,289923626216464378
61,2,7,0,7,38,289923626216464378
61,2,7,0,7,39,289923626216464378
61,2,7,0,7,40,289923626216464378
61,2,7,0,7,41,289923626216464378
61,2,7,0,7,42,289923626216464378
61,2,7,0,7,43,289923626216464378
61,2,7,0,7,44,289923626216464378
61,2,7,0,7,45,289923626216464378
61,2,7,0,7,46,289923626216464378
61,2,7,0,7,47,289923626216464378
61,2,7,0,7,48,289923626216464378
61,2,7,0,7,49,289923626216464378
61,2,7,0,7,50,289923626216464378
61,2,7,0,7,51,289923626216464378
61,2,7,0,7,52,289923626208075770
61,2,7,0,7,53,289923626216464378
61,2,7,0,7,54,289923626216464378
61,2,7,0,7,55,289923626216464378
61,2,7,0,7,56,289923626216464378
61,2,7,0,7,57,289923626216464378
61,2,7,0,7,58,289923626216464378
61,2,7,0,7,59,289923626216464378
61,2,7,0,7,60,289923626216464378
61,2,7,0,7,61,289923626216464378
61,2,7,0,7,62,289923626216464378
61,2,7,0,7,63,289923626216464378
61,2,7,0,7,64,289923626216464378
61,2,7,0,7,65,289923626216464378
61,2,7,0,7,66,289923626216464378
61,2,7,0,7,67,289923626216464378
61,2,7,0,7,68,289923626216464378
61,2,7,0,7,69,289923626216464378
61,2,7,0,7,70,289923626208075770
61,2,7,0,7,71,289923626216464378
61,2,7,0,7,72,289923626208075770
61,2,7,0,7,73,289923626208075770
61,2,7,0,7,74,289923626216464378
61,2,7,0,7,75,289923626216464378
61,2,7,0,7,76,289923626216464378
61,2,7,0,7,77,289923626216464378
61,2,7,0,7,78,289923626216464378
61,2,7,0,7,79,289923626216464378
61,2,7,0,7,80,289923626216464378
61,2,7,0,7,81,289923626216464378
61,2,7,0,7,82,289923626216464378
61,2,7,0,7,83,289923626216464378
61,2,7,0,7,84,289923626216464378
61,2,7,0,7,85,289923626216464378
61,2,7,0,7,86,289923626208075770
61,2,7,0,7,87,289923626216464378
61,2,7,0,7,88,289923626216464378
61,2,7,0,7,89,289923626216464378
61,2,7,0,7,90,289923626216464378
61,2,7,0,7,91,289923626216464378
61,2,7,0,7,92,289923626216464378
61,2,7,0,7,93,289923626216464378
61,2,7,0,7,94,289923626216464378
61,2,7,0,7,95,289923626216464378
61,2,7,0,7,96,289923626216464378
61,2,7,0,7,97,289923626216464378
61,2,7,0,7,98,289923626216464378
61,2,7,0,7,99,289923626216464378
62,2,0,1,1,0,18446740489559338079
62,2,0,1,1,1,18446740489559338079
62,2,0,1,1,2,18446740489559338079
62,2,0,1,1,3,18446740489559338079
62,2,0,1,1,4,18446740489559338079
62,2,0,1,1,5,18446740489559338079
62,2,0,1,1,6,18446740489559338079
62,2,0,1,1,7,18446740489559338079
62,2,0,1,1,8,18446740489559338079
62,2,0,1,1,9,18446740489559338079
62,2,0,1,1,10,18446740489559338079
62,2,0,1,1,11,18446740489559338079
62,2,0,1,1,12,18446740489559338079
62,2,0,1,1,13,18446740489559338079
62,2,0,1,1,14,18446740489559338079
62,2,0,1,1,15,18446740489559338079
62,2,0,1,1,16,18446740489559338079
62,2,0,1,1,17,18446740489559338079
62,2,0,1,1,18,18446740489559338079
62,2,0,1,1,19,18446740489559338079
62,2,0,1,1,20,18446740489559338079
62,2,0,1,1,21,18446740489559338079
62,2,0,1,1,22,18446740489559338079
62,2,0,1,1,23,18446740489559338079
62,2,0,1,1,24,18446740489559338079
62,2,0,1,1,25,18446740489559338079
62,2,0,1,1,26,18446740489559338079
62,2,0,1,1,27,18446740489559338079
62,2,0,1,1,28,18446740489559338079
62,2,0,1,1,29,18446740489559338079
62,2,0,1,1,30,18446740489559338079
62,2,0,1,1,31,18446740489559338079
62,2,0,1,1,32,18446740489559338079
62,2,0,1,1,33,18446740489559338079
62,2,0,1,1,34,18446740489559338079
62,2,0,1,1,35,18446740489559338079
62,2,0,1,1,36,18446740489559338079
62,2,0,1,1,37,18446740489559338079
62,2,0,1,1,38,18446740489559338079
62,2,0,1,1,39,18446740489559338079
62,2,0,1,1,40,18446740489559338079
62,2,0,1,1,41,18446740489559338079
62,2,0,1,1,42,18446740489559338079
62,2,0,1,1,43,18446740489559338079
62,2,0,1,1,44,18446740489559338079
62,2,0,1,1,45,18446740489559338079
62,2,0,1,1,46,18446740489559338079
62,2,0,1,1,47,18446740489559338079
62,2,0,1,1,48,18446740489559338079
62,2,0,1,1,49,18446740489559338079
62,2,0,1,1,50,18446740489559338079
62,2,0,1,1,51,18446740489559338079
62,2,0,1,1,52,18446740489559338079
62,2,0,1,1,53,18446740489559338079
62,2,0,1,1,54,18446740489559338079
62,2,0,1,1,55,18446740489559338079
62,2,0,1,1,56,18446740489559338079
62,2,0,1,1,57,18446740489559338079
62,2,0,1,1,58,18446740489559338079
62,2,0,1,1,59,18446740489559338079
62,2,0,1,1,60,18446740489559338079
62,2,0,1,1,61,18446740489559338079
62,2,0,1,1,62,18446740489559338079
62,2,0,1,1,63,18446740489559338079
62,2,0,1,1,64,18446740489559338079
62,2,0,1,1,65,18446740489559338079
62,2,0,1,1,66,18446740489559338079
62,2,0,1,1,67,18446740489559338079
62,2,0,1,1,68,18446740489559338079
62,2,0,1,1,69,18446740489559338079
62,2,0,1,1,70,18446740489559338079
62,2,0,1,1,71,18446740489559338079
62,2,0,1,1,72,18446740489559338079
62,2,0,1,1,73,18446740489559338079
62,2,0,1,1,74,18446740489559338079
62,2,0,1,1,75,18446740489559338079
62,2,0,1,1,76,18446740489559338079
62,2,0,1,1,77,18446740489559338079
62,2,0,1,1,78,18446740489559338079
62,2,0,1,1,79,18446740489559338079
62,2,0,1,1,80,18446740489559338079
62,2,0,1,1,81,18446740489559338079
62,2,0,1,1,82,18446740489559338079
62,2,0,1,1,83,18446740489559338079
62,2,0,1,1,84,18446740489559338079
62,2,0,1,1,85,18446740489559338079
62,2,0,1,1,86,18446740489559338079
62,2,0,1,1,87,18446740489559338079
62,2,0,1,1,88,18446740489559338079
62,2,0,1,1,89,18446740489559338079
62,2,0,1,1,90,18446740489559338079
62,2,0,1,1,91,18446740489559338079
62,2,0,1,1,92,18446740489559338079
62,2,0,1,1,93,18446740489559338079
62,2,0,1,1,94,18446740489559338079
62,2,0,1,1,95,18446740489559338079
62,2,0,1,1,96,18446740489559338079
62,2,0,1,1,97,18446740489559338079
62,2,0,1,1,98,18446740489559338079
62,2,0,1,1,99,18446740489559338079
63,2,0,1,3,0,18446740489559338079
63,2,0,1,3,1,18446740489559338079
63,2,0,1,3,2,18446740489559338079
63,2,0,1,3,3,18446740489559338079
63,2,0,1,3,4,18446740489559338079
63,2,0,1,3,5,18446740489559338079
63,2,0,1,3,6,18446740489559338079
63,2,0,1,3,7,18446740489559338079
63,2,0,1,3,8,18446741589070965855
63,2,0,1,3,9,18446740489559338079
63,2,0,1,3,10,18446740489559338079
63,2,0,1,3,11,18446740489559338079
63,2,0,1,3,12,18446740489559338079
63,2,0,1,3,13,18446740489559338079
63,2,0,1,3,14,18446740489559338079
63,2,0,1,3,15,18446740489559338079
63,2,0,1,3,16,18446740489559338079
63,2,0,1,3,17,18446741589070965855
63,2,0,1,3,18,18446741589070965855
63,2,0,1,3,19,18446740489559338079
63,2,0,1,3,20,18446741589070965855
63,2,0,1,3,21,18446740489559338079
63,2,0,1,3,22,18446740489559338079
63,2,0,1,3,23,18446740489559338079
63,2,0,1,3,24,18446740489559338079
63,2,0,1,3,25,18446740489559338079
63,2,0,1,3,26,18446740489559338079
63,2,0,1,3,27,18446740489559338079
63,2,0,1,3,28,18446740489559338079
63,2,0,1,3,29,18446740489559338079
63,2,0,1,3,30,18446740489559338079
63,2,0,1,3,31,18446740489559338079
63,2,0,1,3,32,18446740489559338079
63,2,0,1,3,33,18446740489559338079
63,2,0,1,3,34,18446740489559338079
63,2,0,1,3,35,18446741589070965855
63,2,0,1,3,36,18446740489559338079
63,2,0,1,3,37,18446740489559338079
63,2,0,1,3,38,18446740489559338079
63,2,0,1,3,39,18446740489559338079
63,2,0,1,3,40,18446740489559338079
63,2,0,1,3,41,18446740489559338079
63,2,0,1,3,42,18446740489559338079
63,2,0,1,3,43,18446740489559338079
63,2,0,1,3,44,18446740489559338079
63,2,0,1,3,45,18446740489559338079
63,2,0,1,3,46,18446741589070965855
63,2,0,1,3,47,18446740489559338079
63,2,0,1,3,48,18446741589070965855
63,2,0,1,3,49,18446740489559338079
63,2,0,1,3,50,18446740489559338079
63,2,0,1,3,51,18446740489559338079
63,2,0,1,3,52,18446741589070965855
63,2,0,1,3,53,18446740489559338079
63,2,0,1,3,54,18446741589070965855
63,2,0,1,3,55,18446740489559338079
63,2,0,1,3,56,18446740489559338079
63,2,0,1,3,57,18446740489559338079
63,2,0,1,3,58,18446740489559338079
63,2,0,1,3,59,18446740489559338079
63,2,0,1,3,60,18446741589070965855
63,2,0,1,3,61,18446741589070965855
63,2,0,1,3,62,18446740489559338079
63,2,0,1,3,63,18446740489559338079
63,2,0,1,3,64,18446740489559338079
63,2,0,1,3,65,18446740489559338079
63,2,0,1,3,66,18446740489559338079
63,2,0,1,3,67,18446740489559338079
63,2,0,1,3,68,18446740489559338079
63,2,0,1,3,69,18446741589070965855
63,2,0,1,3,70,18446740489559338079
63,2,0,1,3,71,18446740489559338079
63,2,0,1,3,72,18446740489559338079
63,2,0,1,3,73,18446741589070965855
63,2,0,1,3,74,18446741589070965855
63,2,0,1,3,75,18446741589070965855
63,2,0,1,3,76,18446741589070965855
63,2,0,1,3,77,18446740489559338079
63,2,0,1,3,78,18446741589070965855
63,2,0,1,3,79,18446740489559338079
63,2,0,1,3,80,18446740489559338079
63,2,0,1,3,81,18446740489559338079
63,2,0,1,3,82,18446740489559338079
63,2,0,1,3,83,18446740489559338079
63,2,0,1,3,84,18446740489559338079
63,2,0,1,3,85,18446741589070965855
63,2,0,1,3,86,18446740489559338079
63,2,0,1,3,87,18446740489559338079
63,2,0,1,3,88,18446741589070965855
63,2,0,1,3,89,18446740489559338079
63,2,0,1,3,90,18446740489559338079
63,2,0,1,3,91,18446740489559338079
63,2,0,1,3,92,18446741589070965855
63,2,0,1,3,93,18446740489559338079
63,2,0,1,3,94,18446740489559338079
63,2,0,1,3,95,18446740489559338079
63,2,0,1,3,96,18446740489559338079
63,2,0,1,3,97,18446741589070965855
63,2,0,1,3,98,18446740489559338079
63,2,0,1,3,99,18446740489559338079
64,2,0,1,5,0,18446740489559338079
64,2,0,1,5,1,18446740489559338079
64,2,0,1,5,2,18446740489559338079
64,2,0,1,5,3,18446740489559338079
64,2,0,1,5,4,18446740489559338079
64,2,0,1,5,5,18446740489559338079
64,2,0,1,5,6,18446740489559338079
64,2,0,1,5,7,18446740489559338079
64,2,0,1,5,8,18446740489559338079
64,2,0,1,5,9,18446740489559338079
64,2,0,1,5,10,18446740489559338079
64,2,0,1,5,11,18446740489559338079
64,2,0,1,5,12,18446740489559338079
64,2,0,1,5,13,18446740489559338079
64,2,0,1,5,14,18446740489559338079
64,2,0,1,5,15,18446740489559338079
64,2,0,1,5,16,18446740489559338079
64,2,0,1,5,17,18446740489559338079
64,2,0,1,5,18,18446740489559338079
64,2,0,1,5,19,18446740489559338079
64,2,0,1,5,20,18446740489559338079
64,2,0,1,5,21,18446740489559338079
64,2,0,1,5,22,18446740489559338079
64,2,0,1,5,23,18446740489559338079
64,2,0,1,5,24,18446740489559338079
64,2,0,1,5,25,18446740489559338079
64,2,0,1,5,26,18446740489559338079
64,2,0,1,5,27,18446740489559338079
64,2,0,1,5,28,18446740489559338079
64,2,0,1,5,29,18446740489559338079
64,2,0,1,5,30,18446740489559338079
64,2,0,1,5,31,18446740489559338079
64,2,0,1,5,32,18446740489559338079
64,2,0,1,5,33,18446740489559338079
64,2,0,1,5,34,18446740489559338079
64,2,0,1,5,35,18446740489559338079
64,2,0,1,5,36,18446740489559338079
64,2,0,1,5,37,18446740489559338079
64,2,0,1,5,38,18446740489559338079
64,2,0,1,5,39,18446740489559338079
64,2,0,1,5,40,18446740489559338079
64,2,0,1,5,41,18446740489559338079
64,2,0,1,5,42,18446740489559338079
64,2,0,1,5,43,18446740489559338079
64,2,0,1,5,44,18446740489559338079
64,2,0,1,5,45,18446740489559338079
64,2,0,1,5,46,18446740489559338079
64,2,0,1,5,47,18446740489559338079
64,2,0,1,5,48,18446740489559338079
64,2,0,1,5,49,18446740489559338079
64,2,0,1,5,50,18446740489559338079
64,2,0,1,5,51,18446740489559338079
64,2,0,1,5,52,18446740489559338079
64,2,0,1,5,53,18446740489559338079
64,2,0,1,5,54,18446740489559338079
64,2,0,1,5,55,18446740489559338079
64,2,0,1,5,56,18446740489559338079
64,2,0,1,5,57,18446740489559338079
64,2,0,1,5,58,18446740489559338079
64,2,0,1,5,59,18446740489559338079
64,2,0,1,5,60,18446740489559338079
64,2,0,1,5,61,18446740489559338079
64,2,0,1,5,62,18446740489559338079
64,2,0,1,5,63,18446740489559338079
64,2,0,1,5,64,18446740489559338079
64,2,0,1,5,65,18446740489559338079
64,2,0,1,5,66,18446740489559338079
64,2,0,1,5,67,18446740489559338079
64,2,0,1,5,68,18446740489559338079
64,2,0,1,5,69,18446740489559338079
64,2,0,1,5,70,18446740489559338079
64,2,0,1,5,71,18446740489559338079
64,2,0,1,5,72,18446740489559338079
64,2,0,1,5,73,18446740489559338079
64,2,0,1,5,74,18446740489559338079
64,2,0,1,5,75,18446740489559338079
64,2,0,1,5,76,18446740489559338079
64,2,0,1,5,77,18446740489559338079
64,2,0,1,5,78,18446740489559338079
64,2,0,1,5,79,18446740489559338079
64,2,0,1,5,80,18446740489559338079
64,2,0,1,5,81,18446740489559338079
64,2,0,1,5,82,18446740489559338079
64,2,0,1,5,83,18446740489559338079
64,2,0,1,5,84,18446740489559338079
64,2,0,1,5,85,18446740489559338079
64,2,0,1,5,86,18446740489559338079
64,2,0,1,5,87,18446740489559338079
64,2,0,1,5,88,18446740489559338079
64,2,0,1,5,89,18446740489559338079
64,2,0,1,5,90,18446740489559338079
64,2,0,1,5,91,18446740489559338079
64,2,0,1,5,92,18446740489559338079
64,2,0,1,5,93,18446740489559338079
64,2,0,1,5,94,18446740489559338079
64,2,0,1,5,95,18446740489559338079
64,2,0,1,5,96,18446740489559338079
64,2,0,1,5,97,18446740489559338079
64,2,0,1,5,98,18446740489559338079
64,2,0,1,5,99,18446740489559338079
65,2,0,1,7,0,18446741589070965855
65,2,0,1,7,1,18446741589070965855
65,2,0,1,7,2,18446743788094221407
65,2,0,1,7,3,18446741589070965855
65,2,0,1,7,4,18446741589070965855
65,2,0,1,7,5,18446741589070965855
65,2,0,1,7,6,18446741589070965855
65,2,0,1,7,7,18446741589070965855
65,2,0,1,7,8,18446741589070965855
65,2,0,1,7,9,18446741589070965855
65,2,0,1,7,10,18446741589070965855
65,2,0,1,7,11,18446741589070965855
65,2,0,1,7,12,18446741589070965855
65,2,0,1,7,13,18446741589070965855
65,2,0,1,7,14,18446741589070965855
65,2,0,1,7,15,18446741589070965855
65,2,0,1,7,16,18446741589070965855
65,2,0,1,7,17,18446741589070965855
65,2,0,1,7,18,18446741589070965855
65,2,0,1,7,19,18446741589070965855
65,2,0,1,7,20,18446741589070965855
65,2,0,1,7,21,18446741589070965855
65,2,0,1,7,22,18446741589070965855
65,2,0,1,7,23,18446741589070965855
65,2,0,1,7,24,18446741589070965855
65,2,0,1,7,25,18446741589070965855
65,2,0,1,7,26,18446741589070965855
65,2,0,1,7,27,18446741589070965855
65,2,0,1,7,28,18446741589070965855
65,2,0,1,7,29,18446741589070965855
65,2,0,1,7,30,18446741589070965855
65,2,0,1,7,31,18446741589070965855
65,2,0,1,7,32,18446741589070965855
65,2,0,1,7,33,18446741589070965855
65,2,0,1,7,34,18446741589070965855
65,2,0,1,7,35,18446741589070965855
65,2,0,1,7,36,18446741589070965855
65,2,0,1,7,37,18446741589070965855
65,2,0,1,7,38,18446741589070965855
65,2,0,1,7,39,18446741589070965855
65,2,0,1,7,40,18446741589070965855
65,2,0,1,7,41,18446741589070965855
65,2,0,1,7,42,18446741589070965855
65,2,0,1,7,43,18446741589070965855
65,2,0,1,7,44,18446741589070965855
65,2,0,1,7,45,18446741589070965855
65,2,0,1,7,46,18446741589070965855
65,2,0,1,7,47,18446741589070965855
65,2,0,1,7,48,18446741589070965855
65,2,0,1,7,49,18446741589070965855
65,2,0,1,7,50,18446741589070965855
65,2,0,1,7,51,18446741589070965855
65,2,0,1,7,52,18446741589070965855
65,2,0,1,7,53,18446741589070965855
65,2,0,1,7,54,18446741589070965855
65,2,0,1,7,55,18446741589070965855
65,2,0,1,7,56,18446741589070965855
65,2,0,1,7,57,18446741589070965855
65,2,0,1,7,58,18446741589070965855
65,2,0,1,7,59,18446741589070965855
65,2,0,1,7,60,18446741589070965855
65,2,0,1,7,61,18446741589070965855
65,2,0,1,7,62,18446741589070965855
65,2,0,1,7,63,18446741589070965855
65,2,0,1,7,64,18446741589070965855
65,2,0,1,7,65,18446741589070965855
65,2,0,1,7,66,18446741589070965855
65,2,0,1,7,67,18446741589070965855
65,2,0,1,7,68,18446741589070965855
65,2,0,1,7,69,18446741589070965855
65,2,0,1,7,70,18446741589070965855
65,2,0,1,7,71,18446741589070965855
65,2,0,1,7,72,18446741589070965855
65,2,0,1,7,73,18446741589070965855
65,2,0,1,7,74,18446741589070965855
65,2,0,1,7,75,18446741589070965855
65,2,0,1,7,76,18446741589070965855
65,2,0,1,7,77,18446741589070965855
65,2,0,1,7,78,18446741589070965855
65,2,0,1,7,79,18446741589070965855
65,2,0,1,7,80,18446741589070965855
65,2,0,1,7,81,18446741589070965855
65,2,0,1,7,82,18446741589070965855
65,2,0,1,7,83,18446741589070965855
65,2,0,1,7,84,18446741589070965855
65,2,0,1,7,85,18446741589070965855
65,2,0,1,7,86,18446741589070965855
65,2,0,1,7,87,18446741589070965855
65,2,0,1,7,88,18446741589070965855
65,2,0,1,7,89,18446741589070965855
65,2,0,1,7,90,18446741589070965855
65,2,0,1,7,91,18446741589070965855
65,2,0,1,7,92,18446741589070965855
65,2,0,1,7,93,18446741589070965855
65,2,0,1,7,94,18446741589070965855
65,2,0,1,7,95,18446741589070965855
65,2,0,1,7,96,18446741589070965855
65,2,0,1,7,97,18446741589070965855
65,2,0,1,7,98,18446741589070965855
65,2,0,1,7,99,18446741589070965855
66,2,1,1,0,0,289087374598609834
66,2,1,1,0,1,289087374598609834
66,2,1,1,0,2,289087374598609834
66,2,1,1,0,3,289087374598609834
66,2,1,1,0,4,289087924354423722
66,2,1,1,0,5,289087374598609834
66,2,1,1,0,6,289087374598609834
66,2,1,1,0,7,289087374598609834
66,2,1,1,0,8,289087374598609834
66,2,1,1,0,9,289087374598609834
66,2,1,1,0,10,289087924354423722
66,2,1,1,0,11,289087924354423722
66,2,1,1,0,12,289087374598609834
66,2,1,1,0,13,289087374598609834
66,2,1,1,0,14,289087924354423722
66,2,1,1,0,15,289087924354423722
66,2,1,1,0,16,289087374598609834
66,2,1,1,0,17,289087924354423722
66,2,1,1,0,18,289087374598609834
66,2,1,1,0,19,289087924354423722
66,2,1,1,0,20,289087374598609834
66,2,1,1,0,21,289087374598609834
66,2,1,1,0,22,289087374598609834
66,2,1,1,0,23,289087924354423722
66,2,1,1,0,24,289087374598609834
66,2,1,1,0,25,289087924354423722
66,2,1,1,0,26,289087374598609834
66,2,1,1,0,27,289087374598609834
66,2,1,1,0,28,289087374598609834
66,2,1,1,0,29,289087374598609834
66,2,1,1,0,30,289087374598609834
66,2,1,1,0,31,289087374598609834
66,2,1,1,0,32,289087374598609834
66,2,1,1,0,33,289087374598609834
66,2,1,1,0,34,289087374598609834
66,2,1,1,0,35,289087374598609834
66,2,1,1,0,36,289087374598609834
66,2,1,1,0,37,289087374598609834
66,2,1,1,0,38,289087924354423722
66,2,1,1,0,39,289087374598609834
66,2,1,1,0,40,289087374598609834
66,2,1,1,0,41,289087374598609834
66,2,1,1,0,42,289087374598609834
66,2,1,1,0,43,289087924354423722
66,2,1,1,0,44,289087374598609834
66,2,1,1,0,45,289087374598609834
66,2,1,1,0,46,289087374598609834
66,2,1,1,0,47,289087924354423722
66,2,1,1,0,48,289087374598609834
66,2,1,1,0,49,289087374598609834
66,2,1,1,0,50,289087374598609834
66,2,1,1,0,51,289087924354423722
66,2,1,1,0,52,289087924354423722
66,2,1,1,0,53,289087374598609834
66,2,1,1,0,54,289087374598609834
66,2,1,1,0,55,289087374598609834
66,2,1,1,0,56,289087374598609834
66,2,1,1,0,57,289087924354423722
66,2,1,1,0,58,289087924354423722
66,2,1,1,0,59,289087374598609834
66,2,1,1,0,60,289087924354423722
66,2,1,1,0,61,289087924354423722
66,2,1,1,0,62,289087374598609834
66,2,1,1,0,63,289087374598609834
66,2,1,1,0,64,289087374598609834
66,2,1,1,0,65,289087924354423722
66,2,1,1,0,66,289087924354423722
66,2,1,1,0,67,289087924354423722
66,2,1,1,0,68,289087374598609834
66,2,1,1,0,69,289087374598609834
66,2,1,1,0,70,289087374598609834
66,2,1,1,0,71,289087374598609834
66,2,1,1,0,72,289087374598609834
66,2,1,1,0,73,289087374598609834
66,2,1,1,0,74,289087924354423722
66,2,1,1,0,75,289087374598609834
66,2,1,1,0,76,289087374598609834
66,2,1,1,0,77,289087374598609834
66,2,1,1,0,78,289087374598609834
66,2,1,1,0,79,289087374598609834
66,2,1,1,0,80,289087924354423722
66,2,1,1,0,81,289087924354423722
66,2,1,1,0,82,289087374598609834
66,2,1,1,0,83,289087924354423722
66,2,1,1,0,84,289087374598609834
66,2,1,1,0,85,289087374598609834
66,2,1,1,0,86,289087374598609834
66,2,1,1,0,87,289087374598609834
66,2,1,1,0,88,289087374598609834
66,2,1,1,0,89,289087374598609834
66,2,1,1,0,90,289087924354423722
66,2,1,1,0,91,289087374598609834
66,2,1,1,0,92,289087374598609834
66,2,1,1,0,93,289087374598609834
66,2,1,1,0,94,289087374598609834
66,2,1,1,0,95,289087374598609834
66,2,1,1,0,96,289087924354423722
66,2,1,1,0,97,289087374598609834
66,2,1,1,0,98,289087374598609834
66,2,1,1,0,99,289087924354423722
67,2,1,1,2,0,575523470185386
67,2,1,1,2,1,575523470187434
67,2,1,1,2,2,575523470187434
67,2,1,1,2,3,575523470187434
67,2,1,1,2,4,575523470187434
67,2,1,1,2,5,575523470187434
67,2,1,1,2,6,575523470185386
67,2,1,1,2,7,575523470185386
67,2,1,1,2,8,575523470187434
67,2,1,1,2,9,575523470187434
67,2,1,1,2,10,575523470187434
67,2,1,1,2,11,575523470185386
67,2,1,1,2,12,575523470187434
67,2,1,1,2,13,575523470185386
67,2,1,1,2,14,575523470187434
67,2,1,1,2,15,575523470187434
67,2,1,1,2,16,575523470185386
67,2,1,1,2,17,575523470187434
67,2,1,1,2,18,575523470187434
67,2,1,1,2,19,575523470187434
67,2,1,1,2,20,575523470185386
67,2,1,1,2,21,575523470187434
67,2,1,1,2,22,575523470187434
67,2,1,1,2,23,575523470187434
67,2,1,1,2,24,575523470187434
67,2,1,1,2,25,575523470187434
67,2,1,1,2,26,575523470185386
67,2,1,1,2,27,575523470185386
67,2,1,1,2,28,575523470187434
67,2,1,1,2,29,575523470187434
67,2,1,1,2,30,575523470185386
67,2,1,1,2,31,575523470187434
67,2,1,1,2,32,575523470185386
67,2,1,1,2,33,575523470187434
67,2,1,1,2,34,575523470187434
67,2,1,1,2,35,575523470187434
67,2,1,1,2,36,575523470187434
67,2,1,1,2,37,575523470187434
67,2,1,1,2,38,575523470187434
67,2,1,1,2,39,575523470187434
67,2,1,1,2,40,575523470185386
67,2,1,1,2,41,575523470187434
67,2,1,1,2,42,575523470187434
67,2,1,1,2,43,575523470187434
67,2,1,1,2,44,575523470185386
67,2,1,1,2,45,575523470187434
67,2,1,1,2,46,575523470187434
67,2,1,1,2,47,575523470187434
67,2,1,1,2,48,575523470187434
67,2,1,1,2,49,575523470187434
67,2,1,1,2,50,575523470187434
67,2,1,1,2,51,575523470187434
67,2,1,1,2,52,575523470187434
67,2,1,1,2,53,575523470185386
67,2,1,1,2,54,575523470185386
67,2,1,1,2,55,575523470187434
67,2,1,1,2,56,575523470187434
67,2,1,1,2,57,575523470185386
67,2,1,1,2,58,575523470187434
67,2,1,1,2,59,575523470187434
67,2,1,1,2,60,575523470187434
67,2,1,1,2,61,575523470187434
67,2,1,1,2,62,575523470187434
67,2,1,1,2,63,575523470185386
67,2,1,1,2,64,575523470185386
67,2,1,1,2,65,575523470187434
67,2,1,1,2,66,575523470187434
67,2,1,1,2,67,575523470187434
67,2,1,1,2,68,575523470185386
67,2,1,1,2,69,575523470187434
67,2,1,1,2,70,575523470187434
67,2,1,1,2,71,575523470185386
67,2,1,1,2,72,575523470187434
67,2,1,1,2,73,575523470187434
67,2,1,1,2,74,575523470187434
67,2,1,1,2,75,575523470187434
67,2,1,1,2,76,575523470185386
67,2,1,1,2,77,575523470185386
67,2,1,1,2,78,575523470187434
67,2,1,1,2,79,575523470187434
67,2,1,1,2,80,575523470187434
67,2,1,1,2,81,575523470187434
67,2,1,1,2,82,575523470187434
67,2,1,1,2,83,575523470187434
67,2,1,1,2,84,575523470187434
67,2,1,1,2,85,575523470187434
67,2,1,1,2,86,575523470187434
67,2,1,1,2,87,575523470187434
67,2,1,1,2,88,575523470187434
67,2,1,1,2,89,575523470187434
67,2,1,1,2,90,575523470187434
67,2,1,1,2,91,575523470185386
67,2,1,1,2,92,575523470185386
67,2,1,1,2,93,575523470185386
67,2,1,1,2,94,575523470187434
67,2,1,1,2,95,575523470187434
67,2,1,1,2,96,575523470187434
67,2,1,1,2,97,575523470185386
67,2,1,1,2,98,575523470187434
67,2,1,1,2,99,575523470187434
68,2,1,1,4,0,290213824261267370
68,2,1,1,4,1,290213824261267370
68,2,1,1,4,2,290213824261267370
68,2,1,1,4,3,290213824261267370
68,2,1,1,4,4,290213824261267370
68,2,1,1,4,5,290213824261267370
68,2,1,1,4,6,290213824261267370
68,2,1,1,4,7,290213824261267370
68,2,1,1,4,8,290213824261267370
68,2,1,1,4,9,290213824261267370
68,2,1,1,4,10,290213824261267370
68,2,1,1,4,11,290213824261267370
68,2,1,1,4,12,290213824261267370
68,2,1,1,4,13,290213824261267370
68,2,1,1,4,14,290213824261267370
68,2,1,1,4,15,290213824261267370
68,2,1,1,4,16,290213824261267370
68,2,1,1,4,17,290213824261267370
68,2,1,1,4,18,290213824261267370
68,2,1,1,4,19,290213824261267370
68,2,1,1,4,20,290213824261267370
68,2,1,1,4,21,290213824261267370
68,2,1,1,4,22,290213824261267370
68,2,1,1,4,23,290213824261267370
68,2,1,1,4,24,290213824261267370
68,2,1,1,4,25,290213824261267370
68,2,1,1,4,26,290213824261267370
68,2,1,1,4,27,290213824261267370
68,2,1,1,4,28,290213824261267370
68,2,1,1,4,29,290213824261267370
68,2,1,1,4,30,290213824261267370
68,2,1,1,4,31,290213824261267370
68,2,1,1,4,32,290213824261267370
68,2,1,1,4,33,290213824261267370
68,2,1,1,4,34,290213824261267370
68,2,1,1,4,35,290213824261267370
68,2,1,1,4,36,290213824261267370
68,2,1,1,4,37,290213824261267370
68,2,1,1,4,38,290213824261267370
68,2,1,1,4,39,290213824261267370
68,2,1,1,4,40,290213824261267370
68,2,1,1,4,41,290213824261267370
68,2,1,1,4,42,290213824261267370
68,2,1,1,4,43,290213824261267370
68,2,1,1,4,44,290213824261267370
68,2,1,1,4,45,290213824261267370
68,2,1,1,4,46,290213824261267370
68,2,1,1,4,47,290213824261267370
68,2,1,1,4,48,290213824261267370
68,2,1,1,4,49,290213824261267370
68,2,1,1,4,50,290213824261267370
68,2,1,1,4,51,290213824261267370
68,2,1,1,4,52,290213824261267370
68,2,1,1,4,53,290213824261267370
68,2,1,1,4,54,290213824261267370
68,2,1,1,4,55,290213824261267370
68,2,1,1,4,56,290213824261267370
68,2,1,1,4,57,290213824261267370
68,2,1,1,4,58,290213824261267370
68,2,1,1,4,59,290213824261267370
68,2,1,1,4,60,290213824261267370
68,2,1,1,4,61,290213824261267370
68,2,1,1,4,62,290213824261267370
68,2,1,1,4,63,290213824261267370
68,2,1,1,4,64,290213824261267370
68,2,1,1,4,65,290213824261267370
68,2,1,1,4,66,290213824261267370
68,2,1,1,4,67,290213824261267370
68,2,1,1,4,68,290213824261267370
68,2,1,1,4,69,290213824261267370
68,2,1,1,4,70,290213824261267370
68,2,1,1,4,71,290213824261267370
68,2,1,1,4,72,290213824261267370
68,2,1,1,4,73,290213824261267370
68,2,1,1,4,74,290213824261267370
68,2,1,1,4,75,290213824261267370
68,2,1,1,4,76,290213824261267370
68,2,1,1,4,77,290213824261267370
68,2,1,1,4,78,290213824261267370
68,2,1,1,4,79,290213824261267370
68,2,1,1,4,80,290213824261267370
68,2,1,1,4,81,290213824261267370
68,2,1,1,4,82,290213824261267370
68,2,1,1,4,83,290213824261267370
68,2,1,1,4,84,290213824261267370
68,2,1,1,4,85,290213824261267370
68,2,1,1,4,86,290213824261267370
68,2,1,1,4,87,290213824261267370
68,2,1,1,4,88,290213824261267370
68,2,1,1,4,89,290213824261267370
68,2,1,1,4,90,290213824261267370
68,2,1,1,4,91,290213824261267370
68,2,1,1,4,92,290213824261267370
68,2,1,1,4,93,290213824261267370
68,2,1,1,4,94,290213824261267370
68,2,1,1,4,95,290213824261267370
68,2,1,1,4,96,290213824261267370
68,2,1,1,4,97,290213824261267370
68,2,1,1,4,98,290213824261267370
68,2,1,1,4,99,290213824261267370
69,2,1,1,6,0,575523470187434
69,2,1,1,6,1,575523470187434
69,2,1,1,6,2,575523470187434
69,2,1,1,6,3,575523470187434
69,2,1,1,6,4,575523470187434
69,2,1,1,6,5,575523470187434
69,2,1,1,6,6,575523470187434
69,2,1,1,6,7,575523470187434
69,2,1,1,6,8,575523470187434
69,2,1,1,6,9,575523470187434
69,2,1,1,6,10,575523470187434
69,2,1,1,6,11,575523470187434
69,2,1,1,6,12,575523470187434
69,2,1,1,6,13,575523470187434
69,2,1,1,6,14,575523470187434
69,2,1,1,6,15,575523470187434
69,2,1,1,6,16,575523470187434
69,2,1,1,6,17,575523470187434
69,2,1,1,6,18,575523470187434
69,2,1,1,6,19,575523470187434
69,2,1,1,6,20,575523470187434
69,2,1,1,6,21,575523470187434
69,2,1,1,6,22,575523470187434
69,2,1,1,6,23,575523470187434
69,2,1,1,6,24,575523470187434
69,2,1,1,6,25,575523470187434
69,2,1,1,6,26,575523470187434
69,2,1,1,6,27,575523470187434
69,2,1,1,6,28,575523470187434
69,2,1,1,6,29,575523470187434
69,2,1,1,6,30,575523470187434
69,2,1,1,6,31,575523470187434
69,2,1,1,6,32,575523470187434
69,2,1,1,6,33,575523470187434
69,2,1,1,6,34,575523470187434
69,2,1,1,6,35,575523470187434
69,2,1,1,6,36,575523470187434
69,2,1,1,6,37,575523470187434
69,2,1,1,6,38,575523470187434
69,2,1,1,6,39,575523470187434
69,2,1,1,6,40,575523470187434
69,2,1,1,6,41,575523470187434
69,2,1,1,6,42,575523470187434
69,2,1,1,6,43,575523470187434
69,2,1,1,6,44,575523470187434
69,2,1,1,6,45,575523470187434
69,2,1,1,6,46,575523470187434
69,2,1,1,6,47,575523470187434
69,2,1,1,6,48,575523470187434
69,2,1,1,6,49,575523470187434
69,2,1,1,6,50,575523470187434
69,2,1,1,6,51,575523470187434
69,2,1,1,6,52,575523470187434
69,2,1,1,6,53,575523470187434
69,2,1,1,6,54,575523470187434
69,2,1,1,6,55,575523470187434
69,2,1,1,6,56,575523470187434
69,2,1,1,6,57,575523470187434
69,2,1,1,6,58,575523470187434
69,2,1,1,6,59,575523470187434
69,2,1,1,6,60,575523470187434
69,2,1,1,6,61,575523470187434
69,2,1,1,6,62,575523470187434
69,2,1,1,6,63,575523470187434
69,2,1,1,6,64,575523470187434
69,2,1,1,6,65,575523470187434
69,2,1,1,6,66,575523470187434
69,2,1,1,6,67,575523470187434
69,2,1,1,6,68,575523470187434
69,2,1,1,6,69,575523470187434
69,2,1,1,6,70,575523470187434
69,2,1,1,6,71,575523470187434
69,2,1,1,6,72,575523470187434
69,2,1,1,6,73,575523470187434
69,2,1,1,6,74,575523470187434
69,2,1,1,6,75,575523470187434
69,2,1,1,6,76,575523470187434
69,2,1,1,6,77,575523470187434
69,2,1,1,6,78,575523470187434
69,2,1,1,6,79,575523470187434
69,2,1,1,6,80,575523470187434
69,2,1,1,6,81,575523470187434
69,2,1,1,6,82,575523470187434
69,2,1,1,6,83,575523470187434
69,2,1,1,6,84,575523470187434
69,2,1,1,6,85,575523470187434
69,2,1,1,6,86,575523470187434
69,2,1,1,6,87,575523470187434
69,2,1,1,6,88,575523470187434
69,2,1,1,6,89,575523470187434
69,2,1,1,6,90,575523470187434
69,2,1,1,6,91,575523470187434
69,2,1,1,6,92,575523470187434
69,2,1,1,6,93,575523470187434
69,2,1,1,6,94,575523470187434
69,2,1,1,6,95,575523470187434
69,2,1,1,6,96,575523470187434
69,2,1,1,6,97,575523470187434
69,2,1,1,6,98,575523470187434
69,2,1,1,6,99,575523470187434
70,2,2,1,1,0,18446743798831639775
70,2,2,1,1,1,18446743798831639775
70,2,2,1,1,2,18446743798831639775
70,2,2,1,1,3,18446743798831639775
70,2,2,1,1,4,18446743798831639775
70,2,2,1,1,5,18446743798831639775
70,2,2,1,1,6,18446743798831639775
70,2,2,1,1,7,18446743798831639775
70,2,2,1,1,8,18446743798831639775
70,2,2,1,1,9,18446743798831639775
70,2,2,1,1,10,18446743798831639775
70,2,2,1,1,11,18446743798831639775
70,2,2,1,1,12,18446743798831639775
70,2,2,1,1,13,18446743798831639775
70,2,2,1,1,14,18446743798831639775
70,2,2,1,1,15,18446743798831639775
70,2,2,1,1,16,18446743798831639775
70,2,2,1,1,17,18446743798831639775
70,2,2,1,1,18,18446743798831639775
70,2,2,1,1,19,18446743798831639775
70,2,2,1,1,20,18446743798831639775
70,2,2,1,1,21,18446743798831639775
70,2,2,1,1,22,18446743798831639775
70,2,2,1,1,23,18446743798831639775
70,2,2,1,1,24,18446743798831639775
70,2,2,1,1,25,18446743798831639775
70,2,2,1,1,26,18446743798831639775
70,2,2,1,1,27,18446743798831639775
70,2,2,1,1,28,18446743798831639775
70,2,2,1,1,29,18446743798831639775
70,2,2,1,1,30,18446743798831639775
70,2,2,1,1,31,18446743798831639775
70,2,2,1,1,32,18446743798831639775
70,2,2,1,1,33,18446743798831639775
70,2,2,1,1,34,18446743798831639775
70,2,2,1,1,35,18446743798831639775
70,2,2,1,1,36,18446743798831639775
70,2,2,1,1,37,18446743798831639775
70,2,2,1,1,38,18446743798831639775
70,2,2,1,1,39,18446743798831639775
70,2,2,1,1,40,18446743798831639775
70,2,2,1,1,41,18446743798831639775
70,2,2,1,1,42,18446743798831639775
70,2,2,1,1,43,18446743798831639775
70,2,2,1,1,44,18446743798831639775
70,2,2,1,1,45,18446743798831639775
70,2,2,1,1,46,18446743798831639775
70,2,2,1,1,47,18446743798831639775
70,2,2,1,1,48,18446743798831639775
70,2,2,1,1,49,18446743798831639775
70,2,2,1,1,50,18446743798831639775
70,2,2,1,1,51,18446743798831639775
70,2,2,1,1,52,18446743798831639775
70,2,2,1,1,53,18446743798831639775
70,2,2,1,1,54,18446743798831639775
70,2,2,1,1,55,18446743798831639775
70,2,2,1,1,56,18446743798831639775
70,2,2,1,1,57,18446743798831639775
70,2,2,1,1,58,18446743798831639775
70,2,2,1,1,59,18446743798831639775
70,2,2,1,1,60,18446743798831639775
70,2,2,1,1,61,18446743798831639775
70,2,2,1,1,62,18446743798831639775
70,2,2,1,1,63,18446743798831639775
70,2,2,1,1,64,18446743798831639775
70,2,2,1,1,65,18446743798831639775
70,2,2,1,1,66,18446743798831639775
70,2,2,1,1,67,18446743798831639775
70,2,2,1,1,68,18446743798831639775
70,2,2,1,1,69,18446743798831639775
70,2,2,1,1,70,18446743798831639775
70,2,2,1,1,71,18446743798831639775
70,2,2,1,1,72,18446743798831639775
70,2,2,1,1,73,18446743798831639775
70,2,2,1,1,74,18446743798831639775
70,2,2,1,1,75,18446743798831639775
70,2,2,1,1,76,18446743798831639775
70,2,2,1,1,77,18446743798831639775
70,2,2,1,1,78,18446743798831639775
70,2,2,1,1,79,18446743798831639775
70,2,2,1,1,80,18446743798831639775
70,2,2,1,1,81,18446743798831639775
70,2,2,1,1,82,18446743798831639775
70,2,2,1,1,83,18446743798831639775
70,2,2,1,1,84,18446743798831639775
70,2,2,1,1,85,18446743798831639775
70,2,2,1,1,86,18446743798831639775
70,2,2,1,1,87,18446743798831639775
70,2,2,1,1,88,18446743798831639775
70,2,2,1,1,89,18446743798831639775
70,2,2,1,1,90,18446743798831639775
70,2,2,1,1,91,18446743798831639775
70,2,2,1,1,92,18446743798831639775
70,2,2,1,1,93,18446743798831639775
70,2,2,1,1,94,18446743798831639775
70,2,2,1,1,95,18446743798831639775
70,2,2,1,1,96,18446743798831639775
70,2,2,1,1,97,18446743798831639775
70,2,2,1,1,98,18446743798831639775
70,2,2,1,1,99,18446743798831639775
71,2,2,1,3,0,18446743798831639775
71,2,2,1,3,1,18446743798831639775
71,2,2,1,3,2,18446743798831639775
71,2,2,1,3,3,18446743798831639775
71,2,2,1,3,4,18446743798831639775
71,2,2,1,3,5,18446743798831639775
71,2,2,1,3,6,18446743798831639775
71,2,2,1,3,7,18446743798831639775
71,2,2,1,3,8,18446743798831639775
71,2,2,1,3,9,18446743798831639775
71,2,2,1,3,10,18446743798831639775
71,2,2,1,3,11,18446743798831639775
71,2,2,1,3,12,18446743798831639775
71,2,2,1,3,13,18446743798831639775
71,2,2,1,3,14,18446743798831639775
71,2,2,1,3,15,18446743798831639775
71,2,2,1,3,16,18446743798831639775
71,2,2,1,3,17,18446743798831639775
71,2,2,1,3,18,18446743798831639775
71,2,2,1,3,19,18446743798831639775
71,2,2,1,3,20,18446743798831639775
71,2,2,1,3,21,18446743798831639775
71,2,2,1,3,22,18446743798831639775
71,2,2,1,3,23,18446743798831639775
71,2,2,1,3,24,18446743798831639775
71,2,2,1,3,25,18446743798831639775
71,2,2,1,3,26,18446743798831639775
71,2,2,1,3,27,18446743798831639775
71,2,2,1,3,28,18446743798831639775
71,2,2,1,3,29,18446743798831639775
71,2,2,1,3,30,18446743798831639775
71,2,2,1,3,31,18446743798831639775
71,2,2,1,3,32,18446743798831639775
71,2,2,1,3,33,18446743798831639775
71,2,2,1,3,34,18446743798831639775
71,2,2,1,3,35,18446743798831639775
71,2,2,1,3,36,18446743798831639775
71,2,2,1,3,37,18446743798831639775
71,2,2,1,3,38,18446743798831639775
71,2,2,1,3,39,18446743798831639775
71,2,2,1,3,40,18446743798831639775
71,2,2,1,3,41,18446743798831639775
71,2,2,1,3,42,18446743798831639775
71,2,2,1,3,43,18446743798831639775
71,2,2,1,3,44,18446743798831639775
71,2,2,1,3,45,18446743798831639775
71,2,2,1,3,46,18446743798831639775
71,2,2,1,3,47,18446743798831639775
71,2,2,1,3,48,18446743798831639775
71,2,2,1,3,49,18446743798831639775
71,2,2,1,3,50,18446743798831639775
71,2,2,1,3,51,18446743798831639775
71,2,2,1,3,52,18446743798831639775
71,2,2,1,3,53,18446743798831639775
71,2,2,1,3,54,18446743798831639775
71,2,2,1,3,55,18446743798831639775
71,2,2,1,3,56,18446743798831639775
71,2,2,1,3,57,18446743798831639775
71,2,2,1,3,58,18446743798831639775
71,2,2,1,3,59,18446743798831639775
71,2,2,1,3,60,18446743798831639775
71,2,2,1,3,61,18446743798831639775
71,2,2,1,3,62,18446743798831639775
71,2,2,1,3,63,18446743798831639775
71,2,2,1,3,64,18446743798831639775
71,2,2,1,3,65,18446743798831639775
71,2,2,1,3,66,18446743798831639775
71,2,2,1,3,67,18446743798831639775
71,2,2,1,3,68,18446743798831639775
71,2,2,1,3,69,18446743798831639775
71,2,2,1,3,70,18446743798831639775
71,2,2,1,3,71,18446743798831639775
71,2,2,1,3,72,18446743798831639775
71,2,2,1,3,73,18446743798831639775
71,2,2,1,3,74,18446743798831639775
71,2,2,1,3,75,18446743798831639775
71,2,2,1,3,76,18446743798831639775
71,2,2,1,3,77,18446743798831639775
71,2,2,1,3,78,18446743798831639775
71,2,2,1,3,79,18446743798831639775
71,2,2,1,3,80,18446743798831639775
71,2,2,1,3,81,18446743798831639775
71,2,2,1,3,82,18446743798831639775
71,2,2,1,3,83,18446743798831639775
71,2,2,1,3,84,18446743798831639775
71,2,2,1,3,85,18446743798831639775
71,2,2,1,3,86,18446743798831639775
71,2,2,1,3,87,18446743798831639775
71,2,2,1,3,88,18446743798831639775
71,2,2,1,3,89,18446743798831639775
71,2,2,1,3,90,18446743798831639775
71,2,2,1,3,91,18446743798831639775
71,2,2,1,3,92,18446743798831639775
71,2,2,1,3,93,18446743798831639775
71,2,2,1,3,94,18446743798831639775
71,2,2,1,3,95,18446743798831639775
71,2,2,1,3,96,18446743798831639775
71,2,2,1,3,97,18446743798831639775
71,2,2,1,3,98,18446743798831639775
71,2,2,1,3,99,18446743798831639775
72,2,2,1,5,0,18446743798831639775
72,2,2,1,5,1,18446743798831639775
72,2,2,1,5,2,18446743798831639775
72,2,2,1,5,3,18446743798831639775
72,2,2,1,5,4,18446743798831639775
72,2,2,1,5,5,18446743798831639775
72,2,2,1,5,6,18446743798831639775
72,2,2,1,5,7,18446743798831639775
72,2,2,1,5,8,18446743798831639775
72,2,2,1,5,9,18446743798831639775
72,2,2,1,5,10,18446743798831639775
72,2,2,1,5,11,18446743798831639775
72,2,2,1,5,12,18446743798831639775
72,2,2,1,5,13,18446743798831639775
72,2,2,1,5,14,18446743798831639775
72,2,2,1,5,15,18446743798831639775
72,2,2,1,5,16,18446743798831639775
72,2,2,1,5,17,18446743798831639775
72,2,2,1,5,18,18446743798831639775
72,2,2,1,5,19,18446743798831639775
72,2,2,1,5,20,18446743798831639775
72,2,2,1,5,21,18446743798831639775
72,2,2,1,5,22,18446743798831639775
72,2,2,1,5,23,18446743798831639775
72,2,2,1,5,24,18446743798831639775
72,2,2,1,5,25,18446743798831639775
72,2,2,1,5,26,18446743798831639775
72,2,2,1,5,27,18446743798831639775
72,2,2,1,5,28,18446743798831639775
72,2,2,1,5,29,18446743798831639775
72,2,2,1,5,30,18446743798831639775
72,2,2,1,5,31,18446743798831639775
72,2,2,1,5,32,18446743798831639775
72,2,2,1,5,33,18446743798831639775
72,2,2,1,5,34,18446743798831639775
72,2,2,1,5,35,18446743798831639775
72,2,2,1,5,36,18446743798831639775
72,2,2,1,5,37,18446743798831639775
72,2,2,1,5,38,18446743798831639775
72,2,2,1,5,39,18446743798831639775
72,2,2,1,5,40,18446743798831639775
72,2,2,1,5,41,18446743798831639775
72,2,2,1,5,42,18446743798831639775
72,2,2,1,5,43,18446743798831639775
72,2,2,1,5,44,18446743798831639775
72,2,2,1,5,45,18446743798831639775
72,2,2,1,5,46,18446743798831639775
72,2,2,1,5,47,18446743798831639775
72,2,2,1,5,48,18446743798831639775
72,2,2,1,5,49,18446743798831639775
72,2,2,1,5,50,18446743798831639775
72,2,2,1,5,51,18446743798831639775
72,2,2,1,5,52,18446743798831639775
72,2,2,1,5,53,18446743798831639775
72,2,2,1,5,54,18446743798831639775
72,2,2,1,5,55,18446743798831639775
72,2,2,1,5,56,18446743798831639775
72,2,2,1,5,57,18446743798831639775
72,2,2,1,5,58,18446743798831639775
72,2,2,1,5,59,18446743798831639775
72,2,2,1,5,60,18446743798831639775
72,2,2,1,5,61,18446743798831639775
72,2,2,1,5,62,18446743798831639775
72,2,2,1,5,63,18446743798831639775
72,2,2,1,5,64,18446743798831639775
72,2,2,1,5,65,18446743798831639775
72,2,2,1,5,66,18446743798831639775
72,2,2,1,5,67,18446743798831639775
72,2,2,1,5,68,18446743798831639775
72,2,2,1,5,69,18446743798831639775
72,2,2,1,5,70,18446743798831639775
72,2,2,1,5,71,18446743798831639775
72,2,2,1,5,72,18446743798831639775
72,2,2,1,5,73,18446743798831639775
72,2,2,1,5,74,18446743798831639775
72,2,2,1,5,75,18446743798831639775
72,2,2,1,5,76,18446743798831639775
72,2,2,1,5,77,18446743798831639775
72,2,2,1,5,78,18446743798831639775
72,2,2,1,5,79,18446743798831639775
72,2,2,1,5,80,18446743798831639775
72,2,2,1,5,81,18446743798831639775
72,2,2,1,5,82,18446743798831639775
72,2,2,1,5,83,18446743798831639775
72,2,2,1,5,84,18446743798831639775
72,2,2,1,5,85,18446743798831639775
72,2,2,1,5,86,18446743798831639775
72,2,2,1,5,87,18446743798831639775
72,2,2,1,5,88,18446743798831639775
72,2,2,1,5,89,18446743798831639775
72,2,2,1,5,90,18446743798831639775
72,2,2,1,5,91,18446743798831639775
72,2,2,1,5,92,18446743798831639775
72,2,2,1,5,93,18446743798831639775
72,2,2,1,5,94,18446743798831639775
72,2,2,1,5,95,18446743798831639775
72,2,2,1,5,96,18446743798831639775
72,2,2,1,5,97,18446743798831639775
72,2,2,1,5,98,18446743798831639775
72,2,2,1,5,99,18446743798831639775
73,2,2,1,7,0,18446743798831639775
73,2,2,1,7,1,18446743798831639775
73,2,2,1,7,2,18446743798831639775
73,2,2,1,7,3,18446743798831639775
73,2,2,1,7,4,18446743798831639775
73,2,2,1,7,5,18446743798831639775
73,2,2,1,7,6,18446743798831639775
73,2,2,1,7,7,18446743798831639775
73,2,2,1,7,8,18446743798831639775
73,2,2,1,7,9,18446743798831639775
73,2,2,1,7,10,18446743798831639775
73,2,2,1,7,11,18446743798831639775
73,2,2,1,7,12,18446743798831639775
73,2,2,1,7,13,18446743798831639775
73,2,2,1,7,14,18446743798831639775
73,2,2,1,7,15,18446743798831639775
73,2,2,1,7,16,18446743798831639775
73,2,2,1,7,17,18446743798831639775
73,2,2,1,7,18,18446743798831639775
73,2,2,1,7,19,18446743798831639775
73,2,2,1,7,20,18446743798831639775
73,2,2,1,7,21,18446743798831639775
73,2,2,1,7,22,18446743798831639775
73,2,2,1,7,23,18446743798831639775
73,2,2,1,7,24,18446743798831639775
73,2,2,1,7,25,18446743798831639775
73,2,2,1,7,26,18446743798831639775
73,2,2,1,7,27,18446743798831639775
73,2,2,1,7,28,18446743798831639775
73,2,2,1,7,29,18446743798831639775
73,2,2,1,7,30,18446743798831639775
73,2,2,1,7,31,18446743798831639775
73,2,2,1,7,32,18446743798831639775
73,2,2,1,7,33,18446743798831639775
73,2,2,1,7,34,18446743798831639775
73,2,2,1,7,35,18446743798831639775
73,2,2,1,7,36,18446743798831639775
73,2,2,1,7,37,18446743798831639775
73,2,2,1,7,38,18446743798831639775
73,2,2,1,7,39,18446743798831639775
73,2,2,1,7,40,18446743798831639775
73,2,2,1,7,41,18446743798831639775
73,2,2,1,7,42,18446743798831639775
73,2,2,1,7,43,18446743798831639775
73,2,2,1,7,44,18446743798831639775
73,2,2,1,7,45,18446743798831639775
73,2,2,1,7,46,18446743798831639775
73,2,2,1,7,47,18446743798831639775
73,2,2,1,7,48,18446743798831639775
73,2,2,1,7,49,18446743798831639775
73,2,2,1,7,50,18446743798831639775
73,2,2,1,7,51,18446743798831639775
73,2,2,1,7,52,18446743798831639775
73,2,2,1,7,53,18446743798831639775
73,2,2,1,7,54,18446743798831639775
73,2,2,1,7,55,18446743798831639775
73,2,2,1,7,56,18446743798831639775
73,2,2,1,7,57,18446743798831639775
73,2,2,1,7,58,18446743798831639775
73,2,2,1,7,59,18446743798831639775
73,2,2,1,7,60,18446743798831639775
73,2,2,1,7,61,18446743798831639775
73,2,2,1,7,62,18446743798831639775
73,2,2,1,7,63,18446743798831639775
73,2,2,1,7,64,18446743798831639775
73,2,2,1,7,65,18446743798831639775
73,2,2,1,7,66,18446743798831639775
73,2,2,1,7,67,18446743798831639775
73,2,2,1,7,68,18446743798831639775
73,2,2,1,7,69,18446743798831639775
73,2,2,1,7,70,18446743798831639775
73,2,2,1,7,71,18446743798831639775
73,2,2,1,7,72,18446743798831639775
73,2,2,1,7,73,18446743798831639775
73,2,2,1,7,74,18446743798831639775
73,2,2,1,7,75,18446743798831639775
73,2,2,1,7,76,18446743798831639775
73,2,2,1,7,77,18446743798831639775
73,2,2,1,7,78,18446743798831639775
73,2,2,1,7,79,18446743798831639775
73,2,2,1,7,80,18446743798831639775
73,2,2,1,7,81,18446743798831639775
73,2,2,1,7,82,18446743798831639775
73,2,2,1,7,83,18446743798831639775
73,2,2,1,7,84,18446743798831639775
73,2,2,1,7,85,18446743798831639775
73,2,2,1,7,86,18446743798831639775
73,2,2,1,7,87,18446743798831639775
73,2,2,1,7,88,18446743798831639775
73,2,2,1,7,89,18446743798831639775
73,2,2,1,7,90,18446743798831639775
73,2,2,1,7,91,18446743798831639775
73,2,2,1,7,92,18446743798831639775
73,2,2,1,7,93,18446743798831639775
73,2,2,1,7,94,18446743798831639775
73,2,2,1,7,95,18446743798831639775
73,2,2,1,7,96,18446743798831639775
73,2,2,1,7,97,18446743798831639775
73,2,2,1,7,98,18446743798831639775
73,2,2,1,7,99,18446743798831639775
74,2,3,1,0,0,575523470185376
74,2,3,1,0,1,575523470185376
74,2,3,1,0,2,575523470185376
74,2,3,1,0,3,575523470185376
74,2,3,1,0,4,575523470185376
74,2,3,1,0,5,575523470185376
74,2,3,1,0,6,575523470185376
74,2,3,1,0,7,575523470185376
74,2,3,1,0,8,575523470185376
74,2,3,1,0,9,575523470185376
74,2,3,1,0,10,575523470185376
74,2,3,1,0,11,575523470185376
74,2,3,1,0,12,575523470185376
74,2,3,1,0,13,575523470185376
74,2,3,1,0,14,575523470185376
74,2,3,1,0,15,575523470185376
74,2,3,1,0,16,575523470185376
74,2,3,1,0,17,575523470185376
74,2,3,1,0,18,575523470185376
74,2,3,1,0,19,575523470185376
74,2,3,1,0,20,575523470185376
74,2,3,1,0,21,575523470185376
74,2,3,1,0,22,575523470185376
74,2,3,1,0,23,575523470185376
74,2,3,1,0,24,575523470185376
74,2,3,1,0,25,575523470185376
74,2,3,1,0,26,575523470185376
74,2,3,1,0,27,575523470185376
74,2,3,1,0,28,575523470185376
74,2,3,1,0,29,575523470185376
74,2,3,1,0,30,575523470185376
74,2,3,1,0,31,575523470185376
74,2,3,1,0,32,575523470185376
74,2,3,1,0,33,575523470185376
74,2,3,1,0,34,575523470185376
74,2,3,1,0,35,575523470185376
74,2,3,1,0,36,575523470185376
74,2,3,1,0,37,575523470185376
74,2,3,1,0,38,575523470185376
74,2,3,1,0,39,575523470185376
74,2,3,1,0,40,575523470185376
74,2,3,1,0,41,575523470185376
74,2,3,1,0,42,575523470185376
74,2,3,1,0,43,575523470185376
74,2,3,1,0,44,575523470185376
74,2,3,1,0,45,575523470185376
74,2,3,1,0,46,575523470185376
74,2,3,1,0,47,575523470185376
74,2,3,1,0,48,575523470185376
74,2,3,1,0,49,575523470185376
74,2,3,1,0,50,575523470185376
74,2,3,1,0,51,575523470185376
74,2,3,1,0,52,575523470185376
74,2,3,1,0,53,575523470185376
74,2,3,1,0,54,575523470185376
74,2,3,1,0,55,575523470185376
74,2,3,1,0,56,575523470185376
74,2,3,1,0,57,575523470185376
74,2,3,1,0,58,575523470185376
74,2,3,1,0,59,575523470185376
74,2,3,1,0,60,575523470185376
74,2,3,1,0,61,575523470185376
74,2,3,1,0,62,575523470185376
74,2,3,1,0,63,575523470185376
74,2,3,1,0,64,575523470185376
74,2,3,1,0,65,575523470185376
74,2,3,1,0,66,575523470185376
74,2,3,1,0,67,575523470185376
74,2,3,1,0,68,575523470185376
74,2,3,1,0,69,575523470185376
74,2,3,1,0,70,575523470185376
74,2,3,1,0,71,575523470185376
74,2,3,1,0,72,575523470185376
74,2,3,1,0,73,575523470185376
74,2,3,1,0,74,575523470185376
74,2,3,1,0,75,575523470185376
74,2,3,1,0,76,575523470185376
74,2,3,1,0,77,575523470185376
74,2,3,1,0,78,575523470185376
74,2,3,1,0,79,575523470185376
74,2,3,1,0,80,575523470185376
74,2,3,1,0,81,575523470185376
74,2,3,1,0,82,575523470185376
74,2,3,1,0,83,575523470185376
74,2,3,1,0,84,575523470185376
74,2,3,1,0,85,575523470185376
74,2,3,1,0,86,575523470185376
74,2,3,1,0,87,575523470185376
74,2,3,1,0,88,575523470185376
74,2,3,1,0,89,575523470185376
74,2,3,1,0,90,575523470185376
74,2,3,1,0,91,575523470185376
74,2,3,1,0,92,575523470185376
74,2,3,1,0,93,575523470185376
74,2,3,1,0,94,575523470185376
74,2,3,1,0,95,575523470185376
74,2,3,1,0,96,575523470185376
74,2,3,1,0,97,575523470185376
74,2,3,1,0,98,575523470185376
74,2,3,1,0,99,575523470185376
75,2,3,1,2,0,566675837555616
75,2,3,1,2,1,566675837555616
75,2,3,1,2,2,566675837555616
75,2,3,1,2,3,566675837555616
75,2,3,1,2,4,566675837555616
75,2,3,1,2,5,566675837555616
75,2,3,1,2,6,566675837555616
75,2,3,1,2,7,566675837555616
75,2,3,1,2,8,566675837555616
75,2,3,1,2,9,566675837555616
75,2,3,1,2,10,566675837555616
75,2,3,1,2,11,566675837555616
75,2,3,1,2,12,566675837555616
75,2,3,1,2,13,566675837555616
75,2,3,1,2,14,566675837555616
75,2,3,1,2,15,566675837555616
75,2,3,1,2,16,566693017424800
75,2,3,1,2,17,566675837555616
75,2,3,1,2,18,566693017424800
75,2,3,1,2,19,566675837555616
75,2,3,1,2,20,566675837555616
75,2,3,1,2,21,566675837555616
75,2,3,1,2,22,566675837555616
75,2,3,1,2,23,566675837555616
75,2,3,1,2,24,566675837555616
75,2,3,1,2,25,566675837555616
75,2,3,1,2,26,566675837555616
75,2,3,1,2,27,566675837555616
75,2,3,1,2,28,566675837555616
75,2,3,1,2,29,566675837555616
75,2,3,1,2,30,566675837555616
75,2,3,1,2,31,566675837555616
75,2,3,1,2,32,566675837555616
75,2,3,1,2,33,566675837555616
75,2,3,1,2,34,566675837555616
75,2,3,1,2,35,566675837555616
75,2,3,1,2,36,566675837555616
75,2,3,1,2,37,566675837555616
75,2,3,1,2,38,566675837555616
75,2,3,1,2,39,566675837555616
75,2,3,1,2,40,566675837555616
75,2,3,1,2,41,566675837555616
75,2,3,1,2,42,566675837555616
75,2,3,1,2,43,566675837555616
75,2,3,1,2,44,566675837555616
75,2,3,1,2,45,566675837555616
75,2,3,1,2,46,566675837555616
75,2,3,1,2,47,566675837555616
75,2,3,1,2,48,566675837555616
75,2,3,1,2,49,566675837555616
75,2,3,1,2,50,566675837555616
75,2,3,1,2,51,566675837555616
75,2,3,1,2,52,566675837555616
75,2,3,1,2,53,566675837555616
75,2,3,1,2,54,566675837555616
75,2,3,1,2,55,566675837555616
75,2,3,1,2,56,566675837555616
75,2,3,1,2,57,566675837555616
75,2,3,1,2,58,566675837555616
75,2,3,1,2,59,566675837555616
75,2,3,1,2,60,566675837555616
75,2,3,1,2,61,566675837555616
75,2,3,1,2,62,566675837555616
75,2,3,1,2,63,566675837555616
75,2,3,1,2,64,566675837555616
75,2,3,1,2,65,566675837555616
75,2,3,1,2,66,566675837555616
75,2,3,1,2,67,566675837555616
75,2,3,1,2,68,566675837555616
75,2,3,1,2,69,566675837555616
75,2,3,1,2,70,566675837555616
75,2,3,1,2,71,566675837555616
75,2,3,1,2,72,566675837555616
75,2,3,1,2,73,566675837555616
75,2,3,1,2,74,566693017424800
75,2,3,1,2,75,566675837555616
75,2,3,1,2,76,566675837555616
75,2,3,1,2,77,566675837555616
75,2,3,1,2,78,566675837555616
75,2,3,1,2,79,566675837555616
75,2,3,1,2,80,566675837555616
75,2,3,1,2,81,566675837555616
75,2,3,1,2,82,566675837555616
75,2,3,1,2,83,566675837555616
75,2,3,1,2,84,566675837555616
75,2,3,1,2,85,566675837555616
75,2,3,1,2,86,566675837555616
75,2,3,1,2,87,566675837555616
75,2,3,1,2,88,566675837555616
75,2,3,1,2,89,566675837555616
75,2,3,1,2,90,566675837555616
75,2,3,1,2,91,566675837555616
75,2,3,1,2,92,566675837555616
75,2,3,1,2,93,566675837555616
75,2,3,1,2,94,566675837555616
75,2,3,1,2,95,566693017424800
75,2,3,1,2,96,566675837555616
75,2,3,1,2,97,566675837555616
75,2,3,1,2,98,566675837555616
75,2,3,1,2,99,566693017424800
76,2,3,1,4,0,575523470185386
76,2,3,1,4,1,575523470185386
76,2,3,1,4,2,575523470185386
76,2,3,1,4,3,575523470185386
76,2,3,1,4,4,575523470185386
76,2,3,1,4,5,575523470185386
76,2,3,1,4,6,575523470185386
76,2,3,1,4,7,575523470185386
76,2,3,1,4,8,575523470185386
76,2,3,1,4,9,575523470185386
76,2,3,1,4,10,575523470187434
76,2,3,1,4,11,575523470185386
76,2,3,1,4,12,575523470185386
76,2,3,1,4,13,575523470185386
76,2,3,1,4,14,575523470185386
76,2,3,1,4,15,575523470185386
76,2,3,1,4,16,575523470185386
76,2,3,1,4,17,575523470185386
76,2,3,1,4,18,575523470185386
76,2,3,1,4,19,575523470185386
76,2,3,1,4,20,575523470185386
76,2,3,1,4,21,575523470185386
76,2,3,1,4,22,575523470185386
76,2,3,1,4,23,575523470185386
76,2,3,1,4,24,575523470185386
76,2,3,1,4,25,575523470185386
76,2,3,1,4,26,575523470185384
76,2,3,1,4,27,575523470185386
76,2,3,1,4,28,575523470185386
76,2,3,1,4,29,575523470185386
76,2,3,1,4,30,575523470185386
76,2,3,1,4,31,575523470185386
76,2,3,1,4,32,575523470185386
76,2,3,1,4,33,575523470187434
76,2,3,1,4,34,575523470185386
76,2,3,1,4,35,575523470185386
76,2,3,1,4,36,575523470185386
76,2,3,1,4,37,575523470185386
76,2,3,1,4,38,575523470185386
76,2,3,1,4,39,575523470185386
76,2,3,1,4,40,575523470185386
76,2,3,1,4,41,575523470185386
76,2,3,1,4,42,575523470185386
76,2,3,1,4,43,575523470187434
76,2,3,1,4,44,575523470185386
76,2,3,1,4,45,575523470185386
76,2,3,1,4,46,575523470185386
76,2,3,1,4,47,575523470187434
76,2,3,1,4,48,575523470185386
76,2,3,1,4,49,575523470187434
76,2,3,1,4,50,575523470185386
76,2,3,1,4,51,575523470185386
76,2,3,1,4,52,575523470185386
76,2,3,1,4,53,575523470187434
76,2,3,1,4,54,575523470185386
76,2,3,1,4,55,575523470185386
76,2,3,1,4,56,575523470185386
76,2,3,1,4,57,575523470185386
76,2,3,1,4,58,575523470185386
76,2,3,1,4,59,575523470185386
76,2,3,1,4,60,575523470187434
76,2,3,1,4,61,575523470185386
76,2,3,1,4,62,575523470185386
76,2,3,1,4,63,575523470185386
76,2,3,1,4,64,575523470185386
76,2,3,1,4,65,575523470185386
76,2,3,1,4,66,575523470185386
76,2,3,1,4,67,575523470185386
76,2,3,1,4,68,575523470185386
76,2,3,1,4,69,575523470185386
76,2,3,1,4,70,575523470185386
76,2,3,1,4,71,575523470185386
76,2,3,1,4,72,575523470185386
76,2,3,1,4,73,575523470185386
76,2,3,1,4,74,575523470185386
76,2,3,1,4,75,575523470185386
76,2,3,1,4,76,575523470185386
76,2,3,1,4,77,575523470185386
76,2,3,1,4,78,575523470185386
76,2,3,1,4,79,575523470187434
76,2,3,1,4,80,575523470185386
76,2,3,1,4,81,575523470185386
76,2,3,1,4,82,575523470185386
76,2,3,1,4,83,575523470185386
76,2,3,1,4,84,575523470185386
76,2,3,1,4,85,575523470187434
76,2,3,1,4,86,575523470185386
76,2,3,1,4,87,575523470185386
76,2,3,1,4,88,575523470185386
76,2,3,1,4,89,575523470185386
76,2,3,1,4,90,575523470185386
76,2,3,1,4,91,575523470185386
76,2,3,1,4,92,575523470185386
76,2,3,1,4,93,575523470185386
76,2,3,1,4,94,575523470185386
76,2,3,1,4,95,575523470185386
76,2,3,1,4,96,575523470185386
76,2,3,1,4,97,575523470185386
76,2,3,1,4,98,575523470187434
76,2,3,1,4,99,575523470185386
77,2,3,1,6,0,566693017424800
77,2,3,1,6,1,566693017424800
77,2,3,1,6,2,566693017424800
77,2,3,1,6,3,566693017424800
77,2,3,1,6,4,566693017424800
77,2,3,1,6,5,566693017424800
77,2,3,1,6,6,566693017424800
77,2,3,1,6,7,566693017424800
77,2,3,1,6,8,566693017424800
77,2,3,1,6,9,566693017424800
77,2,3,1,6,10,566693017424800
77,2,3,1,6,11,566693017424800
77,2,3,1,6,12,566693017424800
77,2,3,1,6,13,566693017424800
77,2,3,1,6,14,566693017424800
77,2,3,1,6,15,566693017424800
77,2,3,1,6,16,566693017424800
77,2,3,1,6,17,566693017424800
77,2,3,1,6,18,566693017424800
77,2,3,1,6,19,566693017424800
77,2,3,1,6,20,566693017424800
77,2,3,1,6,21,566693017424800
77,2,3,1,6,22,566693017424800
77,2,3,1,6,23,566693017424800
77,2,3,1,6,24,566693017424800
77,2,3,1,6,25,566693017424800
77,2,3,1,6,26,566693017424800
77,2,3,1,6,27,566693017424800
77,2,3,1,6,28,566693017424800
77,2,3,1,6,29,566693017424800
77,2,3,1,6,30,566693017424800
77,2,3,1,6,31,566693017424800
77,2,3,1,6,32,566693017424800
77,2,3,1,6,33,566693017424800
77,2,3,1,6,34,566693017424800
77,2,3,1,6,35,566693017424800
77,2,3,1,6,36,566693017424800
77,2,3,1,6,37,566693017424800
77,2,3,1,6,38,566693017424800
77,2,3,1,6,39,566693017424800
77,2,3,1,6,40,566693017424800
77,2,3,1,6,41,566693017424800
77,2,3,1,6,42,566693017424800
77,2,3,1,6,43,566693017424800
77,2,3,1,6,44,566693017424800
77,2,3,1,6,45,566693017424800
77,2,3,1,6,46,566693017424800
77,2,3,1,6,47,566693017424800
77,2,3,1,6,48,566693017424800
77,2,3,1,6,49,566693017424800
77,2,3,1,6,50,566693017424800
77,2,3,1,6,51,566693017424800
77,2,3,1,6,52,566693017424800
77,2,3,1,6,53,566693017424800
77,2,3,1,6,54,566693017424800
77,2,3,1,6,55,566693017424800
77,2,3,1,6,56,566693017424800
77,2,3,1,6,57,566693017424800
77,2,3,1,6,58,566693017424800
77,2,3,1,6,59,566693017424800
77,2,3,1,6,60,566693017424800
77,2,3,1,6,61,566693017424800
77,2,3,1,6,62,566693017424800
77,2,3,1,6,63,566693017424800
77,2,3,1,6,64,566693017424800
77,2,3,1,6,65,566693017424800
77,2,3,1,6,66,566693017424800
77,2,3,1,6,67,566693017424800
77,2,3,1,6,68,566693017424800
77,2,3,1,6,69,566693017424800
77,2,3,1,6,70,566693017424800
77,2,3,1,6,71,566693017424800
77,2,3,1,6,72,566693017424800
77,2,3,1,6,73,566693017424800
77,2,3,1,6,74,566693017424800
77,2,3,1,6,75,566693017424800
77,2,3,1,6,76,566693017424800
77,2,3,1,6,77,566693017424800
77,2,3,1,6,78,566693017424800
77,2,3,1,6,79,566693017424800
77,2,3,1,6,80,566693017424800
77,2,3,1,6,81,566693017424800
77,2,3,1,6,82,566693017424800
77,2,3,1,6,83,566693017424800
77,2,3,1,6,84,566693017424800
77,2,3,1,6,85,566693017424800
77,2,3,1,6,86,566693017424800
77,2,3,1,6,87,566693017424800
77,2,3,1,6,88,566693017424800
77,2,3,1,6,89,566693017424800
77,2,3,1,6,90,566693017424800
77,2,3,1,6,91,566693017424800
77,2,3,1,6,92,566693017424800
77,2,3,1,6,93,566693017424800
77,2,3,1,6,94,566693017424800
77,2,3,1,6,95,566693017424800
77,2,3,1,6,96,566693017424800
77,2,3,1,6,97,566693017424800
77,2,3,1,6,98,566693017424800
77,2,3,1,6,99,566693017424800
78,2,4,1,1,0,18446731693466315871
78,2,4,1,1,1,18446731693466315871
78,2,4,1,1,2,18446731693466315871
78,2,4,1,1,3,18446731693466315871
78,2,4,1,1,4,18446731693466315871
78,2,4,1,1,5,18446731693466315871
78,2,4,1,1,6,18446731693466315871
78,2,4,1,1,7,18446731693466315871
78,2,4,1,1,8,18446731693466315871
78,2,4,1,1,9,18446731693466315871
78,2,4,1,1,10,18446731693466315871
78,2,4,1,1,11,18446731693466315871
78,2,4,1,1,12,18446731693466315871
78,2,4,1,1,13,18446731693466315871
78,2,4,1,1,14,18446731693466315871
78,2,4,1,1,15,18446731693466315871
78,2,4,1,1,16,18446731693466315871
78,2,4,1,1,17,18446731693466315871
78,2,4,1,1,18,18446731693466315871
78,2,4,1,1,19,18446731693466315871
78,2,4,1,1,20,18446731693466315871
78,2,4,1,1,21,18446731693466315871
78,2,4,1,1,22,18446731693466315871
78,2,4,1,1,23,18446731693466315871
78,2,4,1,1,24,18446731693466315871
78,2,4,1,1,25,18446731693466315871
78,2,4,1,1,26,18446731693466315871
78,2,4,1,1,27,18446731693466315871
78,2,4,1,1,28,18446731693466315871
78,2,4,1,1,29,18446731693466315871
78,2,4,1,1,30,18446731693466315871
78,2,4,1,1,31,18446731693466315871
78,2,4,1,1,32,18446731693466315871
78,2,4,1,1,33,18446731693466315871
78,2,4,1,1,34,18446731693466315871
78,2,4,1,1,35,18446731693466315871
78,2,4,1,1,36,18446731693466315871
78,2,4,1,1,37,18446731693466315871
78,2,4,1,1,38,18446731693466315871
78,2,4,1,1,39,18446731693466315871
78,2,4,1,1,40,18446731693466315871
78,2,4,1,1,41,18446731693466315871
78,2,4,1,1,42,18446731693466315871
78,2,4,1,1,43,18446731693466315871
78,2,4,1,1,44,18446731693466315871
78,2,4,1,1,45,18446731693466315871
78,2,4,1,1,46,18446731693466315871
78,2,4,1,1,47,18446731693466315871
78,2,4,1,1,48,18446731693466315871
78,2,4,1,1,49,18446731693466315871
78,2,4,1,1,50,18446731693466315871
78,2,4,1,1,51,18446731693466315871
78,2,4,1,1,52,18446731693466315871
78,2,4,1,1,53,18446731693466315871
78,2,4,1,1,54,18446731693466315871
78,2,4,1,1,55,18446731693466315871
78,2,4,1,1,56,18446731693466315871
78,2,4,1,1,57,18446731693466315871
78,2,4,1,1,58,18446731693466315871
78,2,4,1,1,59,18446731693466315871
78,2,4,1,1,60,18446731693466315871
78,2,4,1,1,61,18446731693466315871
78,2,4,1,1,62,18446731693466315871
78,2,4,1,1,63,18446731693466315871
78,2,4,1,1,64,18446740489559338079
78,2,4,1,1,65,18446731693466315871
78,2,4,1,1,66,18446731693466315871
78,2,4,1,1,67,18446731693466315871
78,2,4,1,1,68,18446731693466315871
78,2,4,1,1,69,18446731693466315871
78,2,4,1,1,70,18446731693466315871
78,2,4,1,1,71,18446731693466315871
78,2,4,1,1,72,18446731693466315871
78,2,4,1,1,73,18446731693466315871
78,2,4,1,1,74,18446731693466315871
78,2,4,1,1,75,18446731693466315871
78,2,4,1,1,76,18446731693466315871
78,2,4,1,1,77,18446731693466315871
78,2,4,1,1,78,18446731693466315871
78,2,4,1,1,79,18446731693466315871
78,2,4,1,1,80,18446731693466315871
78,2,4,1,1,81,18446731693466315871
78,2,4,1,1,82,18446731693466315871
78,2,4,1,1,83,18446731693466315871
78,2,4,1,1,84,18446731693466315871
78,2,4,1,1,85,18446731693466315871
78,2,4,1,1,86,18446731693466315871
78,2,4,1,1,87,18446731693466315871
78,2,4,1,1,88,18446731693466315871
78,2,4,1,1,89,18446731693466315871
78,2,4,1,1,90,18446731693466315871
78,2,4,1,1,91,18446731693466315871
78,2,4,1,1,92,18446731693466315871
78,2,4,1,1,93,18446731693466315871
78,2,4,1,1,94,18446731693466315871
78,2,4,1,1,95,18446731693466315871
78,2,4,1,1,96,18446731693466315871
78,2,4,1,1,97,18446731693466315871
78,2,4,1,1,98,18446731693466315871
78,2,4,1,1,99,18446731693466315871
79,2,4,1,3,0,18446740489559338079
79,2,4,1,3,1,18446740489559338079
79,2,4,1,3,2,18446740489559338079
79,2,4,1,3,3,18446740489559338079
79,2,4,1,3,4,18446740489559338079
79,2,4,1,3,5,18446740489559338079
79,2,4,1,3,6,18446740489559338079
79,2,4,1,3,7,18446740489559338079
79,2,4,1,3,8,18446740489559338079
79,2,4,1,3,9,18446740489559338079
79,2,4,1,3,10,18446731693466315871
79,2,4,1,3,11,18446740489559338079
79,2,4,1,3,12,18446740489559338079
79,2,4,1,3,13,18446731693466315871
79,2,4,1,3,14,18446740489559338079
79,2,4,1,3,15,18446740489559338079
79,2,4,1,3,16,18446740489559338079
79,2,4,1,3,17,18446740489559338079
79,2,4,1,3,18,18446731693466315871
79,2,4,1,3,19,18446740489559338079
79,2,4,1,3,20,18446740489559338079
79,2,4,1,3,21,18446731693466315871
79,2,4,1,3,22,18446740489559338079
79,2,4,1,3,23,18446740489559338079
79,2,4,1,3,24,18446731693466315871
79,2,4,1,3,25,18446740489559338079
79,2,4,1,3,26,18446740489559338079
79,2,4,1,3,27,18446740489559338079
79,2,4,1,3,28,18446740489559338079
79,2,4,1,3,29,18446731693466315871
79,2,4,1,3,30,18446740489559338079
79,2,4,1,3,31,18446731693466315871
79,2,4,1,3,32,18446731693466315871
79,2,4,1,3,33,18446740489559338079
79,2,4,1,3,34,18446740489559338079
79,2,4,1,3,35,18446740489559338079
79,2,4,1,3,36,18446740489559338079
79,2,4,1,3,37,18446740489559338079
79,2,4,1,3,38,18446731693466315871
79,2,4,1,3,39,18446740489559338079
79,2,4,1,3,40,18446740489559338079
79,2,4,1,3,41,18446740489559338079
79,2,4,1,3,42,18446740489559338079
79,2,4,1,3,43,18446740489559338079
79,2,4,1,3,44,18446740489559338079
79,2,4,1,3,45,18446740489559338079
79,2,4,1,3,46,18446740489559338079
79,2,4,1,3,47,18446740489559338079
79,2,4,1,3,48,18446731693466315871
79,2,4,1,3,49,18446731693466315871
79,2,4,1,3,50,18446731693466315871
79,2,4,1,3,51,18446731693466315871
79,2,4,1,3,52,18446740489559338079
79,2,4,1,3,53,18446740489559338079
79,2,4,1,3,54,18446740489559338079
79,2,4,1,3,55,18446731693466315871
79,2,4,1,3,56,18446740489559338079
79,2,4,1,3,57,18446740489559338079
79,2,4,1,3,58,18446740489559338079
79,2,4,1,3,59,18446740489559338079
79,2,4,1,3,60,18446740489559338079
79,2,4,1,3,61,18446740489559338079
79,2,4,1,3,62,18446740489559338079
79,2,4,1,3,63,18446731693466315871
79,2,4,1,3,64,18446740489559338079
79,2,4,1,3,65,18446731693466315871
79,2,4,1,3,66,18446740489559338079
79,2,4,1,3,67,18446740489559338079
79,2,4,1,3,68,18446740489559338079
79,2,4,1,3,69,18446740489559338079
79,2,4,1,3,70,18446740489559338079
79,2,4,1,3,71,18446740489559338079
79,2,4,1,3,72,18446740489559338079
79,2,4,1,3,73,18446740489559338079
79,2,4,1,3,74,18446740489559338079
79,2,4,1,3,75,18446740489559338079
79,2,4,1,3,76,18446731693466315871
79,2,4,1,3,77,18446740489559338079
79,2,4,1,3,78,18446740489559338079
79,2,4,1,3,79,18446731693466315871
79,2,4,1,3,80,18446740489559338079
79,2,4,1,3,81,18446740489559338079
79,2,4,1,3,82,18446731693466315871
79,2,4,1,3,83,18446731693466315871
79,2,4,1,3,84,18446740489559338079
79,2,4,1,3,85,18446740489559338079
79,2,4,1,3,86,18446731693466315871
79,2,4,1,3,87,18446731693466315871
79,2,4,1,3,88,18446740489559338079
79,2,4,1,3,89,18446731693466315871
79,2,4,1,3,90,18446731693466315871
79,2,4,1,3,91,18446740489559338079
79,2,4,1,3,92,18446740489559338079
79,2,4,1,3,93,18446740489559338079
79,2,4,1,3,94,18446731693466315871
79,2,4,1,3,95,18446740489559338079
79,2,4,1,3,96,18446740489559338079
79,2,4,1,3,97,18446731693466315871
79,2,4,1,3,98,18446740489559338079
79,2,4,1,3,99,18446740489559338079
80,2,4,1,5,0,18446731693466315871
80,2,4,1,5,1,18446731693466315871
80,2,4,1,5,2,18446731693466315871
80,2,4,1,5,3,18446731693466315871
80,2,4,1,5,4,18446731693466315871
80,2,4,1,5,5,18446731693466315871
80,2,4,1,5,6,18446731693466315871
80,2,4,1,5,7,18446731693466315871
80,2,4,1,5,8,18446731693466315871
80,2,4,1,5,9,18446731693466315871
80,2,4,1,5,10,18446731693466315871
80,2,4,1,5,11,18446731693466315871
80,2,4,1,5,12,18446731693466315871
80,2,4,1,5,13,18446731693466315871
80,2,4,1,5,14,18446731693466315871
80,2,4,1,5,15,18446731693466315871
80,2,4,1,5,16,18446731693466315871
80,2,4,1,5,17,18446731693466315871
80,2,4,1,5,18,18446731693466315871
80,2,4,1,5,19,18446731693466315871
80,2,4,1,5,20,18446731693466315871
80,2,4,1,5,21,18446731693466315871
80,2,4,1,5,22,18446731693466315871
80,2,4,1,5,23,18446731693466315871
80,2,4,1,5,24,18446731693466315871
80,2,4,1,5,25,18446731693466315871
80,2,4,1,5,26,18446731693466315871
80,2,4,1,5,27,18446731693466315871
80,2,4,1,5,28,18446731693466315871
80,2,4,1,5,29,18446731693466315871
80,2,4,1,5,30,18446731693466315871
80,2,4,1,5,31,18446731693466315871
80,2,4,1,5,32,18446731693466315871
80,2,4,1,5,33,18446731693466315871
80,2,4,1,5,34,18446731693466315871
80,2,4,1,5,35,18446731693466315871
80,2,4,1,5,36,18446731693466315871
80,2,4,1,5,37,18446731693466315871
80,2,4,1,5,38,18446731693466315871
80,2,4,1,5,39,18446731693466315871
80,2,4,1,5,40,18446731693466315871
80,2,4,1,5,41,18446731693466315871
80,2,4,1,5,42,18446731693466315871
80,2,4,1,5,43,18446731693466315871
80,2,4,1,5,44,18446731693466315871
80,2,4,1,5,45,18446731693466315871
80,2,4,1,5,46,18446731693466315871
80,2,4,1,5,47,18446731693466315871
80,2,4,1,5,48,18446731693466315871
80,2,4,1,5,49,18446731693466315871
80,2,4,1,5,50,18446731693466315871
80,2,4,1,5,51,18446731693466315871
80,2,4,1,5,52,18446731693466315871
80,2,4,1,5,53,18446731693466315871
80,2,4,1,5,54,18446731693466315871
80,2,4,1,5,55,18446731693466315871
80,2,4,1,5,56,18446731693466315871
80,2,4,1,5,57,18446731693466315871
80,2,4,1,5,58,18446731693466315871
80,2,4,1,5,59,18446731693466315871
80,2,4,1,5,60,18446731693466315871
80,2,4,1,5,61,18446731693466315871
80,2,4,1,5,62,18446731693466315871
80,2,4,1,5,63,18446731693466315871
80,2,4,1,5,64,18446731693466315871
80,2,4,1,5,65,18446731693466315871
80,2,4,1,5,66,18446731693466315871
80,2,4,1,5,67,18446731693466315871
80,2,4,1,5,68,18446731693466315871
80,2,4,1,5,69,18446731693466315871
80,2,4,1,5,70,18446731693466315871
80,2,4,1,5,71,18446731693466315871
80,2,4,1,5,72,18446731693466315871
80,2,4,1,5,73,18446731693466315871
80,2,4,1,5,74,18446731693466315871
80,2,4,1,5,75,18446731693466315871
80,2,4,1,5,76,18446731693466315871
80,2,4,1,5,77,18446731693466315871
80,2,4,1,5,78,18446731693466315871
80,2,4,1,5,79,18446731693466315871
80,2,4,1,5,80,18446731693466315871
80,2,4,1,5,81,18446731693466315871
80,2,4,1,5,82,18446731693466315871
80,2,4,1,5,83,18446731693466315871
80,2,4,1,5,84,18446731693466315871
80,2,4,1,5,85,18446731693466315871
80,2,4,1,5,86,18446731693466315871
80,2,4,1,5,87,18446731693466315871
80,2,4,1,5,88,18446731693466315871
80,2,4,1,5,89,18446731693466315871
80,2,4,1,5,90,18446731693466315871
80,2,4,1,5,91,18446731693466315871
80,2,4,1,5,92,18446731693466315871
80,2,4,1,5,93,18446731693466315871
80,2,4,1,5,94,18446731693466315871
80,2,4,1,5,95,18446731693466315871
80,2,4,1,5,96,18446731693466315871
80,2,4,1,5,97,18446731693466315871
80,2,4,1,5,98,18446731693466315871
80,2,4,1,5,99,18446731693466315871
81,2,4,1,7,0,18446740489559338079
81,2,4,1,7,1,18446740489559338079
81,2,4,1,7,2,18446740489559338079
81,2,4,1,7,3,18446740489559338079
81,2,4,1,7,4,18446740489559338079
81,2,4,1,7,5,18446740489559338079
81,2,4,1,7,6,18446740489559338079
81,2,4,1,7,7,18446740489559338079
81,2,4,1,7,8,18446740489559338079
81,2,4,1,7,9,18446740489559338079
81,2,4,1,7,10,18446740489559338079
81,2,4,1,7,11,18446740489559338079
81,2,4,1,7,12,18446740489559338079
81,2,4,1,7,13,18446740489559338079
81,2,4,1,7,14,18446740489559338079
81,2,4,1,7,15,18446740489559338079
81,2,4,1,7,16,18446740489559338079
81,2,4,1,7,17,18446740489559338079
81,2,4,1,7,18,18446740489559338079
81,2,4,1,7,19,18446740489559338079
81,2,4,1,7,20,18446740489559338079
81,2,4,1,7,21,18446740489559338079
81,2,4,1,7,22,18446740489559338079
81,2,4,1,7,23,18446740489559338079
81,2,4,1,7,24,18446740489559338079
81,2,4,1,7,25,18446740489559338079
81,2,4,1,7,26,18446740489559338079
81,2,4,1,7,27,18446740489559338079
81,2,4,1,7,28,18446740489559338079
81,2,4,1,7,29,18446740489559338079
81,2,4,1,7,30,18446740489559338079
81,2,4,1,7,31,18446740489559338079
81,2,4,1,7,32,18446740489559338079
81,2,4,1,7,33,18446740489559338079
81,2,4,1,7,34,18446740489559338079
81,2,4,1,7,35,18446740489559338079
81,2,4,1,7,36,18446740489559338079
81,2,4,1,7,37,18446740489559338079
81,2,4,1,7,38,18446740489559338079
81,2,4,1,7,39,18446740489559338079
81,2,4,1,7,40,18446740489559338079
81,2,4,1,7,41,18446740489559338079
81,2,4,1,7,42,18446740489559338079
81,2,4,1,7,43,18446740489559338079
81,2,4,1,7,44,18446740489559338079
81,2,4,1,7,45,18446740489559338079
81,2,4,1,7,46,18446740489559338079
81,2,4,1,7,47,18446740489559338079
81,2,4,1,7,48,18446740489559338079
81,2,4,1,7,49,18446740489559338079
81,2,4,1,7,50,18446740489559338079
81,2,4,1,7,51,18446740489559338079
81,2,4,1,7,52,18446740489559338079
81,2,4,1,7,53,18446740489559338079
81,2,4,1,7,54,18446740489559338079
81,2,4,1,7,55,18446740489559338079
81,2,4,1,7,56,18446740489559338079
81,2,4,1,7,57,18446740489559338079
81,2,4,1,7,58,18446740489559338079
81,2,4,1,7,59,18446740489559338079
81,2,4,1,7,60,18446740489559338079
81,2,4,1,7,61,18446740489559338079
81,2,4,1,7,62,18446740489559338079
81,2,4,1,7,63,18446740489559338079
81,2,4,1,7,64,18446740489559338079
81,2,4,1,7,65,18446740489559338079
81,2,4,1,7,66,18446740489559338079
81,2,4,1,7,67,18446740489559338079
81,2,4,1,7,68,18446740489559338079
81,2,4,1,7,69,18446740489559338079
81,2,4,1,7,70,18446740489559338079
81,2,4,1,7,71,18446740489559338079
81,2,4,1,7,72,18446740489559338079
81,2,4,1,7,73,18446740489559338079
81,2,4,1,7,74,18446740489559338079
81,2,4,1,7,75,18446740489559338079
81,2,4,1,7,76,18446740489559338079
81,2,4,1,7,77,18446740489559338079
81,2,4,1,7,78,18446740489559338079
81,2,4,1,7,79,18446740489559338079
81,2,4,1,7,80,18446740489559338079
81,2,4,1,7,81,18446740489559338079
81,2,4,1,7,82,18446740489559338079
81,2,4,1,7,83,18446740489559338079
81,2,4,1,7,84,18446740489559338079
81,2,4,1,7,85,18446740489559338079
81,2,4,1,7,86,18446740489559338079
81,2,4,1,7,87,18446740489559338079
81,2,4,1,7,88,18446740489559338079
81,2,4,1,7,89,18446740489559338079
81,2,4,1,7,90,18446740489559338079
81,2,4,1,7,91,18446740489559338079
81,2,4,1,7,92,18446740489559338079
81,2,4,1,7,93,18446740489559338079
81,2,4,1,7,94,18446740489559338079
81,2,4,1,7,95,18446740489559338079
81,2,4,1,7,96,18446740489559338079
81,2,4,1,7,97,18446740489559338079
81,2,4,1,7,98,18446740489559338079
81,2,4,1,7,99,18446740489559338079
82,2,5,1,0,0,1526860878752
82,2,5,1,0,1,1526860878752
82,2,5,1,0,2,1526860878752
82,2,5,1,0,3,1526860878752
82,2,5,1,0,4,1526860878752
82,2,5,1,0,5,1526860878752
82,2,5,1,0,6,1526860878752
82,2,5,1,0,7,1526860878752
82,2,5,1,0,8,1526860878752
82,2,5,1,0,9,1526860878752
82,2,5,1,0,10,1526860878752
82,2,5,1,0,11,1526860878752
82,2,5,1,0,12,1526860878752
82,2,5,1,0,13,1526860878752
82,2,5,1,0,14,1526860878752
82,2,5,1,0,15,1526860878752
82,2,5,1,0,16,1526860878752
82,2,5,1,0,17,1526860878752
82,2,5,1,0,18,1526860878752
82,2,5,1,0,19,1526860878752
82,2,5,1,0,20,1526860878752
82,2,5,1,0,21,1526860878752
82,2,5,1,0,22,1526860878752
82,2,5,1,0,23,1526860878752
82,2,5,1,0,24,1526860878752
82,2,5,1,0,25,1526860878752
82,2,5,1,0,26,1526860878752
82,2,5,1,0,27,1526860878752
82,2,5,1,0,28,1526860878752
82,2,5,1,0,29,3725884134304
82,2,5,1,0,30,1526860878752
82,2,5,1,0,31,1526860878752
82,2,5,1,0,32,1526860878752
82,2,5,1,0,33,1526860878752
82,2,5,1,0,34,1526860878752
82,2,5,1,0,35,1526860878752
82,2,5,1,0,36,1526860878752
82,2,5,1,0,37,1526860878752
82,2,5,1,0,38,1526860878752
82,2,5,1,0,39,1526860878752
82,2,5,1,0,40,1526860878752
82,2,5,1,0,41,1526860878752
82,2,5,1,0,42,1526860878752
82,2,5,1,0,43,1526860878752
82,2,5,1,0,44,1526860878752
82,2,5,1,0,45,1526860878752
82,2,5,1,0,46,1526860878752
82,2,5,1,0,47,1526860878752
82,2,5,1,0,48,1526860878752
82,2,5,1,0,49,1526860878752
82,2,5,1,0,50,3725884134304
82,2,5,1,0,51,1526860878752
82,2,5,1,0,52,1526860878752
82,2,5,1,0,53,1526860878752
82,2,5,1,0,54,1526860878752
82,2,5,1,0,55,1526860878752
82,2,5,1,0,56,1526860878752
82,2,5,1,0,57,1526860878752
82,2,5,1,0,58,1526860878752
82,2,5,1,0,59,1526860878752
82,2,5,1,0,60,1526860878752
82,2,5,1,0,61,1526860878752
82,2,5,1,0,62,1526860878752
82,2,5,1,0,63,1526860878752
82,2,5,1,0,64,1526860878752
82,2,5,1,0,65,1526860878752
82,2,5,1,0,66,1526860878752
82,2,5,1,0,67,1526860878752
82,2,5,1,0,68,1526860878752
82,2,5,1,0,69,1526860878752
82,2,5,1,0,70,1526860878752
82,2,5,1,0,71,1526860878752
82,2,5,1,0,72,1526860878752
82,2,5,1,0,73,1526860878752
82,2,5,1,0,74,1526860878752
82,2,5,1,0,75,1526860878752
82,2,5,1,0,76,1526860878752
82,2,5,1,0,77,1526860878752
82,2,5,1,0,78,1526860878752
82,2,5,1,0,79,1526860878752
82,2,5,1,0,80,1526860878752
82,2,5,1,0,81,1526860878752
82,2,5,1,0,82,1526860878752
82,2,5,1,0,83,1526860878752
82,2,5,1,0,84,1526860878752
82,2,5,1,0,85,1526860878752
82,2,5,1,0,86,1526860878752
82,2,5,1,0,87,1526860878752
82,2,5,1,0,88,1526860878752
82,2,5,1,0,89,1526860878752
82,2,5,1,0,90,1526860878752
82,2,5,1,0,91,1526860878752
82,2,5,1,0,92,1526860878752
82,2,5,1,0,93,1526860878752
82,2,5,1,0,94,1526860878752
82,2,5,1,0,95,1526860878752
82,2,5,1,0,96,1526860878752
82,2,5,1,0,97,1526860878752
82,2,5,1,0,98,1526860878752
82,2,5,1,0,99,1526860878752
83,2,5,1,2,0,285615330208
83,2,5,1,2,1,283467846560
83,2,5,1,2,2,283467846560
83,2,5,1,2,3,283467846560
83,2,5,1,2,4,283467846560
83,2,5,1,2,5,283467846560
83,2,5,1,2,6,283467846560
83,2,5,1,2,7,283467846560
83,2,5,1,2,8,285615330208
83,2,5,1,2,9,283467846560
83,2,5,1,2,10,283467846560
83,2,5,1,2,11,283467846560
83,2,5,1,2,12,283467846560
83,2,5,1,2,13,283467846560
83,2,5,1,2,14,283467846560
83,2,5,1,2,15,285615330208
83,2,5,1,2,16,283467846560
83,2,5,1,2,17,283467846560
83,2,5,1,2,18,283467846560
83,2,5,1,2,19,285615330208
83,2,5,1,2,20,283467846560
83,2,5,1,2,21,283467846560
83,2,5,1,2,22,283467846560
83,2,5,1,2,23,283467846560
83,2,5,1,2,24,283467846560
83,2,5,1,2,25,283467846560
83,2,5,1,2,26,285615330208
83,2,5,1,2,27,285615330208
83,2,5,1,2,28,283467846560
83,2,5,1,2,29,283467846560
83,2,5,1,2,30,283467846560
83,2,5,1,2,31,283467846560
83,2,5,1,2,32,283467846560
83,2,5,1,2,33,283467846560
83,2,5,1,2,34,285615330208
83,2,5,1,2,35,283467846560
83,2,5,1,2,36,283467846560
83,2,5,1,2,37,283467846560
83,2,5,1,2,38,283467846560
83,2,5,1,2,39,283467846560
83,2,5,1,2,40,283467846560
83,2,5,1,2,41,283467846560
83,2,5,1,2,42,283467846560
83,2,5,1,2,43,283467846560
83,2,5,1,2,44,283467846560
83,2,5,1,2,45,285615330208
83,2,5,1,2,46,283467846560
83,2,5,1,2,47,285615330208
83,2,5,1,2,48,283467846560
83,2,5,1,2,49,283467846560
83,2,5,1,2,50,283467846560
83,2,5,1,2,51,285615330208
83,2,5,1,2,52,283467846560
83,2,5,1,2,53,283467846560
83,2,5,1,2,54,283467846560
83,2,5,1,2,55,285615330208
83,2,5,1,2,56,285615330208
83,2,5,1,2,57,283467846560
83,2,5,1,2,58,285615330208
83,2,5,1,2,59,285615330208
83,2,5,1,2,60,283467846560
83,2,5,1,2,61,285615330208
83,2,5,1,2,62,283467846560
83,2,5,1,2,63,283467846560
83,2,5,1,2,64,283467846560
83,2,5,1,2,65,285615330208
83,2,5,1,2,66,283467846560
83,2,5,1,2,67,283467846560
83,2,5,1,2,68,283467846560
83,2,5,1,2,69,283467846560
83,2,5,1,2,70,283467846560
83,2,5,1,2,71,283467846560
83,2,5,1,2,72,283467846560
83,2,5,1,2,73,283467846560
83,2,5,1,2,74,283467846560
83,2,5,1,2,75,283467846560
83,2,5,1,2,76,283467846560
83,2,5,1,2,77,283467846560
83,2,5,1,2,78,283467846560
83,2,5,1,2,79,283467846560
83,2,5,1,2,80,285615330208
83,2,5,1,2,81,285615330208
83,2,5,1,2,82,283467846560
83,2,5,1,2,83,283467846560
83,2,5,1,2,84,283467846560
83,2,5,1,2,85,283467846560
83,2,5,1,2,86,285615330208
83,2,5,1,2,87,283467846560
83,2,5,1,2,88,283467846560
83,2,5,1,2,89,283467846560
83,2,5,1,2,90,283467846560
83,2,5,1,2,91,283467846560
83,2,5,1,2,92,283467846560
83,2,5,1,2,93,285615330208
83,2,5,1,2,94,285615330208
83,2,5,1,2,95,285615330208
83,2,5,1,2,96,283467846560
83,2,5,1,2,97,283467846560
83,2,5,1,2,98,283467846560
83,2,5,1,2,99,283467846560
84,2,5,1,4,0,566675837555616
84,2,5,1,4,1,566675837555616
84,2,5,1,4,2,566675837555616
84,2,5,1,4,3,566675837555616
84,2,5,1,4,4,566675837555616
84,2,5,1,4,5,566675837555616
84,2,5,1,4,6,566675837555616
84,2,5,1,4,7,566675837555616
84,2,5,1,4,8,566675837555616
84,2,5,1,4,9,566675837555616
84,2,5,1,4,10,566675837555616
84,2,5,1,4,11,566675837555616
84,2,5,1,4,12,566675837555616
84,2,5,1,4,13,566675837555616
84,2,5,1,4,14,566675837555616
84,2,5,1,4,15,566675837555616
84,2,5,1,4,16,566675837555616
84,2,5,1,4,17,566675837555616
84,2,5,1,4,18,566675837555616
84,2,5,1,4,19,566675837555616
84,2,5,1,4,20,566675837555616
84,2,5,1,4,21,566675837555616
84,2,5,1,4,22,566675837555616
84,2,5,1,4,23,566675837555616
84,2,5,1,4,24,566675837555616
84,2,5,1,4,25,566675837555616
84,2,5,1,4,26,566675837555616
84,2,5,1,4,27,566675837555616
84,2,5,1,4,28,566675837555616
84,2,5,1,4,29,566675837555616
84,2,5,1,4,30,566675837555616
84,2,5,1,4,31,566675837555616
84,2,5,1,4,32,566675837555616
84,2,5,1,4,33,566675837555616
84,2,5,1,4,34,566675837555616
84,2,5,1,4,35,566675837555616
84,2,5,1,4,36,566675837555616
84,2,5,1,4,37,566675837555616
84,2,5,1,4,38,566675837555616
84,2,5,1,4,39,566675837555616
84,2,5,1,4,40,566675837555616
84,2,5,1,4,41,566675837555616
84,2,5,1,4,42,566675837555616
84,2,5,1,4,43,566675837555616
84,2,5,1,4,44,566675837555616
84,2,5,1,4,45,566675837555616
84,2,5,1,4,46,566675837555616
84,2,5,1,4,47,566675837555616
84,2,5,1,4,48,566675837555616
84,2,5,1,4,49,566675837555616
84,2,5,1,4,50,566675837555616
84,2,5,1,4,51,566675837555616
84,2,5,1,4,52,566675837555616
84,2,5,1,4,53,566675837555616
84,2,5,1,4,54,566675837555616
84,2,5,1,4,55,566675837555616
84,2,5,1,4,56,566675837555616
84,2,5,1,4,57,566675837555616
84,2,5,1,4,58,566675837555616
84,2,5,1,4,59,566675837555616
84,2,5,1,4,60,566675837555616
84,2,5,1,4,61,566675837555616
84,2,5,1,4,62,566675837555616
84,2,5,1,4,63,566675837555616
84,2,5,1,4,64,566675837555616
84,2,5,1,4,65,566675837555616
84,2,5,1,4,66,566675837555616
84,2,5,1,4,67,566675837555616
84,2,5,1,4,68,566675837555616
84,2,5,1,4,69,566675837555616
84,2,5,1,4,70,566675837555616
84,2,5,1,4,71,566675837555616
84,2,5,1,4,72,566675837555616
84,2,5,1,4,73,566675837555616
84,2,5,1,4,74,566675837555616
84,2,5,1,4,75,566675837555616
84,2,5,1,4,76,566675837555616
84,2,5,1,4,77,566675837555616
84,2,5,1,4,78,566675837555616
84,2,5,1,4,79,566675837555616
84,2,5,1,4,80,566675837555616
84,2,5,1,4,81,566675837555616
84,2,5,1,4,82,566675837555616
84,2,5,1,4,83,566675837555616
84,2,5,1,4,84,566675837555616
84,2,5,1,4,85,566675837555616
84,2,5,1,4,86,566675837555616
84,2,5,1,4,87,566675837555616
84,2,5,1,4,88,566675837555616
84,2,5,1,4,89,566675837555616
84,2,5,1,4,90,566675837555616
84,2,5,1,4,91,566675837555616
84,2,5,1,4,92,566675837555616
84,2,5,1,4,93,566675837555616
84,2,5,1,4,94,566675837555616
84,2,5,1,4,95,566675837555616
84,2,5,1,4,96,566675837555616
84,2,5,1,4,97,566675837555616
84,2,5,1,4,98,566675837555616
84,2,5,1,4,99,566675837555616
85,2,5,1,6,0,285615330208
85,2,5,1,6,1,427349250976
85,2,5,1,6,2,285615330208
85,2,5,1,6,3,285615330208
85,2,5,1,6,4,285615330208
85,2,5,1,6,5,285615330208
85,2,5,1,6,6,285615330208
85,2,5,1,6,7,285615330208
85,2,5,1,6,8,285615330208
85,2,5,1,6,9,285615330208
85,2,5,1,6,10,285615330208
85,2,5,1,6,11,289910297504
85,2,5,1,6,12,285615330208
85,2,5,1,6,13,285615330208
85,2,5,1,6,14,285615330208
85,2,5,1,6,15,285615330208
85,2,5,1,6,16,285615330208
85,2,5,1,6,17,285615330208
85,2,5,1,6,18,285615330208
85,2,5,1,6,19,285615330208
85,2,5,1,6,20,285615330208
85,2,5,1,6,21,285615330208
85,2,5,1,6,22,427349250976
85,2,5,1,6,23,285615330208
85,2,5,1,6,24,285615330208
85,2,5,1,6,25,285615330208
85,2,5,1,6,26,285615330208
85,2,5,1,6,27,285615330208
85,2,5,1,6,28,285615330208
85,2,5,1,6,29,285615330208
85,2,5,1,6,30,285615330208
85,2,5,1,6,31,285615330208
85,2,5,1,6,32,285615330208
85,2,5,1,6,33,285615330208
85,2,5,1,6,34,285615330208
85,2,5,1,6,35,285615330208
85,2,5,1,6,36,285615330208
85,2,5,1,6,37,285615330208
85,2,5,1,6,38,285615330208
85,2,5,1,6,39,285615330208
85,2,5,1,6,40,285615330208
85,2,5,1,6,41,285615330208
85,2,5,1,6,42,285615330208
85,2,5,1,6,43,285615330208
85,2,5,1,6,44,285615330208
85,2,5,1,6,45,289910297504
85,2,5,1,6,46,285615330208
85,2,5,1,6,47,285615330208
85,2,5,1,6,48,285615330208
85,2,5,1,6,49,285615330208
85,2,5,1,6,50,285615330208
85,2,5,1,6,51,289910297504
85,2,5,1,6,52,285615330208
85,2,5,1,6,53,285615330208
85,2,5,1,6,54,285615330208
85,2,5,1,6,55,285615330208
85,2,5,1,6,56,285615330208
85,2,5,1,6,57,285615330208
85,2,5,1,6,58,285615330208
85,2,5,1,6,59,285615330208
85,2,5,1,6,60,285615330208
85,2,5,1,6,61,285615330208
85,2,5,1,6,62,285615330208
85,2,5,1,6,63,285615330208
85,2,5,1,6,64,289910297504
85,2,5,1,6,65,285615330208
85,2,5,1,6,66,285615330208
85,2,5,1,6,67,285615330208
85,2,5,1,6,68,285615330208
85,2,5,1,6,69,285615330208
85,2,5,1,6,70,289910297504
85,2,5,1,6,71,285615330208
85,2,5,1,6,72,285615330208
85,2,5,1,6,73,285615330208
85,2,5,1,6,74,285615330208
85,2,5,1,6,75,285615330208
85,2,5,1,6,76,285615330208
85,2,5,1,6,77,285615330208
85,2,5,1,6,78,285615330208
85,2,5,1,6,79,285615330208
85,2,5,1,6,80,285615330208
85,2,5,1,6,81,289910297504
85,2,5,1,6,82,285615330208
85,2,5,1,6,83,285615330208
85,2,5,1,6,84,285615330208
85,2,5,1,6,85,285615330208
85,2,5,1,6,86,285615330208
85,2,5,1,6,87,285615330208
85,2,5,1,6,88,285615330208
85,2,5,1,6,89,285615330208
85,2,5,1,6,90,427349250976
85,2,5,1,6,91,285615330208
85,2,5,1,6,92,423054283680
85,2,5,1,6,93,285615330208
85,2,5,1,6,94,285615330208
85,2,5,1,6,95,285615330208
85,2,5,1,6,96,285615330208
85,2,5,1,6,97,285615330208
85,2,5,1,6,98,285615330208
85,2,5,1,6,99,285615330208
86,2,6,1,1,0,18446731556027362396
86,2,6,1,1,1,18446731556027362396
86,2,6,1,1,2,18446731556027362396
86,2,6,1,1,3,18446731556027362396
86,2,6,1,1,4,18446731556027362396
86,2,6,1,1,5,18446731556027362396
86,2,6,1,1,6,18446731556027362396
86,2,6,1,1,7,18446731556027362396
86,2,6,1,1,8,18446731556027362396
86,2,6,1,1,9,18446731556027362396
86,2,6,1,1,10,18446731556027362396
86,2,6,1,1,11,18446731556027362396
86,2,6,1,1,12,18446731556027362396
86,2,6,1,1,13,18446731556027362396
86,2,6,1,1,14,18446731556027362396
86,2,6,1,1,15,18446731556027362396
86,2,6,1,1,16,18446731556027362396
86,2,6,1,1,17,18446731556027362396
86,2,6,1,1,18,18446731556027362396
86,2,6,1,1,19,18446731556027362396
86,2,6,1,1,20,18446731556027362396
86,2,6,1,1,21,18446731556027362396
86,2,6,1,1,22,18446731556027362396
86,2,6,1,1,23,18446731556027362396
86,2,6,1,1,24,18446731556027362396
86,2,6,1,1,25,18446731556027362396
86,2,6,1,1,26,18446731556027362396
86,2,6,1,1,27,18446731556027362396
86,2,6,1,1,28,18446731556027362396
86,2,6,1,1,29,18446731556027362396
86,2,6,1,1,30,18446731556027362396
86,2,6,1,1,31,18446731556027362396
86,2,6,1,1,32,18446731556027362396
86,2,6,1,1,33,18446731556027362396
86,2,6,1,1,34,18446731556027362396
86,2,6,1,1,35,18446731556027362396
86,2,6,1,1,36,18446731556027362396
86,2,6,1,1,37,18446731556027362396
86,2,6,1,1,38,18446731556027362396
86,2,6,1,1,39,18446731556027362396
86,2,6,1,1,40,18446731556027362396
86,2,6,1,1,41,18446731556027362396
86,2,6,1,1,42,18446731556027362396
86,2,6,1,1,43,18446731556027362396
86,2,6,1,1,44,18446731556027362396
86,2,6,1,1,45,18446731556027362396
86,2,6,1,1,46,18446731556027362396
86,2,6,1,1,47,18446731556027362396
86,2,6,1,1,48,18446731556027362396
86,2,6,1,1,49,18446731556027362396
86,2,6,1,1,50,18446731556027362396
86,2,6,1,1,51,18446731556027362396
86,2,6,1,1,52,18446731556027362396
86,2,6,1,1,53,18446731556027362396
86,2,6,1,1,54,18446731556027362396
86,2,6,1,1,55,18446731556027362396
86,2,6,1,1,56,18446731556027362396
86,2,6,1,1,57,18446731556027362396
86,2,6,1,1,58,18446731556027362396
86,2,6,1,1,59,18446731556027362396
86,2,6,1,1,60,18446731556027362396
86,2,6,1,1,61,18446731556027362396
86,2,6,1,1,62,18446731556027362396
86,2,6,1,1,63,18446731556027362396
86,2,6,1,1,64,18446731556027362396
86,2,6,1,1,65,18446731556027362396
86,2,6,1,1,66,18446731556027362396
86,2,6,1,1,67,18446731556027362396
86,2,6,1,1,68,18446731556027362396
86,2,6,1,1,69,18446731556027362396
86,2,6,1,1,70,18446731556027362396
86,2,6,1,1,71,18446731556027362396
86,2,6,1,1,72,18446731556027362396
86,2,6,1,1,73,18446731556027362396
86,2,6,1,1,74,18446731556027362396
86,2,6,1,1,75,18446731556027362396
86,2,6,1,1,76,18446731556027362396
86,2,6,1,1,77,18446731556027362396
86,2,6,1,1,78,18446731556027362396
86,2,6,1,1,79,18446731556027362396
86,2,6,1,1,80,18446731556027362396
86,2,6,1,1,81,18446731556027362396
86,2,6,1,1,82,18446731556027362396
86,2,6,1,1,83,18446731556027362396
86,2,6,1,1,84,18446731556027362396
86,2,6,1,1,85,18446731556027362396
86,2,6,1,1,86,18446731556027362396
86,2,6,1,1,87,18446731556027362396
86,2,6,1,1,88,18446731556027362396
86,2,6,1,1,89,18446731556027362396
86,2,6,1,1,90,18446731556027362396
86,2,6,1,1,91,18446731556027362396
86,2,6,1,1,92,18446731556027362396
86,2,6,1,1,93,18446731556027362396
86,2,6,1,1,94,18446731556027362396
86,2,6,1,1,95,18446731556027362396
86,2,6,1,1,96,18446731556027362396
86,2,6,1,1,97,18446731556027362396
86,2,6,1,1,98,18446731556027362396
86,2,6,1,1,99,18446731556027362396
87,2,6,1,3,0,18446731556027362396
87,2,6,1,3,1,18446731556027362396
87,2,6,1,3,2,18446731556027362396
87,2,6,1,3,3,18446731556027362396
87,2,6,1,3,4,18446731556027362396
87,2,6,1,3,5,18446731556027362396
87,2,6,1,3,6,18446731556027362396
87,2,6,1,3,7,18446731556027362396
87,2,6,1,3,8,18446731556027362396
87,2,6,1,3,9,18446731556027362396
87,2,6,1,3,10,18446731556027362396
87,2,6,1,3,11,18446731556027362396
87,2,6,1,3,12,18446731556027362396
87,2,6,1,3,13,18446731556027362396
87,2,6,1,3,14,18446731556027362396
87,2,6,1,3,15,18446731556027362396
87,2,6,1,3,16,18446731556027362396
87,2,6,1,3,17,18446731556027362396
87,2,6,1,3,18,18446731556027362396
87,2,6,1,3,19,18446731556027362396
87,2,6,1,3,20,18446731556027362396
87,2,6,1,3,21,18446731556027362396
87,2,6,1,3,22,18446731556027362396
87,2,6,1,3,23,18446731556027362396
87,2,6,1,3,24,18446731556027362396
87,2,6,1,3,25,18446731556027362396
87,2,6,1,3,26,18446731556027362396
87,2,6,1,3,27,18446731556027362396
87,2,6,1,3,28,18446731556027362396
87,2,6,1,3,29,18446731556027362396
87,2,6,1,3,30,18446731556027362396
87,2,6,1,3,31,18446731556027362396
87,2,6,1,3,32,18446731556027362396
87,2,6,1,3,33,18446731556027362396
87,2,6,1,3,34,18446731556027362396
87,2,6,1,3,35,18446731556027362396
87,2,6,1,3,36,18446731556027362396
87,2,6,1,3,37,18446731556027362396
87,2,6,1,3,38,18446731556027362396
87,2,6,1,3,39,18446731556027362396
87,2,6,1,3,40,18446731556027362396
87,2,6,1,3,41,18446731556027362396
87,2,6,1,3,42,18446731556027362396
87,2,6,1,3,43,18446731556027362396
87,2,6,1,3,44,18446731556027362396
87,2,6,1,3,45,18446731556027362396
87,2,6,1,3,46,18446731556027362396
87,2,6,1,3,47,18446731556027362396
87,2,6,1,3,48,18446731556027362396
87,2,6,1,3,49,18446731556027362396
87,2,6,1,3,50,18446731556027362396
87,2,6,1,3,51,18446731556027362396
87,2,6,1,3,52,18446731556027362396
87,2,6,1,3,53,18446731556027362396
87,2,6,1,3,54,18446731556027362396
87,2,6,1,3,55,18446731556027362396
87,2,6,1,3,56,18446731556027362396
87,2,6,1,3,57,18446731556027362396
87,2,6,1,3,58,18446731556027362396
87,2,6,1,3,59,18446731556027362396
87,2,6,1,3,60,18446731556027362396
87,2,6,1,3,61,18446731556027362396
87,2,6,1,3,62,18446731556027362396
87,2,6,1,3,63,18446731556027362396
87,2,6,1,3,64,18446731556027362396
87,2,6,1,3,65,18446731556027362396
87,2,6,1,3,66,18446731556027362396
87,2,6,1,3,67,18446731556027362396
87,2,6,1,3,68,18446731556027362396
87,2,6,1,3,69,18446731556027362396
87,2,6,1,3,70,18446731556027362396
87,2,6,1,3,71,18446731556027362396
87,2,6,1,3,72,18446731556027362396
87,2,6,1,3,73,18446731556027362396
87,2,6,1,3,74,18446731556027362396
87,2,6,1,3,75,18446731556027362396
87,2,6,1,3,76,18446731556027362396
87,2,6,1,3,77,18446731556027362396
87,2,6,1,3,78,18446731556027362396
87,2,6,1,3,79,18446731556027362396
87,2,6,1,3,80,18446731556027362396
87,2,6,1,3,81,18446731556027362396
87,2,6,1,3,82,18446731556027362396
87,2,6,1,3,83,18446731556027362396
87,2,6,1,3,84,18446731556027362396
87,2,6,1,3,85,18446731556027362396
87,2,6,1,3,86,18446731556027362396
87,2,6,1,3,87,18446731556027362396
87,2,6,1,3,88,18446731556027362396
87,2,6,1,3,89,18446731556027362396
87,2,6,1,3,90,18446731556027362396
87,2,6,1,3,91,18446731556027362396
87,2,6,1,3,92,18446731556027362396
87,2,6,1,3,93,18446731556027362396
87,2,6,1,3,94,18446731556027362396
87,2,6,1,3,95,18446731556027362396
87,2,6,1,3,96,18446731556027362396
87,2,6,1,3,97,18446731556027362396
87,2,6,1,3,98,18446731556027362396
87,2,6,1,3,99,18446731556027362396
88,2,6,1,5,0,18446731556027362396
88,2,6,1,5,1,18446731556027362396
88,2,6,1,5,2,18446731556027362396
88,2,6,1,5,3,18446731556027362396
88,2,6,1,5,4,18446731556027362396
88,2,6,1,5,5,18446731556027362396
88,2,6,1,5,6,18446731556027362396
88,2,6,1,5,7,18446731556027362396
88,2,6,1,5,8,18446731556027362396
88,2,6,1,5,9,18446731556027362396
88,2,6,1,5,10,18446731556027362396
88,2,6,1,5,11,18446731556027362396
88,2,6,1,5,12,18446731556027362396
88,2,6,1,5,13,18446731556027362396
88,2,6,1,5,14,18446731556027362396
88,2,6,1,5,15,18446731556027362396
88,2,6,1,5,16,18446731556027362396
88,2,6,1,5,17,18446731556027362396
88,2,6,1,5,18,18446731556027362396
88,2,6,1,5,19,18446731556027362396
88,2,6,1,5,20,18446731556027362396
88,2,6,1,5,21,18446731556027362396
88,2,6,1,5,22,18446731556027362396
88,2,6,1,5,23,18446731556027362396
88,2,6,1,5,24,18446731556027362396
88,2,6,1,5,25,18446731556027362396
88,2,6,1,5,26,18446731556027362396
88,2,6,1,5,27,18446731556027362396
88,2,6,1,5,28,18446731556027362396
88,2,6,1,5,29,18446731556027362396
88,2,6,1,5,30,18446731556027362396
88,2,6,1,5,31,18446731556027362396
88,2,6,1,5,32,18446731556027362396
88,2,6,1,5,33,18446731556027362396
88,2,6,1,5,34,18446731556027362396
88,2,6,1,5,35,18446731556027362396
88,2,6,1,5,36,18446731556027362396
88,2,6,1,5,37,18446731556027362396
88,2,6,1,5,38,18446731556027362396
88,2,6,1,5,39,18446731556027362396
88,2,6,1,5,40,18446731556027362396
88,2,6,1,5,41,18446731556027362396
88,2,6,1,5,42,18446731556027362396
88,2,6,1,5,43,18446731556027362396
88,2,6,1,5,44,18446731556027362396
88,2,6,1,5,45,18446731556027362396
88,2,6,1,5,46,18446731556027362396
88,2,6,1,5,47,18446731556027362396
88,2,6,1,5,48,18446731556027362396
88,2,6,1,5,49,18446731556027362396
88,2,6,1,5,50,18446731556027362396
88,2,6,1,5,51,18446731556027362396
88,2,6,1,5,52,18446731556027362396
88,2,6,1,5,53,18446731556027362396
88,2,6,1,5,54,18446731556027362396
88,2,6,1,5,55,18446731556027362396
88,2,6,1,5,56,18446731556027362396
88,2,6,1,5,57,18446731556027362396
88,2,6,1,5,58,18446731556027362396
88,2,6,1,5,59,18446731556027362396
88,2,6,1,5,60,18446731556027362396
88,2,6,1,5,61,18446731556027362396
88,2,6,1,5,62,18446731556027362396
88,2,6,1,5,63,18446731556027362396
88,2,6,1,5,64,18446731556027362396
88,2,6,1,5,65,18446731556027362396
88,2,6,1,5,66,18446731556027362396
88,2,6,1,5,67,18446731556027362396
88,2,6,1,5,68,18446731556027362396
88,2,6,1,5,69,18446731556027362396
88,2,6,1,5,70,18446731556027362396
88,2,6,1,5,71,18446731556027362396
88,2,6,1,5,72,18446731556027362396
88,2,6,1,5,73,18446731556027362396
88,2,6,1,5,74,18446731556027362396
88,2,6,1,5,75,18446731556027362396
88,2,6,1,5,76,18446731556027362396
88,2,6,1,5,77,18446731556027362396
88,2,6,1,5,78,18446731556027362396
88,2,6,1,5,79,18446731556027362396
88,2,6,1,5,80,18446731556027362396
88,2,6,1,5,81,18446731556027362396
88,2,6,1,5,82,18446731556027362396
88,2,6,1,5,83,18446731556027362396
88,2,6,1,5,84,18446731556027362396
88,2,6,1,5,85,18446731556027362396
88,2,6,1,5,86,18446731556027362396
88,2,6,1,5,87,18446731556027362396
88,2,6,1,5,88,18446731556027362396
88,2,6,1,5,89,18446731556027362396
88,2,6,1,5,90,18446731556027362396
88,2,6,1,5,91,18446731556027362396
88,2,6,1,5,92,18446731556027362396
88,2,6,1,5,93,18446731556027362396
88,2,6,1,5,94,18446731556027362396
88,2,6,1,5,95,18446731556027362396
88,2,6,1,5,96,18446731556027362396
88,2,6,1,5,97,18446731556027362396
88,2,6,1,5,98,18446731556027362396
88,2,6,1,5,99,18446731556027362396
89,2,6,1,7,0,18446731556027362396
89,2,6,1,7,1,18446731556027362396
89,2,6,1,7,2,18446731556027362396
89,2,6,1,7,3,18446731556027362396
89,2,6,1,7,4,18446731556027362396
89,2,6,1,7,5,18446731556027362396
89,2,6,1,7,6,18446731556027362396
89,2,6,1,7,7,18446731556027362396
89,2,6,1,7,8,18446731556027362396
89,2,6,1,7,9,18446731556027362396
89,2,6,1,7,10,18446731556027362396
89,2,6,1,7,11,18446731556027362396
89,2,6,1,7,12,18446731556027362396
89,2,6,1,7,13,18446731556027362396
89,2,6,1,7,14,18446731556027362396
89,2,6,1,7,15,18446731556027362396
89,2,6,1,7,16,18446731556027362396
89,2,6,1,7,17,18446731556027362396
89,2,6,1,7,18,18446731556027362396
89,2,6,1,7,19,18446731556027362396
89,2,6,1,7,20,18446731556027362396
89,2,6,1,7,21,18446731556027362396
89,2,6,1,7,22,18446731556027362396
89,2,6,1,7,23,18446731556027362396
89,2,6,1,7,24,18446731556027362396
89,2,6,1,7,25,18446731556027362396
89,2,6,1,7,26,18446731556027362396
89,2,6,1,7,27,18446731556027362396
89,2,6,1,7,28,18446731556027362396
89,2,6,1,7,29,18446731556027362396
89,2,6,1,7,30,18446731556027362396
89,2,6,1,7,31,18446731556027362396
89,2,6,1,7,32,18446731556027362396
89,2,6,1,7,33,18446731556027362396
89,2,6,1,7,34,18446731556027362396
89,2,6,1,7,35,18446731556027362396
89,2,6,1,7,36,18446731556027362396
89,2,6,1,7,37,18446731556027362396
89,2,6,1,7,38,18446731556027362396
89,2,6,1,7,39,18446731556027362396
89,2,6,1,7,40,18446731556027362396
89,2,6,1,7,41,18446731556027362396
89,2,6,1,7,42,18446731556027362396
89,2,6,1,7,43,18446731556027362396
89,2,6,1,7,44,18446731556027362396
89,2,6,1,7,45,18446731556027362396
89,2,6,1,7,46,18446731556027362396
89,2,6,1,7,47,18446731556027362396
89,2,6,1,7,48,18446731556027362396
89,2,6,1,7,49,18446731556027362396
89,2,6,1,7,50,18446731556027362396
89,2,6,1,7,51,18446731556027362396
89,2,6,1,7,52,18446731556027362396
89,2,6,1,7,53,18446731556027362396
89,2,6,1,7,54,18446731556027362396
89,2,6,1,7,55,18446731556027362396
89,2,6,1,7,56,18446731556027362396
89,2,6,1,7,57,18446731556027362396
89,2,6,1,7,58,18446731556027362396
89,2,6,1,7,59,18446731556027362396
89,2,6,1,7,60,18446731556027362396
89,2,6,1,7,61,18446731556027362396
89,2,6,1,7,62,18446731556027362396
89,2,6,1,7,63,18446731556027362396
89,2,6,1,7,64,18446731556027362396
89,2,6,1,7,65,18446731556027362396
89,2,6,1,7,66,18446731556027362396
89,2,6,1,7,67,18446731556027362396
89,2,6,1,7,68,18446731556027362396
89,2,6,1,7,69,18446731556027362396
89,2,6,1,7,70,18446731556027362396
89,2,6,1,7,71,18446731556027362396
89,2,6,1,7,72,18446731556027362396
89,2,6,1,7,73,18446731556027362396
89,2,6,1,7,74,18446731556027362396
89,2,6,1,7,75,18446731556027362396
89,2,6,1,7,76,18446731556027362396
89,2,6,1,7,77,18446731556027362396
89,2,6,1,7,78,18446731556027362396
89,2,6,1,7,79,18446731556027362396
89,2,6,1,7,80,18446731556027362396
89,2,6,1,7,81,18446731556027362396
89,2,6,1,7,82,18446731556027362396
89,2,6,1,7,83,18446731556027362396
89,2,6,1,7,84,18446731556027362396
89,2,6,1,7,85,18446731556027362396
89,2,6,1,7,86,18446731556027362396
89,2,6,1,7,87,18446731556027362396
89,2,6,1,7,88,18446731556027362396
89,2,6,1,7,89,18446731556027362396
89,2,6,1,7,90,18446731556027362396
89,2,6,1,7,91,18446731556027362396
89,2,6,1,7,92,18446731556027362396
89,2,6,1,7,93,18446731556027362396
89,2,6,1,7,94,18446731556027362396
89,2,6,1,7,95,18446731556027362396
89,2,6,1,7,96,18446731556027362396
89,2,6,1,7,97,18446731556027362396
89,2,6,1,7,98,18446731556027362396
89,2,6,1,7,99,18446731556027362396
90,2,7,1,0,0,290213824261267370
90,2,7,1,0,1,290213824261267370
90,2,7,1,0,2,290213824261267370
90,2,7,1,0,3,290213824261267370
90,2,7,1,0,4,290213824261267370
90,2,7,1,0,5,290213824261267370
90,2,7,1,0,6,290213824261267370
90,2,7,1,0,7,290213824261267370
90,2,7,1,0,8,290213824261267370
90,2,7,1,0,9,290213824261267370
90,2,7,1,0,10,290213824261267370
90,2,7,1,0,11,290213824261267370
90,2,7,1,0,12,290213824261267370
90,2,7,1,0,13,290213824261267370
90,2,7,1,0,14,290213824261267370
90,2,7,1,0,15,290213824261267370
90,2,7,1,0,16,290213824261267370
90,2,7,1,0,17,290213824261267370
90,2,7,1,0,18,290213824261267370
90,2,7,1,0,19,290213824261267370
90,2,7,1,0,20,290213824261267370
90,2,7,1,0,21,290213824261267370
90,2,7,1,0,22,290213824261267370
90,2,7,1,0,23,290213824261267370
90,2,7,1,0,24,290213824261267370
90,2,7,1,0,25,290213824261267370
90,2,7,1,0,26,290213824261267370
90,2,7,1,0,27,290213824261267370
90,2,7,1,0,28,290213824261267370
90,2,7,1,0,29,290213824261267370
90,2,7,1,0,30,290213824261267370
90,2,7,1,0,31,290213824261267370
90,2,7,1,0,32,290213824261267370
90,2,7,1,0,33,290213824261267370
90,2,7,1,0,34,290213824261267370
90,2,7,1,0,35,290213824261267370
90,2,7,1,0,36,290213824261267370
90,2,7,1,0,37,290213824261267370
90,2,7,1,0,38,290213824261267370
90,2,7,1,0,39,290213824261267370
90,2,7,1,0,40,290213824261267370
90,2,7,1,0,41,290213824261267370
90,2,7,1,0,42,290213824261267370
90,2,7,1,0,43,290213824261267370
90,2,7,1,0,44,290213824261267370
90,2,7,1,0,45,290213824261267370
90,2,7,1,0,46,290213824261267370
90,2,7,1,0,47,290213824261267370
90,2,7,1,0,48,290213824261267370
90,2,7,1,0,49,290213824261267370
90,2,7,1,0,50,290213824261267370
90,2,7,1,0,51,290213824261267370
90,2,7,1,0,52,290213824261267370
90,2,7,1,0,53,290213824261267370
90,2,7,1,0,54,290213824261267370
90,2,7,1,0,55,290213824261267370
90,2,7,1,0,56,290213824261267370
90,2,7,1,0,57,290213824261267370
90,2,7,1,0,58,290213824261267370
90,2,7,1,0,59,290213824261267370
90,2,7,1,0,60,290213824261267370
90,2,7,1,0,61,290213824261267370
90,2,7,1,0,62,290213824261267370
90,2,7,1,0,63,290213824261267370
90,2,7,1,0,64,290213824261267370
90,2,7,1,0,65,290213824261267370
90,2,7,1,0,66,290213824261267370
90,2,7,1,0,67,290213824261267370
90,2,7,1,0,68,290213824261267370
90,2,7,1,0,69,290213824261267370
90,2,7,1,0,70,290213824261267370
90,2,7,1,0,71,290213824261267370
90,2,7,1,0,72,290213824261267370
90,2,7,1,0,73,290213824261267370
90,2,7,1,0,74,290213824261267370
90,2,7,1,0,75,290213824261267370
90,2,7,1,0,76,290213824261267370
90,2,7,1,0,77,290213824261267370
90,2,7,1,0,78,290213824261267370
90,2,7,1,0,79,290213824261267370
90,2,7,1,0,80,290213824261267370
90,2,7,1,0,81,290213824261267370
90,2,7,1,0,82,290213824261267370
90,2,7,1,0,83,290213824261267370
90,2,7,1,0,84,290213824261267370
90,2,7,1,0,85,290213824261267370
90,2,7,1,0,86,290213824261267370
90,2,7,1,0,87,290213824261267370
90,2,7,1,0,88,290213824261267370
90,2,7,1,0,89,290213824261267370
90,2,7,1,0,90,290213824261267370
90,2,7,1,0,91,290213824261267370
90,2,7,1,0,92,290213824261267370
90,2,7,1,0,93,290213824261267370
90,2,7,1,0,94,290213824261267370
90,2,7,1,0,95,290213824261267370
90,2,7,1,0,96,290213824261267370
90,2,7,1,0,97,290213824261267370
90,2,7,1,0,98,290213824261267370
90,2,7,1,0,99,290213824261267370
91,2,7,1,2,0,289087374598609834
91,2,7,1,2,1,289087374598609834
91,2,7,1,2,2,289087374598609834
91,2,7,1,2,3,289087374598609834
91,2,7,1,2,4,289087374598609834
91,2,7,1,2,5,289087374598609834
91,2,7,1,2,6,289087374598609834
91,2,7,1,2,7,289087374598609834
91,2,7,1,2,8,289087374598609834
91,2,7,1,2,9,289087374598609834
91,2,7,1,2,10,289087374598609834
91,2,7,1,2,11,289087374598609834
91,2,7,1,2,12,289087374598609834
91,2,7,1,2,13,289087374598609834
91,2,7,1,2,14,289087374598609834
91,2,7,1,2,15,289087374598609834
91,2,7,1,2,16,289087374598609834
91,2,7,1,2,17,289087374598609834
91,2,7,1,2,18,289087374598609834
91,2,7,1,2,19,289087374598609834
91,2,7,1,2,20,289087374598609834
91,2,7,1,2,21,288805899621899178
91,2,7,1,2,22,289087374598609834
91,2,7,1,2,23,288805899621899178
91,2,7,1,2,24,289087374598609834
91,2,7,1,2,25,289087374598609834
91,2,7,1,2,26,289087374598609834
91,2,7,1,2,27,289087374598609834
91,2,7,1,2,28,289087374598609834
91,2,7,1,2,29,289087374598609834
91,2,7,1,2,30,289087374598609834
91,2,7,1,2,31,289087374598609834
91,2,7,1,2,32,289087374598609834
91,2,7,1,2,33,289087374598609834
91,2,7,1,2,34,289087374598609834
91,2,7,1,2,35,289087374598609834
91,2,7,1,2,36,289087374598609834
91,2,7,1,2,37,289087374598609834
91,2,7,1,2,38,289087374598609834
91,2,7,1,2,39,289087374598609834
91,2,7,1,2,40,289087374598609834
91,2,7,1,2,41,289087374598609834
91,2,7,1,2,42,289087374598609834
91,2,7,1,2,43,289087374598609834
91,2,7,1,2,44,289087374598609834
91,2,7,1,2,45,288805899621899178
91,2,7,1,2,46,289087374598609834
91,2,7,1,2,47,289087374598609834
91,2,7,1,2,48,289087374598609834
91,2,7,1,2,49,289087374598609834
91,2,7,1,2,50,289087374598609834
91,2,7,1,2,51,289087374598609834
91,2,7,1,2,52,289087374598609834
91,2,7,1,2,53,289087374598609834
91,2,7,1,2,54,289087374598609834
91,2,7,1,2,55,288805899621899178
91,2,7,1,2,56,289087374598609834
91,2,7,1,2,57,289087374598609834
91,2,7,1,2,58,289087374598609834
91,2,7,1,2,59,289087374598609834
91,2,7,1,2,60,288805899621899178
91,2,7,1,2,61,289087374598609834
91,2,7,1,2,62,289087374598609834
91,2,7,1,2,63,288805899621899178
91,2,7,1,2,64,289087374598609834
91,2,7,1,2,65,289087374598609834
91,2,7,1,2,66,289087374598609834
91,2,7,1,2,67,289087374598609834
91,2,7,1,2,68,289087374598609834
91,2,7,1,2,69,289087374598609834
91,2,7,1,2,70,289087374598609834
91,2,7,1,2,71,288805899621899178
91,2,7,1,2,72,289087374598609834
91,2,7,1,2,73,289087374598609834
91,2,7,1,2,74,289087374598609834
91,2,7,1,2,75,289087374598609834
91,2,7,1,2,76,289087374598609834
91,2,7,1,2,77,289087374598609834
91,2,7,1,2,78,289087374598609834
91,2,7,1,2,79,289087374598609834
91,2,7,1,2,80,289087374598609834
91,2,7,1,2,81,289087374598609834
91,2,7,1,2,82,289087374598609834
91,2,7,1,2,83,289087374598609834
91,2,7,1,2,84,289087374598609834
91,2,7,1,2,85,289087374598609834
91,2,7,1,2,86,289087374598609834
91,2,7,1,2,87,289087374598609834
91,2,7,1,2,88,289087374598609834
91,2,7,1,2,89,289087374598609834
91,2,7,1,2,90,289087374598609834
91,2,7,1,2,91,289087374598609834
91,2,7,1,2,92,289087374598609834
91,2,7,1,2,93,288805899621899178
91,2,7,1,2,94,289087374598609834
91,2,7,1,2,95,289087374598609834
91,2,7,1,2,96,289087374598609834
91,2,7,1,2,97,289087374598609834
91,2,7,1,2,98,288805899621899178
91,2,7,1,2,99,288805899621899178
92,2,7,1,4,0,290235814494871483
92,2,7,1,4,1,290306183239049147
92,2,7,1,4,2,290306183239049147
92,2,7,1,4,3,290235814494871483
92,2,7,1,4,4,290235814494871483
92,2,7,1,4,5,290235814494871483
92,2,7,1,4,6,290306183239049147
92,2,7,1,4,7,290306183239049147
92,2,7,1,4,8,290235814494871483
92,2,7,1,4,9,290306183239049147
92,2,7,1,4,10,290235814494871483
92,2,7,1,4,11,290235814494871483
92,2,7,1,4,12,290235814494871483
92,2,7,1,4,13,290235814494871483
92,2,7,1,4,14,290306183239049147
92,2,7,1,4,15,290235814494871483
92,2,7,1,4,16,290235814494871483
92,2,7,1,4,17,290306183239049147
92,2,7,1,4,18,290306183239049147
92,2,7,1,4,19,290306183239049147
92,2,7,1,4,20,290235814494871483
92,2,7,1,4,21,290306183239049147
92,2,7,1,4,22,290235814494871483
92,2,7,1,4,23,290235814494871483
92,2,7,1,4,24,290235814494871483
92,2,7,1,4,25,290306183239049147
92,2,7,1,4,26,290306183239049147
92,2,7,1,4,27,290306183239049147
92,2,7,1,4,28,290306183239049147
92,2,7,1,4,29,290306183239049147
92,2,7,1,4,30,290235814494871483
92,2,7,1,4,31,290306183239049147
92,2,7,1,4,32,290306183239049147
92,2,7,1,4,33,290306183239049147
92,2,7,1,4,34,290235814494871483
92,2,7,1,4,35,290306183239049147
92,2,7,1,4,36,290235814494871483
92,2,7,1,4,37,290235814494871483
92,2,7,1,4,38,290235814494871483
92,2,7,1,4,39,290306183239049147
92,2,7,1,4,40,290235814494871483
92,2,7,1,4,41,290235814494871483
92,2,7,1,4,42,290235814494871483
92,2,7,1,4,43,290235814494871483
92,2,7,1,4,44,290306183239049147
92,2,7,1,4,45,290306183239049147
92,2,7,1,4,46,290306183239049147
92,2,7,1,4,47,290306183239049147
92,2,7,1,4,48,290306183239049147
92,2,7,1,4,49,290235814494871483
92,2,7,1,4,50,290235814494871483
92,2,7,1,4,51,290235814494871483
92,2,7,1,4,52,290235814494871483
92,2,7,1,4,53,290306183239049147
92,2,7,1,4,54,290235814494871483
92,2,7,1,4,55,290306183239049147
92,2,7,1,4,56,290306183239049147
92,2,7,1,4,57,290306183239049147
92,2,7,1,4,58,290306183239049147
92,2,7,1,4,59,290306183239049147
92,2,7,1,4,60,290235814494871483
92,2,7,1,4,61,290306183239049147
92,2,7,1,4,62,290306183239049147
92,2,7,1,4,63,290235814494871483
92,2,7,1,4,64,290306183239049147
92,2,7,1,4,65,290235814494871483
92,2,7,1,4,66,290306183239049147
92,2,7,1,4,67,290235814494871483
92,2,7,1,4,68,290306183239049147
92,2,7,1,4,69,290306183239049147
92,2,7,1,4,70,290306183239049147
92,2,7,1,4,71,290235814494871483
92,2,7,1,4,72,290306183239049147
92,2,7,1,4,73,290235814494871483
92,2,7,1,4,74,290306183239049147
92,2,7,1,4,75,290306183239049147
92,2,7,1,4,76,290306183239049147
92,2,7,1,4,77,290306183239049147
92,2,7,1,4,78,290306183239049147
92,2,7,1,4,79,290306183239049147
92,2,7,1,4,80,290235814494871483
92,2,7,1,4,81,290235814494871483
92,2,7,1,4,82,290235814494871483
92,2,7,1,4,83,290235814494871483
92,2,7,1,4,84,290306183239049147
92,2,7,1,4,85,290306183239049147
92,2,7,1,4,86,290235814494871483
92,2,7,1,4,87,290306183239049147
92,2,7,1,4,88,290306183239049147
92,2,7,1,4,89,290235814494871483
92,2,7,1,4,90,290306183239049147
92,2,7,1,4,91,290235814494871483
92,2,7,1,4,92,290306183239049147
92,2,7,1,4,93,290306183239049147
92,2,7,1,4,94,290306183239049147
92,2,7,1,4,95,290235814494871483
92,2,7,1,4,96,290306183239049147
92,2,7,1,4,97,290306183239049147
92,2,7,1,4,98,290306183239049147
92,2,7,1,4,99,290235814494871483
93,2,7,1,6,0,289087924354423722
93,2,7,1,6,1,289087924354423722
93,2,7,1,6,2,289087924354423722
93,2,7,1,6,3,289087924354423722
93,2,7,1,6,4,289087924354423722
93,2,7,1,6,5,289087924354423722
93,2,7,1,6,6,289087924354423722
93,2,7,1,6,7,289087924354423722
93,2,7,1,6,8,289087924354423722
93,2,7,1,6,9,289087924354423722
93,2,7,1,6,10,289087924354423722
93,2,7,1,6,11,289087924354423722
93,2,7,1,6,12,289087924354423722
93,2,7,1,6,13,289087924354423722
93,2,7,1,6,14,289087924354423722
93,2,7,1,6,15,289087924354423722
93,2,7,1,6,16,289087924354423722
93,2,7,1,6,17,289087924354423722
93,2,7,1,6,18,289087924354423722
93,2,7,1,6,19,289087924354423722
93,2,7,1,6,20,289087924354423722
93,2,7,1,6,21,289087924354423722
93,2,7,1,6,22,289087924354423722
93,2,7,1,6,23,289087924354423722
93,2,7,1,6,24,289087924354423722
93,2,7,1,6,25,289087924354423722
93,2,7,1,6,26,289087924354423722
93,2,7,1,6,27,289087924354423722
93,2,7,1,6,28,289087924354423722
93,2,7,1,6,29,289087924354423722
93,2,7,1,6,30,289087924354423722
93,2,7,1,6,31,289087924354423722
93,2,7,1,6,32,289087924354423722
93,2,7,1,6,33,289087924354423722
93,2,7,1,6,34,289087924354423722
93,2,7,1,6,35,289087924354423722
93,2,7,1,6,36,289087924354423722
93,2,7,1,6,37,289087924354423722
93,2,7,1,6,38,289087924354423722
93,2,7,1,6,39,289087924354423722
93,2,7,1,6,40,289087924354423722
93,2,7,1,6,41,289087924354423722
93,2,7,1,6,42,289087924354423722
93,2,7,1,6,43,289087924354423722
93,2,7,1,6,44,289087924354423722
93,2,7,1,6,45,289087924354423722
93,2,7,1,6,46,289087924354423722
93,2,7,1,6,47,289087924354423722
93,2,7,1,6,48,289087924354423722
93,2,7,1,6,49,289087924354423722
93,2,7,1,6,50,289087924354423722
93,2,7,1,6,51,289087924354423722
93,2,7,1,6,52,289087924354423722
93,2,7,1,6,53,289087924354423722
93,2,7,1,6,54,289087924354423722
93,2,7,1,6,55,289087924354423722
93,2,7,1,6,56,289087924354423722
93,2,7,1,6,57,289087924354423722
93,2,7,1,6,58,289087924354423722
93,2,7,1,6,59,289087924354423722
93,2,7,1,6,60,289087924354423722
93,2,7,1,6,61,289087924354423722
93,2,7,1,6,62,289087924354423722
93,2,7,1,6,63,289087924354423722
93,2,7,1,6,64,289087924354423722
93,2,7,1,6,65,289087924354423722
93,2,7,1,6,66,289087924354423722
93,2,7,1,6,67,289087924354423722
93,2,7,1,6,68,289087924354423722
93,2,7,1,6,69,289087924354423722
93,2,7,1,6,70,289087924354423722
93,2,7,1,6,71,289087924354423722
93,2,7,1,6,72,289087924354423722
93,2,7,1,6,73,289087924354423722
93,2,7,1,6,74,289087924354423722
93,2,7,1,6,75,289087924354423722
93,2,7,1,6,76,289087924354423722
93,2,7,1,6,77,289087924354423722
93,2,7,1,6,78,289087924354423722
93,2,7,1,6,79,289087924354423722
93,2,7,1,6,80,289087924354423722
93,2,7,1,6,81,289087924354423722
93,2,7,1,6,82,289087924354423722
93,2,7,1,6,83,289087924354423722
93,2,7,1,6,84,289087924354423722
93,2,7,1,6,85,289087924354423722
93,2,7,1,6,86,289087924354423722
93,2,7,1,6,87,289087924354423722
93,2,7,1,6,88,289087924354423722
93,2,7,1,6,89,289087924354423722
93,2,7,1,6,90,289087924354423722
93,2,7,1,6,91,289087924354423722
93,2,7,1,6,92,289087924354423722
93,2,7,1,6,93,289087924354423722
93,2,7,1,6,94,289087924354423722
93,2,7,1,6,95,289087924354423722
93,2,7,1,6,96,289087924354423722
93,2,7,1,6,97,289087924354423722
93,2,7,1,6,98,289087924354423722
93,2,7,1,6,99,289087924354423722
94,3,0,0,1,0,5480903838496972730
94,3,0,0,1,1,5480903838496972714
94,3,0,0,1,2,5480903838496972714
94,3,0,0,1,3,5480903838496972714
94,3,0,0,1,4,5480903839033843642
94,3,0,0,1,5,5480903839033843642
94,3,0,0,1,6,5480903839033843626
94,3,0,0,1,7,5480903838496972730
94,3,0,0,1,8,5480903839033843642
94,3,0,0,1,9,5480903839033843642
94,3,0,0,1,10,5480903839033843642
94,3,0,0,1,11,5480903839033843642
94,3,0,0,1,12,5480903839033843642
94,3,0,0,1,13,5480903839033843642
94,3,0,0,1,14,5480903838496972714
94,3,0,0,1,15,5480903838496972730
94,3,0,0,1,16,5480903839033843642
94,3,0,0,1,17,5480903839033843642
94,3,0,0,1,18,5480903839033843642
94,3,0,0,1,19,5480903839033843642
94,3,0,0,1,20,5480903839033843642
94,3,0,0,1,21,5480903838496972714
94,3,0,0,1,22,5480903839033843642
94,3,0,0,1,23,5480903839033843642
94,3,0,0,1,24,5480903839033843642
94,3,0,0,1,25,5482029738940686266
94,3,0,0,1,26,5480903838496972730
94,3,0,0,1,27,5480903839033843626
94,3,0,0,1,28,5480903839033843642
94,3,0,0,1,29,5480903839033843626
94,3,0,0,1,30,5480903838496972730
94,3,0,0,1,31,5482029738940686266
94,3,0,0,1,32,5480903838496972730
94,3,0,0,1,33,5480903839033843642
94,3,0,0,1,34,5480903839033843642
94,3,0,0,1,35,5480903839033843642
94,3,0,0,1,36,5480903839033843642
94,3,0,0,1,37,5480903839033843642
94,3,0,0,1,38,5480903839033843642
94,3,0,0,1,39,5480903839033843642
94,3,0,0,1,40,5480903839033843642
94,3,0,0,1,41,5480903839033843642
94,3,0,0,1,42,5480903839033843642
94,3,0,0,1,43,5480903839033843642
94,3,0,0,1,44,5480903839033843642
94,3,0,0,1,45,5480903839033843642
94,3,0,0,1,46,5480903839033843642
94,3,0,0,1,47,5480903838496972714
94,3,0,0,1,48,5480903839033843642
94,3,0,0,1,49,5480903839033843642
94,3,0,0,1,50,5480903839033843642
94,3,0,0,1,51,5480903839033843642
94,3,0,0,1,52,5480903839033843642
94,3,0,0,1,53,5480903839033843642
94,3,0,0,1,54,5482029738940686266
94,3,0,0,1,55,5480903839033843642
94,3,0,0,1,56,5480903839033843642
94,3,0,0,1,57,5480903838496972714
94,3,0,0,1,58,5480903839033843642
94,3,0,0,1,59,5480903839033843642
94,3,0,0,1,60,5480903839033843626
94,3,0,0,1,61,5480903838496972714
94,3,0,0,1,62,5480903838496972730
94,3,0,0,1,63,5482029738940686266
94,3,0,0,1,64,5482029738940686266
94,3,0,0,1,65,5480903839033843642
94,3,0,0,1,66,5482029738940686266
94,3,0,0,1,67,5482029738940686266
94,3,0,0,1,68,5480903839033843642
94,3,0,0,1,69,5480903839033843642
94,3,0,0,1,70,5480903838496972730
94,3,0,0,1,71,5480903839033843642
94,3,0,0,1,72,5482029738940686266
94,3,0,0,1,73,5482029738940686266
94,3,0,0,1,74,5480903838496972730
94,3,0,0,1,75,5480903838496972714
94,3,0,0,1,76,5480903838496972730
94,3,0,0,1,77,5480903839033843642
94,3,0,0,1,78,5480903838496972730
94,3,0,0,1,79,5480903839033843642
94,3,0,0,1,80,5480903839033843642
94,3,0,0,1,81,5480903839033843642
94,3,0,0,1,82,5480903839033843642
94,3,0,0,1,83,5480903839033843642
94,3,0,0,1,84,5480903838496972730
94,3,0,0,1,85,5480903839033843642
94,3,0,0,1,86,5480903839033843642
94,3,0,0,1,87,5480903839033843626
94,3,0,0,1,88,5482029738940686266
94,3,0,0,1,89,5480903839033843642
94,3,0,0,1,90,5480903839033843642
94,3,0,0,1,91,5482029738940686266
94,3,0,0,1,92,5482029738940686266
94,3,0,0,1,93,5480903839033843642
94,3,0,0,1,94,5482029738940686266
94,3,0,0,1,95,5480903839033843642
94,3,0,0,1,96,5480903839033843642
94,3,0,0,1,97,5480903839033843642
94,3,0,0,1,98,5482029738940686266
94,3,0,0,1,99,5480903839033843642
95,3,0,0,3,0,5480903838496972714
95,3,0,0,3,1,5480903839033843642
95,3,0,0,3,2,5480903838496972714
95,3,0,0,3,3,5480903838496972730
95,3,0,0,3,4,5482029738940686266
95,3,0,0,3,5,5480903839033843642
95,3,0,0,3,6,5480903839033843642
95,3,0,0,3,7,5480903839033843642
95,3,0,0,3,8,5480903839033843642
95,3,0,0,3,9,5480903839033843642
95,3,0,0,3,10,5480903839033843642
95,3,0,0,3,11,5482029738940686266
95,3,0,0,3,12,5480903838496972730
95,3,0,0,3,13,5480903839033843642
95,3,0,0,3,14,5480903839033843642
95,3,0,0,3,15,5480903838496972714
95,3,0,0,3,16,5480903839033843642
95,3,0,0,3,17,5480903839033843642
95,3,0,0,3,18,5480903839033843642
95,3,0,0,3,19,5480903839033843642
95,3,0,0,3,20,5480903839033843642
95,3,0,0,3,21,5480903839033843642
95,3,0,0,3,22,5480903839033843642
95,3,0,0,3,23,5480903839033843642
95,3,0,0,3,24,5480903838496972730
95,3,0,0,3,25,5480903839033843642
95,3,0,0,3,26,5480903839033843642
95,3,0,0,3,27,5480903839033843642
95,3,0,0,3,28,5480903839033843642
95,3,0,0,3,29,5482029738940686266
95,3,0,0,3,30,5480903838496972730
95,3,0,0,3,31,5480903839033843642
95,3,0,0,3,32,5482029738940686266
95,3,0,0,3,33,5480903839033843642
95,3,0,0,3,34,5480903839033843642
95,3,0,0,3,35,5480903839033843642
95,3,0,0,3,36,5480903839033843626
95,3,0,0,3,37,5480903839033843642
95,3,0,0,3,38,5480903839033843642
95,3,0,0,3,39,5480903839033843642
95,3,0,0,3,40,5480903839033843642
95,3,0,0,3,41,5480903839033843642
95,3,0,0,3,42,5480903839033843642
95,3,0,0,3,43,5480903839033843642
95,3,0,0,3,44,5480903839033843642
95,3,0,0,3,45,5480903839033843642
95,3,0,0,3,46,5480903839033843642
95,3,0,0,3,47,5480903839033843642
95,3,0,0,3,48,5480903839033843642
95,3,0,0,3,49,5480903839033843642
95,3,0,0,3,50,5480903839033843642
95,3,0,0,3,51,5482029738940686266
95,3,0,0,3,52,5480903839033843642
95,3,0,0,3,53,5480903839033843626
95,3,0,0,3,54,5480903839033843642
95,3,0,0,3,55,5480903839033843642
95,3,0,0,3,56,5482029738940686266
95,3,0,0,3,57,5480903839033843642
95,3,0,0,3,58,5480903839033843642
95,3,0,0,3,59,5482029738940686266
95,3,0,0,3,60,5480903839033843642
95,3,0,0,3,61,5480903839033843642
95,3,0,0,3,62,5480903838496972714
95,3,0,0,3,63,5480903839033843626
95,3,0,0,3,64,5480903839033843642
95,3,0,0,3,65,5480903838496972714
95,3,0,0,3,66,5482029738940686266
95,3,0,0,3,67,5480903839033843642
95,3,0,0,3,68,5480903839033843642
95,3,0,0,3,69,5480903839033843642
95,3,0,0,3,70,5480903838496972714
95,3,0,0,3,71,5480903839033843642
95,3,0,0,3,72,5480903839033843642
95,3,0,0,3,73,5480903838496972714
95,3,0,0,3,74,5480903839033843642
95,3,0,0,3,75,5482029738940686266
95,3,0,0,3,76,5480903839033843642
95,3,0,0,3,77,5480903839033843642
95,3,0,0,3,78,5480903839033843642
95,3,0,0,3,79,5480903839033843642
95,3,0,0,3,80,5480903839033843642
95,3,0,0,3,81,5480903839033843642
95,3,0,0,3,82,5480903839033843642
95,3,0,0,3,83,5480903838496972714
95,3,0,0,3,84,5480903839033843642
95,3,0,0,3,85,5480903838496972714
95,3,0,0,3,86,5480903839033843642
95,3,0,0,3,87,5480903838496972714
95,3,0,0,3,88,5480903839033843642
95,3,0,0,3,89,5480903839033843626
95,3,0,0,3,90,5480903839033843642
95,3,0,0,3,91,5480903839033843642
95,3,0,0,3,92,5480903839033843642
95,3,0,0,3,93,5482029738940686266
95,3,0,0,3,94,5480903839033843642
95,3,0,0,3,95,5480903839033843642
95,3,0,0,3,96,5480903839033843626
95,3,0,0,3,97,5480903839033843642
95,3,0,0,3,98,5482029738940686266
95,3,0,0,3,99,5480903839033843642
96,3,0,0,5,0,18436882558181441535
96,3,0,0,5,1,18436882558181441535
96,3,0,0,5,2,18436882558181441535
96,3,0,0,5,3,18436882558181441535
96,3,0,0,5,4,18436882558181441535
96,3,0,0,5,5,18436882558181441535
96,3,0,0,5,6,18436882558181441535
96,3,0,0,5,7,18436882558181441535
96,3,0,0,5,8,18436882558181441535
96,3,0,0,5,9,18436882558181441535
96,3,0,0,5,10,18436882558181441535
96,3,0,0,5,11,18436882558181441535
96,3,0,0,5,12,18436882558181441535
96,3,0,0,5,13,18436882558181441535
96,3,0,0,5,14,18436882558181441535
96,3,0,0,5,15,18436882558181441535
96,3,0,0,5,16,18436882558181441535
96,3,0,0,5,17,18436882558181441535
96,3,0,0,5,18,18436882558181441535
96,3,0,0,5,19,18436882558181441535
96,3,0,0,5,20,18436882558181441535
96,3,0,0,5,21,18436882558181441535
96,3,0,0,5,22,18436882558181441535
96,3,0,0,5,23,18436882558181441535
96,3,0,0,5,24,18436882558181441535
96,3,0,0,5,25,18436882558181441535
96,3,0,0,5,26,18436882558181441535
96,3,0,0,5,27,18436882558181441535
96,3,0,0,5,28,18436882558181441535
96,3,0,0,5,29,18436882558181441535
96,3,0,0,5,30,18436882558181441535
96,3,0,0,5,31,18436882558181441535
96,3,0,0,5,32,18436882558181441535
96,3,0,0,5,33,18436882558181441535
96,3,0,0,5,34,18436882558181441535
96,3,0,0,5,35,18436882558181441535
96,3,0,0,5,36,18436882558181441535
96,3,0,0,5,37,18436882558181441535
96,3,0,0,5,38,18436882558181441535
96,3,0,0,5,39,18436882558181441535
96,3,0,0,5,40,18436882558181441535
96,3,0,0,5,41,18436882558181441535
96,3,0,0,5,42,18436882558181441535
96,3,0,0,5,43,18436882558181441535
96,3,0,0,5,44,18436882558181441535
96,3,0,0,5,45,18436882558181441535
96,3,0,0,5,46,18436882558181441535
96,3,0,0,5,47,18436882558181441535
96,3,0,0,5,48,18436882558181441535
96,3,0,0,5,49,18436882558181441535
96,3,0,0,5,50,18436882558181441535
96,3,0,0,5,51,18436882558181441535
96,3,0,0,5,52,18436882558181441535
96,3,0,0,5,53,18436882558181441535
96,3,0,0,5,54,18436882558181441535
96,3,0,0,5,55,18436882558181441535
96,3,0,0,5,56,18436882558181441535
96,3,0,0,5,57,18436882558181441535
96,3,0,0,5,58,18436882558181441535
96,3,0,0,5,59,18436882558181441535
96,3,0,0,5,60,18436882558181441535
96,3,0,0,5,61,18436882558181441535
96,3,0,0,5,62,18436882558181441535
96,3,0,0,5,63,18436882558181441535
96,3,0,0,5,64,18436882558181441535
96,3,0,0,5,65,18436882558181441535
96,3,0,0,5,66,18436882558181441535
96,3,0,0,5,67,18436882558181441535
96,3,0,0,5,68,18436882558181441535
96,3,0,0,5,69,18436882558181441535
96,3,0,0,5,70,18436882558181441535
96,3,0,0,5,71,18436882558181441535
96,3,0,0,5,72,18436882558181441535
96,3,0,0,5,73,18436882558181441535
96,3,0,0,5,74,18436882558181441535
96,3,0,0,5,75,18436882558181441535
96,3,0,0,5,76,18436882558181441535
96,3,0,0,5,77,18436882558181441535
96,3,0,0,5,78,18436882558181441535
96,3,0,0,5,79,18436882558181441535
96,3,0,0,5,80,18436882558181441535
96,3,0,0,5,81,18436882558181441535
96,3,0,0,5,82,18436882558181441535
96,3,0,0,5,83,18436882558181441535
96,3,0,0,5,84,18436882558181441535
96,3,0,0,5,85,18436882558181441535
96,3,0,0,5,86,18436882558181441535
96,3,0,0,5,87,18436882558181441535
96,3,0,0,5,88,18436882558181441535
96,3,0,0,5,89,18436882558181441535
96,3,0,0,5,90,18436882558181441535
96,3,0,0,5,91,18436882558181441535
96,3,0,0,5,92,18436882558181441535
96,3,0,0,5,93,18436882558181441535
96,3,0,0,5,94,18436882558181441535
96,3,0,0,5,95,18436882558181441535
96,3,0,0,5,96,18436882558181441535
96,3,0,0,5,97,18436882558181441535
96,3,0,0,5,98,18436882558181441535
96,3,0,0,5,99,18436882558181441535
97,3,0,0,7,0,18416581175486185466
97,3,0,0,7,1,18416581175486185466
97,3,0,0,7,2,18416581175486185466
97,3,0,0,7,3,18416581175486185466
97,3,0,0,7,4,18416581175486185466
97,3,0,0,7,5,18416581175486185466
97,3,0,0,7,6,18416581175486185466
97,3,0,0,7,7,18416581175486177274
97,3,0,0,7,8,18416581175486185466
97,3,0,0,7,9,18416581175486185466
97,3,0,0,7,10,18416581175486185466
97,3,0,0,7,11,18416581175486185466
97,3,0,0,7,12,18416581175486185466
97,3,0,0,7,13,18416581175486177274
97,3,0,0,7,14,18416581175486185466
97,3,0,0,7,15,18416581175486185466
97,3,0,0,7,16,18416581175486185466
97,3,0,0,7,17,18416581175486185466
97,3,0,0,7,18,18416581175486185466
97,3,0,0,7,19,18416581175486185466
97,3,0,0,7,20,18416581175486185466
97,3,0,0,7,21,18416581175486185466
97,3,0,0,7,22,18416581175486185466
97,3,0,0,7,23,18416581175486185466
97,3,0,0,7,24,18416581175486185466
97,3,0,0,7,25,18416581175486185466
97,3,0,0,7,26,18344523581448249338
97,3,0,0,7,27,18416581175486185466
97,3,0,0,7,28,18416581175486185466
97,3,0,0,7,29,18416581175486177274
97,3,0,0,7,30,18416581175486185466
97,3,0,0,7,31,18416581175486177274
97,3,0,0,7,32,18416581175486185466
97,3,0,0,7,33,18416581175486177274
97,3,0,0,7,34,18344523581448249338
97,3,0,0,7,35,18416581175486177274
97,3,0,0,7,36,18416581175486185466
97,3,0,0,7,37,18416581175486185466
97,3,0,0,7,38,18416581175486185466
97,3,0,0,7,39,18416581175486185466
97,3,0,0,7,40,18416581175486185466
97,3,0,0,7,41,18416581175486185466
97,3,0,0,7,42,18416581175486177274
97,3,0,0,7,43,18416581175486185466
97,3,0,0,7,44,18416581175486185466
97,3,0,0,7,45,18416581175486185466
97,3,0,0,7,46,18416581175486177274
97,3,0,0,7,47,18416581175486185466
97,3,0,0,7,48,18416581175486185466
97,3,0,0,7,49,18344523581448249338
97,3,0,0,7,50,18416581175486185466
97,3,0,0,7,51,18416581175486185466
97,3,0,0,7,52,18416581175486185466
97,3,0,0,7,53,18416581175486185466
97,3,0,0,7,54,18344523581448249338
97,3,0,0,7,55,18416581175486185466
97,3,0,0,7,56,18416581175486185466
97,3,0,0,7,57,18416581175486185466
97,3,0,0,7,58,18416581175486185466
97,3,0,0,7,59,18416581175486185466
97,3,0,0,7,60,18416581175486185466
97,3,0,0,7,61,18416581175486185466
97,3,0,0,7,62,18416581175486177274
97,3,0,0,7,63,18344523581448249338
97,3,0,0,7,64,18416581175486185466
97,3,0,0,7,65,18416581175486185466
97,3,0,0,7,66,18416581175486185466
97,3,0,0,7,67,18416581175486185466
97,3,0,0,7,68,18416581175486185466
97,3,0,0,7,69,18416581175486185466
97,3,0,0,7,70,18416581175486185466
97,3,0,0,7,71,18416581175486177274
97,3,0,0,7,72,18416581175486185466
97,3,0,0,7,73,18416581175486185466
97,3,0,0,7,74,18416581175486185466
97,3,0,0,7,75,18344523581448249338
97,3,0,0,7,76,18416581175486185466
97,3,0,0,7,77,18416581175486185466
97,3,0,0,7,78,18416581175486185466
97,3,0,0,7,79,18416581175486185466
97,3,0,0,7,80,18416581175486185466
97,3,0,0,7,81,18416581175486185466
97,3,0,0,7,82,18416581175486185466
97,3,0,0,7,83,18416581175486185466
97,3,0,0,7,84,18416581175486177274
97,3,0,0,7,85,18416581175486185466
97,3,0,0,7,86,18416581175486185466
97,3,0,0,7,87,18416581175486185466
97,3,0,0,7,88,18416581175486185466
97,3,0,0,7,89,18416581175486177274
97,3,0,0,7,90,18416581175486177274
97,3,0,0,7,91,18416581175486185466
97,3,0,0,7,92,18416581175486185466
97,3,0,0,7,93,18416581175486185466
97,3,0,0,7,94,18416581175486177274
97,3,0,0,7,95,18416581175486185466
97,3,0,0,7,96,18416581175486185466
97,3,0,0,7,97,18416581175486185466
97,3,0,0,7,98,18416581175486185466
97,3,0,0,7,99,18416581175486177274
98,3,1,0,0,0,18014162111260139536
98,3,1,0,0,1,18014162111260139536
98,3,1,0,0,2,18014162110991704080
98,3,1,0,0,3,18014162110991704080
98,3,1,0,0,4,18014162110991704080
98,3,1,0,0,5,18014162111260139536
98,3,1,0,0,6,18014162111260139536
98,3,1,0,0,7,18014162111260139536
98,3,1,0,0,8,18014162111260139536
98,3,1,0,0,9,18014162111260139536
98,3,1,0,0,10,18014162111260139536
98,3,1,0,0,11,18014162110991704080
98,3,1,0,0,12,18014162110991704080
98,3,1,0,0,13,18014162111260139536
98,3,1,0,0,14,18014162110991704080
98,3,1,0,0,15,18014162110991704080
98,3,1,0,0,16,18014162111260139536
98,3,1,0,0,17,18014162111260139536
98,3,1,0,0,18,18014162111260139536
98,3,1,0,0,19,18014162110991704080
98,3,1,0,0,20,18014162110991704080
98,3,1,0,0,21,18014162111260139536
98,3,1,0,0,22,18014162110991704080
98,3,1,0,0,23,18014162111260139536
98,3,1,0,0,24,18014162110991704080
98,3,1,0,0,25,18014162111260139536
98,3,1,0,0,26,18014162111260139536
98,3,1,0,0,27,18014162110454833168
98,3,1,0,0,28,18014162111260139536
98,3,1,0,0,29,18014162111260139536
98,3,1,0,0,30,18014162111260139536
98,3,1,0,0,31,18014162110991704080
98,3,1,0,0,32,18014162111260139536
98,3,1,0,0,33,18014162111260139536
98,3,1,0,0,34,18014162110991704080
98,3,1,0,0,35,18014162110991704080
98,3,1,0,0,36,18014162111260139536
98,3,1,0,0,37,18014162111260139536
98,3,1,0,0,38,18014162110991704080
98,3,1,0,0,39,18014162111260139536
98,3,1,0,0,40,18014162111260139536
98,3,1,0,0,41,18014162110991704080
98,3,1,0,0,42,18014162111260139536
98,3,1,0,0,43,18014162111260139536
98,3,1,0,0,44,18014162110991704080
98,3,1,0,0,45,18014162111260139536
98,3,1,0,0,46,18014162111260139536
98,3,1,0,0,47,18014162111260139536
98,3,1,0,0,48,18014162111260139536
98,3,1,0,0,49,18014162111260139536
98,3,1,0,0,50,18014162110454833168
98,3,1,0,0,51,18014162111260139536
98,3,1,0,0,52,18014162111260139536
98,3,1,0,0,53,18014162110991704080
98,3,1,0,0,54,18014162111260139536
98,3,1,0,0,55,18014162111260139536
98,3,1,0,0,56,18014162110991704080
98,3,1,0,0,57,18014162110991704080
98,3,1,0,0,58,18014162110991704080
98,3,1,0,0,59,18014162110991704080
98,3,1,0,0,60,18014162111260139536
98,3,1,0,0,61,18014162111260139536
98,3,1,0,0,62,18014162110991704080
98,3,1,0,0,63,18014162111260139536
98,3,1,0,0,64,18014162111260139536
98,3,1,0,0,65,18014162111260139536
98,3,1,0,0,66,18014162110991704080
98,3,1,0,0,67,18014162111260139536
98,3,1,0,0,68,18014162110991704080
98,3,1,0,0,69,18014162111260139536
98,3,1,0,0,70,18014162111260139536
98,3,1,0,0,71,18014162110991704080
98,3,1,0,0,72,18014162111260139536
98,3,1,0,0,73,18014162111260139536
98,3,1,0,0,74,18014162110991704080
98,3,1,0,0,75,18014162111260139536
98,3,1,0,0,76,18014162111260139536
98,3,1,0,0,77,18014162111260139536
98,3,1,0,0,78,18014162110991704080
98,3,1,0,0,79,18014162111260139536
98,3,1,0,0,80,18014162110991704080
98,3,1,0,0,81,18014162111260139536
98,3,1,0,0,82,18014162110991704080
98,3,1,0,0,83,18014162110991704080
98,3,1,0,0,84,18014162111260139536
98,3,1,0,0,85,18014162111260139536
98,3,1,0,0,86,18014162110991704080
98,3,1,0,0,87,18014162111260139536
98,3,1,0,0,88,18014162111260139536
98,3,1,0,0,89,18014162110991704080
98,3,1,0,0,90,18014162111260139536
98,3,1,0,0,91,18014162110991704080
98,3,1,0,0,92,18014162111260139536
98,3,1,0,0,93,18014162111260139536
98,3,1,0,0,94,18014162110991704080
98,3,1,0,0,95,18014162111260139536
98,3,1,0,0,96,18014162111260139536
98,3,1,0,0,97,18014162111260139536
98,3,1,0,0,98,18014162110991704080
98,3,1,0,0,99,18014162111260139536
99,3,1,0,2,0,10448070755849863168
99,3,1,0,2,1,10448070755849863168
99,3,1,0,2,2,10448070755849863168
99,3,1,0,2,3,10448070755849863168
99,3,1,0,2,4,10448070755849863168
99,3,1,0,2,5,10448070755841474560
99,3,1,0,2,6,10448070755849863168
99,3,1,0,2,7,10448070755841474560
99,3,1,0,2,8,10448070755849863168
99,3,1,0,2,9,10448070755849863168
99,3,1,0,2,10,10448070755841474560
99,3,1,0,2,11,10448070755849863168
99,3,1,0,2,12,10448070755841474560
99,3,1,0,2,13,10448070755849863168
99,3,1,0,2,14,10448070755849863168
99,3,1,0,2,15,10448070755849863168
99,3,1,0,2,16,10448070755849863168
99,3,1,0,2,17,10448070755849863168
99,3,1,0,2,18,10448070755849863168
99,3,1,0,2,19,10448070755849863168
99,3,1,0,2,20,35748417360887808
99,3,1,0,2,21,10448070755849863168
99,3,1,0,2,22,10448070755849863168
99,3,1,0,2,23,10448070755841474560
99,3,1,0,2,24,10448070755849863168
99,3,1,0,2,25,10448070755849863168
99,3,1,0,2,26,10448070755849863168
99,3,1,0,2,27,10448070755841474560
99,3,1,0,2,28,10448070755849863168
99,3,1,0,2,29,10448070755984080896
99,3,1,0,2,30,10448070755849863168
99,3,1,0,2,31,10448070755849863168
99,3,1,0,2,32,10448070755849863168
99,3,1,0,2,33,10448070755849863168
99,3,1,0,2,34,10448070755849863168
99,3,1,0,2,35,10448070755849863168
99,3,1,0,2,36,10448070755849863168
99,3,1,0,2,37,10448070755849863168
99,3,1,0,2,38,10448070755849863168
99,3,1,0,2,39,10448070755841474560
99,3,1,0,2,40,10448070755849863168
99,3,1,0,2,41,10448070755849863168
99,3,1,0,2,42,10448070755849863168
99,3,1,0,2,43,10448070755849863168
99,3,1,0,2,44,10448070755849863168
99,3,1,0,2,45,10448070755849863168
99,3,1,0,2,46,10448070755849863168
99,3,1,0,2,47,10448070755849863168
99,3,1,0,2,48,10448070755849863168
99,3,1,0,2,49,10448070755849863168
99,3,1,0,2,50,10448070755849863168
99,3,1,0,2,51,10448070755849863168
99,3,1,0,2,52,10448070755849863168
99,3,1,0,2,53,10448070755849863168
99,3,1,0,2,54,10448070755849863168
99,3,1,0,2,55,10448070755849863168
99,3,1,0,2,56,10448070755849863168
99,3,1,0,2,57,10448070755849863168
99,3,1,0,2,58,10448070755841474560
99,3,1,0,2,59,10448070755849863168
99,3,1,0,2,60,10448070755849863168
99,3,1,0,2,61,10448070755841474560
99,3,1,0,2,62,10448070755849863168
99,3,1,0,2,63,10448070755849863168
99,3,1,0,2,64,10448070755849863168
99,3,1,0,2,65,10448070755849863168
99,3,1,0,2,66,10448070755849863168
99,3,1,0,2,67,10448070755849863168
99,3,1,0,2,68,10448070755849863168
99,3,1,0,2,69,10448070755849863168
99,3,1,0,2,70,10448070755849863168
99,3,1,0,2,71,10448070755849863168
99,3,1,0,2,72,10448070755849863168
99,3,1,0,2,73,10448070755849863168
99,3,1,0,2,74,10448070755841474560
99,3,1,0,2,75,10448070755849863168
99,3,1,0,2,76,10448070755849863168
99,3,1,0,2,77,10448070755849863168
99,3,1,0,2,78,10448070755849863168
99,3,1,0,2,79,10448070755849863168
99,3,1,0,2,80,10448070755849863168
99,3,1,0,2,81,10448070755849863168
99,3,1,0,2,82,10448070755841474560
99,3,1,0,2,83,10448070755841474560
99,3,1,0,2,84,10448070755849863168
99,3,1,0,2,85,10448070755849863168
99,3,1,0,2,86,10448070755849863168
99,3,1,0,2,87,10448070755849863168
99,3,1,0,2,88,10448070755849863168
99,3,1,0,2,89,10448070755849863168
99,3,1,0,2,90,10448070755849863168
99,3,1,0,2,91,10448070755849863168
99,3,1,0,2,92,10448070755849863168
99,3,1,0,2,93,10448070755849863168
99,3,1,0,2,94,10448070755841474560
99,3,1,0,2,95,10448070755849863168
99,3,1,0,2,96,10448070755849863168
99,3,1,0,2,97,10448070755849863168
99,3,1,0,2,98,9295149251234627584
99,3,1,0,2,99,10448070755849863168
100,3,1,0,4,0,18014162111260139536
100,3,1,0,4,1,18014162111260139536
100,3,1,0,4,2,18014162111260139536
100,3,1,0,4,3,18014162111260139536
100,3,1,0,4,4,18014162112333881360
100,3,1,0,4,5,18014162111260139536
100,3,1,0,4,6,18014162112333881360
100,3,1,0,4,7,18014162111260139536
100,3,1,0,4,8,18014162111260139536
100,3,1,0,4,9,18014162111260139536
100,3,1,0,4,10,18014162111260139536
100,3,1,0,4,11,18014162111260139536
100,3,1,0,4,12,18014162111260139536
100,3,1,0,4,13,18014162111260139536
100,3,1,0,4,14,18014162111260139536
100,3,1,0,4,15,18014162111260139536
100,3,1,0,4,16,18014162111260139536
100,3,1,0,4,17,18014162111260139536
100,3,1,0,4,18,18014162111260139536
100,3,1,0,4,19,18014162111260139536
100,3,1,0,4,20,18014162111260139536
100,3,1,0,4,21,18014162111260139536
100,3,1,0,4,22,18014162111260139536
100,3,1,0,4,23,18014162112333881360
100,3,1,0,4,24,18014162112333881360
100,3,1,0,4,25,18014162111260139536
100,3,1,0,4,26,18014162111260139536
100,3,1,0,4,27,18014162112333881360
100,3,1,0,4,28,18014162111260139536
100,3,1,0,4,29,18014162112333881360
100,3,1,0,4,30,18014162111260139536
100,3,1,0,4,31,18014162111260139536
100,3,1,0,4,32,18014162111260139536
100,3,1,0,4,33,18014162111260139536
100,3,1,0,4,34,18014162111260139536
100,3,1,0,4,35,18014162111260139536
100,3,1,0,4,36,18014162111260139536
100,3,1,0,4,37,18014162112333881360
100,3,1,0,4,38,18014162111260139536
100,3,1,0,4,39,18014162111260139536
100,3,1,0,4,40,18014162111260139536
100,3,1,0,4,41,18014162112333881424
100,3,1,0,4,42,18014162112333881360
100,3,1,0,4,43,18014162111260139536
100,3,1,0,4,44,18014162111260139536
100,3,1,0,4,45,18014162112333881360
100,3,1,0,4,46,18014162111260139536
100,3,1,0,4,47,18014162111260139536
100,3,1,0,4,48,18014162111260139536
100,3,1,0,4,49,18014162111260139536
100,3,1,0,4,50,18014162111260139536
100,3,1,0,4,51,18014162112333881360
100,3,1,0,4,52,18014162111260139536
100,3,1,0,4,53,18014162111260139536
100,3,1,0,4,54,18014162111260139536
100,3,1,0,4,55,18014162111260139536
100,3,1,0,4,56,18014162111260139536
100,3,1,0,4,57,18014162111260139536
100,3,1,0,4,58,18014162111260139536
100,3,1,0,4,59,18014162112333881424
100,3,1,0,4,60,18014162112333881360
100,3,1,0,4,61,18014162111260139536
100,3,1,0,4,62,18014162111260139536
100,3,1,0,4,63,18014162111260139536
100,3,1,0,4,64,18014162111260139536
100,3,1,0,4,65,18014162111260139536
100,3,1,0,4,66,18014162112333881360
100,3,1,0,4,67,18014162111260139536
100,3,1,0,4,68,18014162112333881360
100,3,1,0,4,69,18014162111260139536
100,3,1,0,4,70,18014162111260139536
100,3,1,0,4,71,18014162111260139536
100,3,1,0,4,72,18014162111260139536
100,3,1,0,4,73,18014162112333881360
100,3,1,0,4,74,18014162111260139536
100,3,1,0,4,75,18014162111260139536
100,3,1,0,4,76,18014162111260139536
100,3,1,0,4,77,18014162111260139536
100,3,1,0,4,78,18014162111260139536
100,3,1,0,4,79,18014162111260139536
100,3,1,0,4,80,18014162112333881360
100,3,1,0,4,81,18014162111260139536
100,3,1,0,4,82,18014162111260139536
100,3,1,0,4,83,18014162111260139536
100,3,1,0,4,84,18014162112333881360
100,3,1,0,4,85,18014162111260139536
100,3,1,0,4,86,18014162111260139536
100,3,1,0,4,87,18014162111260139536
100,3,1,0,4,88,18014162111260139536
100,3,1,0,4,89,18014162111260139536
100,3,1,0,4,90,18014162111260139536
100,3,1,0,4,91,18014162111260139536
100,3,1,0,4,92,18014162111260139536
100,3,1,0,4,93,18014162111260139536
100,3,1,0,4,94,18014162112333881360
100,3,1,0,4,95,18014162111260139536
100,3,1,0,4,96,18014162112333881360
100,3,1,0,4,97,18014162111260139536
100,3,1,0,4,98,18014162111260139536
100,3,1,0,4,99,18014162111260139536
101,3,1,0,6,0,12826015339717730320
101,3,1,0,6,1,12826015339717730320
101,3,1,0,6,2,12826015339717730320
101,3,1,0,6,3,12826015339717730320
101,3,1,0,6,4,12826015339717730320
101,3,1,0,6,5,12826015339717730320
101,3,1,0,6,6,12826015339717730320
101,3,1,0,6,7,12826015339717730320
101,3,1,0,6,8,12826015339717730320
101,3,1,0,6,9,12826015339717730320
101,3,1,0,6,10,12826015339717730320
101,3,1,0,6,11,12826015339717730320
101,3,1,0,6,12,12826015339717730320
101,3,1,0,6,13,12826015339717730320
101,3,1,0,6,14,12826015339717730320
101,3,1,0,6,15,12826015339717730320
101,3,1,0,6,16,12826015339717730320
101,3,1,0,6,17,12826015339717730320
101,3,1,0,6,18,12826015339717730320
101,3,1,0,6,19,12826015339717730320
101,3,1,0,6,20,12826015339717730320
101,3,1,0,6,21,12826015339717730320
101,3,1,0,6,22,12826015339717730320
101,3,1,0,6,23,12826015339717730320
101,3,1,0,6,24,12826015339717730320
101,3,1,0,6,25,12826015339717730320
101,3,1,0,6,26,12826015339717730320
101,3,1,0,6,27,12826015339717730320
101,3,1,0,6,28,12826015339717730320
101,3,1,0,6,29,12826015339717730320
101,3,1,0,6,30,12826015339717730320
101,3,1,0,6,31,12826015339717730320
101,3,1,0,6,32,12826015339717730320
101,3,1,0,6,33,12826015339717730320
101,3,1,0,6,34,12826015339717730320
101,3,1,0,6,35,12826015339717730320
101,3,1,0,6,36,12826015339717730320
101,3,1,0,6,37,12826015339717730320
101,3,1,0,6,38,12826015339717730320
101,3,1,0,6,39,12826015339717730320
101,3,1,0,6,40,12826015339717730320
101,3,1,0,6,41,12826015339717730320
101,3,1,0,6,42,12826015339717730320
101,3,1,0,6,43,12826015339717730320
101,3,1,0,6,44,17437701358145118224
101,3,1,0,6,45,12826015339717730320
101,3,1,0,6,46,12826015339717730320
101,3,1,0,6,47,12826015339717730320
101,3,1,0,6,48,12826015339717730320
101,3,1,0,6,49,12826015339717730320
101,3,1,0,6,50,12826015339717730320
101,3,1,0,6,51,12826015339717730320
101,3,1,0,6,52,12826015339717730320
101,3,1,0,6,53,12826015339717730320
101,3,1,0,6,54,12826015339717730320
101,3,1,0,6,55,12826015339717730320
101,3,1,0,6,56,12826015339717730320
101,3,1,0,6,57,12826015339717730320
101,3,1,0,6,58,12826015339717730320
101,3,1,0,6,59,12826015339717730320
101,3,1,0,6,60,12826015339717730320
101,3,1,0,6,61,12826015339717730320
101,3,1,0,6,62,12826015339717730320
101,3,1,0,6,63,17437701358145118224
101,3,1,0,6,64,12826015339717730320
101,3,1,0,6,65,12826015339717730320
101,3,1,0,6,66,12826015339717730320
101,3,1,0,6,67,12826015339717730320
101,3,1,0,6,68,12826015339717730320
101,3,1,0,6,69,12826015339717730320
101,3,1,0,6,70,12826015339717730320
101,3,1,0,6,71,12826015339717730320
101,3,1,0,6,72,12826015339717730320
101,3,1,0,6,73,12826015339717730320
101,3,1,0,6,74,12826015339717730320
101,3,1,0,6,75,12826015339717730320
101,3,1,0,6,76,12826015339717730320
101,3,1,0,6,77,12826015339717730320
101,3,1,0,6,78,12826015339717730320
101,3,1,0,6,79,12826015339717730320
101,3,1,0,6,80,12826015339717730320
101,3,1,0,6,81,12826015339717730320
101,3,1,0,6,82,12826015339717730320
101,3,1,0,6,83,12826015339717730320
101,3,1,0,6,84,12826015339717730320
101,3,1,0,6,85,12826015339717730320
101,3,1,0,6,86,12826015339717730320
101,3,1,0,6,87,12826015339717730320
101,3,1,0,6,88,12826015339717730320
101,3,1,0,6,89,12826015339717730320
101,3,1,0,6,90,12826015339717730320
101,3,1,0,6,91,12826015339717730320
101,3,1,0,6,92,12826015339717730320
101,3,1,0,6,93,12826015339717730320
101,3,1,0,6,94,12826015339717730320
101,3,1,0,6,95,12826015339717730320
101,3,1,0,6,96,12826015339717730320
101,3,1,0,6,97,12826015339717730320
101,3,1,0,6,98,12826015339717730320
101,3,1,0,6,99,12826015339717730320
102,3,2,0,1,0,2150342560
102,3,2,0,1,1,2150342560
102,3,2,0,1,2,2150342560
102,3,2,0,1,3,2150342560
102,3,2,0,1,4,2150342560
102,3,2,0,1,5,2150342560
102,3,2,0,1,6,2150342560
102,3,2,0,1,7,2150342560
102,3,2,0,1,8,2150342560
102,3,2,0,1,9,2150342560
102,3,2,0,1,10,2150342560
102,3,2,0,1,11,2150342560
102,3,2,0,1,12,2150342560
102,3,2,0,1,13,2150342560
102,3,2,0,1,14,2150342560
102,3,2,0,1,15,2150342560
102,3,2,0,1,16,2150342560
102,3,2,0,1,17,2150342560
102,3,2,0,1,18,2150342560
102,3,2,0,1,19,2150342560
102,3,2,0,1,20,2150342560
102,3,2,0,1,21,2150342560
102,3,2,0,1,22,2150342560
102,3,2,0,1,23,2150342560
102,3,2,0,1,24,2150342560
102,3,2,0,1,25,2150342560
102,3,2,0,1,26,2150342560
102,3,2,0,1,27,2150342560
102,3,2,0,1,28,2150342560
102,3,2,0,1,29,2150342560
102,3,2,0,1,30,2150342560
102,3,2,0,1,31,2150342560
102,3,2,0,1,32,2150342560
102,3,2,0,1,33,2150342560
102,3,2,0,1,34,2150342560
102,3,2,0,1,35,2150342560
102,3,2,0,1,36,2150342560
102,3,2,0,1,37,2150342560
102,3,2,0,1,38,2150342560
102,3,2,0,1,39,2150342560
102,3,2,0,1,40,2150342560
102,3,2,0,1,41,2150342560
102,3,2,0,1,42,2150342560
102,3,2,0,1,43,2150342560
102,3,2,0,1,44,2150342560
102,3,2,0,1,45,2150342560
102,3,2,0,1,46,2150342560
102,3,2,0,1,47,2150342560
102,3,2,0,1,48,2150342560
102,3,2,0,1,49,2150342560
102,3,2,0,1,50,2150342560
102,3,2,0,1,51,2150342560
102,3,2,0,1,52,2150342560
102,3,2,0,1,53,2150342560
102,3,2,0,1,54,2150342560
102,3,2,0,1,55,2150342560
102,3,2,0,1,56,2150342560
102,3,2,0,1,57,2150342560
102,3,2,0,1,58,2150342560
102,3,2,0,1,59,2150342560
102,3,2,0,1,60,2150342560
102,3,2,0,1,61,2150342560
102,3,2,0,1,62,2150342560
102,3,2,0,1,63,2150342560
102,3,2,0,1,64,2150342560
102,3,2,0,1,65,2150342560
102,3,2,0,1,66,2150342560
102,3,2,0,1,67,2150342560
102,3,2,0,1,68,2150342560
102,3,2,0,1,69,2150342560
102,3,2,0,1,70,2150342560
102,3,2,0,1,71,2150342560
102,3,2,0,1,72,2150342560
102,3,2,0,1,73,2150342560
102,3,2,0,1,74,2150342560
102,3,2,0,1,75,2150342560
102,3,2,0,1,76,2150342560
102,3,2,0,1,77,2150342560
102,3,2,0,1,78,2150342560
102,3,2,0,1,79,2150342560
102,3,2,0,1,80,2150342560
102,3,2,0,1,81,2150342560
102,3,2,0,1,82,2150342560
102,3,2,0,1,83,2150342560
102,3,2,0,1,84,2150342560
102,3,2,0,1,85,2150342560
102,3,2,0,1,86,2150342560
102,3,2,0,1,87,2150342560
102,3,2,0,1,88,2150342560
102,3,2,0,1,89,2150342560
102,3,2,0,1,90,2150342560
102,3,2,0,1,91,2150342560
102,3,2,0,1,92,2150342560
102,3,2,0,1,93,2150342560
102,3,2,0,1,94,2150342560
102,3,2,0,1,95,2150342560
102,3,2,0,1,96,2150342560
102,3,2,0,1,97,2150342560
102,3,2,0,1,98,2150342560
102,3,2,0,1,99,2150342560
103,3,2,0,3,0,2150342560
103,3,2,0,3,1,2150342560
103,3,2,0,3,2,2150342560
103,3,2,0,3,3,2150342560
103,3,2,0,3,4,2150342560
103,3,2,0,3,5,2150342560
103,3,2,0,3,6,2150342560
103,3,2,0,3,7,2150342560
103,3,2,0,3,8,2150342560
103,3,2,0,3,9,2150342560
103,3,2,0,3,10,2150342560
103,3,2,0,3,11,2150342560
103,3,2,0,3,12,2150342560
103,3,2,0,3,13,2150342560
103,3,2,0,3,14,2150342560
103,3,2,0,3,15,2150342560
103,3,2,0,3,16,2150342560
103,3,2,0,3,17,2150342560
103,3,2,0,3,18,2150342560
103,3,2,0,3,19,2150342560
103,3,2,0,3,20,2150342560
103,3,2,0,3,21,2150342560
103,3,2,0,3,22,2150342560
103,3,2,0,3,23,2150342560
103,3,2,0,3,24,2150342560
103,3,2,0,3,25,2150342560
103,3,2,0,3,26,2150342560
103,3,2,0,3,27,2150342560
103,3,2,0,3,28,2150342560
103,3,2,0,3,29,2150342560
103,3,2,0,3,30,2150342560
103,3,2,0,3,31,2150342560
103,3,2,0,3,32,2150342560
103,3,2,0,3,33,2150342560
103,3,2,0,3,34,2150342560
103,3,2,0,3,35,2150342560
103,3,2,0,3,36,2150342560
103,3,2,0,3,37,2150342560
103,3,2,0,3,38,2150342560
103,3,2,0,3,39,2150342560
103,3,2,0,3,40,2150342560
103,3,2,0,3,41,2150342560
103,3,2,0,3,42,2150342560
103,3,2,0,3,43,2150342560
103,3,2,0,3,44,2150342560
103,3,2,0,3,45,2150342560
103,3,2,0,3,46,2150342560
103,3,2,0,3,47,2150342560
103,3,2,0,3,48,2150342560
103,3,2,0,3,49,2150342560
103,3,2,0,3,50,2150342560
103,3,2,0,3,51,2150342560
103,3,2,0,3,52,2150342560
103,3,2,0,3,53,2150342560
103,3,2,0,3,54,2150342560
103,3,2,0,3,55,2150342560
103,3,2,0,3,56,2150342560
103,3,2,0,3,57,2150342560
103,3,2,0,3,58,2150342560
103,3,2,0,3,59,2150342560
103,3,2,0,3,60,2150342560
103,3,2,0,3,61,2150342560
103,3,2,0,3,62,2150342560
103,3,2,0,3,63,2150342560
103,3,2,0,3,64,2150342560
103,3,2,0,3,65,2150342560
103,3,2,0,3,66,2150342560
103,3,2,0,3,67,2150342560
103,3,2,0,3,68,2150342560
103,3,2,0,3,69,2150342560
103,3,2,0,3,70,2150342560
103,3,2,0,3,71,2150342560
103,3,2,0,3,72,2150342560
103,3,2,0,3,73,2150342560
103,3,2,0,3,74,2150342560
103,3,2,0,3,75,2150342560
103,3,2,0,3,76,2150342560
103,3,2,0,3,77,2150342560
103,3,2,0,3,78,2150342560
103,3,2,0,3,79,2150342560
103,3,2,0,3,80,2150342560
103,3,2,0,3,81,2150342560
103,3,2,0,3,82,2150342560
103,3,2,0,3,83,2150342560
103,3,2,0,3,84,2150342560
103,3,2,0,3,85,2150342560
103,3,2,0,3,86,2150342560
103,3,2,0,3,87,2150342560
103,3,2,0,3,88,2150342560
103,3,2,0,3,89,2150342560
103,3,2,0,3,90,2150342560
103,3,2,0,3,91,2150342560
103,3,2,0,3,92,2150342560
103,3,2,0,3,93,2150342560
103,3,2,0,3,94,2150342560
103,3,2,0,3,95,2150342560
103,3,2,0,3,96,2150342560
103,3,2,0,3,97,2150342560
103,3,2,0,3,98,2150342560
103,3,2,0,3,99,2150342560
104,3,2,0,5,0,288234776373993386
104,3,2,0,5,1,288234776373993386
104,3,2,0,5,2,288234776373993386
104,3,2,0,5,3,288234776373993386
104,3,2,0,5,4,288234776373993386
104,3,2,0,5,5,288234776373993386
104,3,2,0,5,6,288234776373993386
104,3,2,0,5,7,288234776373993386
104,3,2,0,5,8,288234776373993386
104,3,2,0,5,9,288234776374009770
104,3,2,0,5,10,288234776373993386
104,3,2,0,5,11,288234776373993386
104,3,2,0,5,12,288234776373993386
104,3,2,0,5,13,288234776373993386
104,3,2,0,5,14,288234776373993386
104,3,2,0,5,15,288234776373993386
104,3,2,0,5,16,288234776373993386
104,3,2,0,5,17,288234776373993386
104,3,2,0,5,18,288234776373993386
104,3,2,0,5,19,288234776373993386
104,3,2,0,5,20,288234776374009770
104,3,2,0,5,21,288234776373993386
104,3,2,0,5,22,288234776373993386
104,3,2,0,5,23,288234776374009770
104,3,2,0,5,24,288234776373993386
104,3,2,0,5,25,288234776373993386
104,3,2,0,5,26,288234776373993386
104,3,2,0,5,27,288234776374009770
104,3,2,0,5,28,288234776373993386
104,3,2,0,5,29,288234776373993386
104,3,2,0,5,30,288234776373993386
104,3,2,0,5,31,288234776374009770
104,3,2,0,5,32,288234776373993386
104,3,2,0,5,33,288234776373993386
104,3,2,0,5,34,288234776373993386
104,3,2,0,5,35,288234776373993386
104,3,2,0,5,36,288234776373993386
104,3,2,0,5,37,288234776373993386
104,3,2,0,5,38,288234776373993386
104,3,2,0,5,39,288234776373993386
104,3,2,0,5,40,288234776373993386
104,3,2,0,5,41,288234776373993386
104,3,2,0,5,42,288234776373993386
104,3,2,0,5,43,288234776374009770
104,3,2,0,5,44,288234776373993386
104,3,2,0,5,45,288234776373993386
104,3,2,0,5,46,288234776373993386
104,3,2,0,5,47,288234776373993386
104,3,2,0,5,48,288234776374009770
104,3,2,0,5,49,288234776373993386
104,3,2,0,5,50,288234776373993386
104,3,2,0,5,51,288234776373993386
104,3,2,0,5,52,288234776373993386
104,3,2,0,5,53,288234776373993386
104,3,2,0,5,54,288234776373993386
104,3,2,0,5,55,288234776373993386
104,3,2,0,5,56,288234776373993386
104,3,2,0,5,57,288234776373993386
104,3,2,0,5,58,288234776373993386
104,3,2,0,5,59,288234776374009770
104,3,2,0,5,60,288234776374009770
104,3,2,0,5,61,288234776374009770
104,3,2,0,5,62,288234776373993386
104,3,2,0,5,63,288234776373993386
104,3,2,0,5,64,288234776373993386
104,3,2,0,5,65,288234776373993386
104,3,2,0,5,66,288234776373993386
104,3,2,0,5,67,288234776373993386
104,3,2,0,5,68,288234776373993386
104,3,2,0,5,69,288234776373993386
104,3,2,0,5,70,288234776373993386
104,3,2,0,5,71,288234776373993386
104,3,2,0,5,72,288234776373993386
104,3,2,0,5,73,288234776373993386
104,3,2,0,5,74,288234776373993386
104,3,2,0,5,75,288234776373993386
104,3,2,0,5,76,288234776373993386
104,3,2,0,5,77,288234776373993386
104,3,2,0,5,78,288234776373993386
104,3,2,0,5,79,288234776373993386
104,3,2,0,5,80,288234776373993386
104,3,2,0,5,81,288234776373993386
104,3,2,0,5,82,288234776373993386
104,3,2,0,5,83,288234776373993386
104,3,2,0,5,84,288234776373993386
104,3,2,0,5,85,288234776373993386
104,3,2,0,5,86,288234776373993386
104,3,2,0,5,87,288234776373993386
104,3,2,0,5,88,288234776373993386
104,3,2,0,5,89,288234776373993386
104,3,2,0,5,90,288234776373993386
104,3,2,0,5,91,288234776373993386
104,3,2,0,5,92,288234776373993386
104,3,2,0,5,93,288234776374009770
104,3,2,0,5,94,288234776373993386
104,3,2,0,5,95,288234776373993386
104,3,2,0,5,96,288234776373993386
104,3,2,0,5,97,288234776373993386
104,3,2,0,5,98,288234776373993386
104,3,2,0,5,99,288234776373993386
105,3,2,0,7,0,288234776356954026
105,3,2,0,7,1,288234776356954026
105,3,2,0,7,2,288234776356954026
105,3,2,0,7,3,288234776356954026
105,3,2,0,7,4,288234776356954026
105,3,2,0,7,5,288234776356954026
105,3,2,0,7,6,288234776356954026
105,3,2,0,7,7,288234776356954026
105,3,2,0,7,8,288234776356954026
105,3,2,0,7,9,288234776356954026
105,3,2,0,7,10,288234776356954026
105,3,2,0,7,11,288234776356954026
105,3,2,0,7,12,288234776356954026
105,3,2,0,7,13,288234776356954026
105,3,2,0,7,14,288234776356954026
105,3,2,0,7,15,288234776356954026
105,3,2,0,7,16,288234776356954026
105,3,2,0,7,17,288234776356954026
105,3,2,0,7,18,288234776356954026
105,3,2,0,7,19,288234776356954026
105,3,2,0,7,20,288234776356954026
105,3,2,0,7,21,288234776356954026
105,3,2,0,7,22,288234776373731242
105,3,2,0,7,23,288234776356954026
105,3,2,0,7,24,288234776356954026
105,3,2,0,7,25,288234776356954026
105,3,2,0,7,26,288234776356954026
105,3,2,0,7,27,288234776356954026
105,3,2,0,7,28,288234776356954026
105,3,2,0,7,29,288234776356954026
105,3,2,0,7,30,288234776356954026
105,3,2,0,7,31,288234776356954026
105,3,2,0,7,32,288234776356954026
105,3,2,0,7,33,288234776356954026
105,3,2,0,7,34,288234776356954026
105,3,2,0,7,35,288234776356954026
105,3,2,0,7,36,288234776356954026
105,3,2,0,7,37,288234776356954026
105,3,2,0,7,38,288234776356954026
105,3,2,0,7,39,288234776356954026
105,3,2,0,7,40,288234776356954026
105,3,2,0,7,41,288234776356954026
105,3,2,0,7,42,288234776356954026
105,3,2,0,7,43,288234776356954026
105,3,2,0,7,44,288234776356954026
105,3,2,0,7,45,288234776356954026
105,3,2,0,7,46,288234776356954026
105,3,2,0,7,47,288234776356954026
105,3,2,0,7,48,288234776373731242
105,3,2,0,7,49,288234776356954026
105,3,2,0,7,50,288234776356954026
105,3,2,0,7,51,288234776356954026
105,3,2,0,7,52,288234776356954026
105,3,2,0,7,53,288234776356954026
105,3,2,0,7,54,288234776356954026
105,3,2,0,7,55,288234776356954026
105,3,2,0,7,56,288234776356954026
105,3,2,0,7,57,288234776356954026
105,3,2,0,7,58,288234776356954026
105,3,2,0,7,59,288234776356954026
105,3,2,0,7,60,288234776356954026
105,3,2,0,7,61,288234776356954026
105,3,2,0,7,62,288234776356954026
105,3,2,0,7,63,288234776356954026
105,3,2,0,7,64,288234776356954026
105,3,2,0,7,65,288234776356954026
105,3,2,0,7,66,288234776356954026
105,3,2,0,7,67,288234776356954026
105,3,2,0,7,68,288234776356954026
105,3,2,0,7,69,288234776356954026
105,3,2,0,7,70,288234776356954026
105,3,2,0,7,71,288234776356954026
105,3,2,0,7,72,288234776356954026
105,3,2,0,7,73,288234776356954026
105,3,2,0,7,74,288234776356954026
105,3,2,0,7,75,288234776356954026
105,3,2,0,7,76,288234776356954026
105,3,2,0,7,77,288234776356954026
105,3,2,0,7,78,288234776356954026
105,3,2,0,7,79,288234776356954026
105,3,2,0,7,80,288234776356954026
105,3,2,0,7,81,288234776356954026
105,3,2,0,7,82,288234776356954026
105,3,2,0,7,83,288234776356954026
105,3,2,0,7,84,288234776356954026
105,3,2,0,7,85,288234776356954026
105,3,2,0,7,86,288234776356954026
105,3,2,0,7,87,288234776356954026
105,3,2,0,7,88,288234776356954026
105,3,2,0,7,89,288234776373731242
105,3,2,0,7,90,288234776356954026
105,3,2,0,7,91,288234776356954026
105,3,2,0,7,92,288234776356954026
105,3,2,0,7,93,288234776356954026
105,3,2,0,7,94,288234776356954026
105,3,2,0,7,95,288234776356954026
105,3,2,0,7,96,288234776356954026
105,3,2,0,7,97,288234776356954026
105,3,2,0,7,98,288234776356954026
105,3,2,0,7,99,288234776356954026
106,3,3,0,2,0,18446739675662413021
106,3,3,0,2,1,18446739675662413021
106,3,3,0,2,2,18446739675662413021
106,3,3,0,2,3,18446739675662413021
106,3,3,0,2,4,18446739675662413021
106,3,3,0,2,5,18446739675662413021
106,3,3,0,2,6,18446739675662413021
106,3,3,0,2,7,18446739675662413021
106,3,3,0,2,8,18446739675662413021
106,3,3,0,2,9,18446739675662413021
106,3,3,0,2,10,18446739675662413021
106,3,3,0,2,11,18446739675662413021
106,3,3,0,2,12,18446739675662413021
106,3,3,0,2,13,18446739675662413021
106,3,3,0,2,14,18446739675662413021
106,3,3,0,2,15,18446739675662413021
106,3,3,0,2,16,18446739675662413021
106,3,3,0,2,17,18446739675662413021
106,3,3,0,2,18,18446739675662413021
106,3,3,0,2,19,18446739675662413021
106,3,3,0,2,20,18446739675662413021
106,3,3,0,2,21,18446739675662413021
106,3,3,0,2,22,18446739675662413021
106,3,3,0,2,23,18446739675662413021
106,3,3,0,2,24,18446739675662413021
106,3,3,0,2,25,18446739675662413021
106,3,3,0,2,26,18446739675662413021
106,3,3,0,2,27,18446739675662413021
106,3,3,0,2,28,18446739675662413021
106,3,3,0,2,29,18446739675662413021
106,3,3,0,2,30,18446739675662413021
106,3,3,0,2,31,18446739675662413021
106,3,3,0,2,32,18446739675662413021
106,3,3,0,2,33,18446739675662413021
106,3,3,0,2,34,18446739675662413021
106,3,3,0,2,35,18446739675662413021
106,3,3,0,2,36,18446739675662413021
106,3,3,0,2,37,18446739675662413021
106,3,3,0,2,38,18446739675662413021
106,3,3,0,2,39,18446739675662413021
106,3,3,0,2,40,18446739675662413021
106,3,3,0,2,41,18446739675662413021
106,3,3,0,2,42,18446739675662413021
106,3,3,0,2,43,18446739675662413021
106,3,3,0,2,44,18446739675662413021
106,3,3,0,2,45,18446739675662413021
106,3,3,0,2,46,18446739675662413021
106,3,3,0,2,47,18446739675662413021
106,3,3,0,2,48,18446739675662413021
106,3,3,0,2,49,18446739675662413021
106,3,3,0,2,50,18446739675662413021
106,3,3,0,2,51,18446739675662413021
106,3,3,0,2,52,18446739675662413021
106,3,3,0,2,53,18446739675662413021
106,3,3,0,2,54,18446739675662413021
106,3,3,0,2,55,18446739675662413021
106,3,3,0,2,56,18446739675662413021
106,3,3,0,2,57,18446739675662413021
106,3,3,0,2,58,18446739675662413021
106,3,3,0,2,59,18446739675662413021
106,3,3,0,2,60,18446739675662413021
106,3,3,0,2,61,18446739675662413021
106,3,3,0,2,62,18446739675662413021
106,3,3,0,2,63,18446739675662413021
106,3,3,0,2,64,18446739675662413021
106,3,3,0,2,65,18446739675662413021
106,3,3,0,2,66,18446739675662413021
106,3,3,0,2,67,18446739675662413021
106,3,3,0,2,68,18446739675662413021
106,3,3,0,2,69,18446739675662413021
106,3,3,0,2,70,18446739675662413021
106,3,3,0,2,71,18446739675662413021
106,3,3,0,2,72,18446739675662413021
106,3,3,0,2,73,18446739675662413021
106,3,3,0,2,74,18446739675662413021
106,3,3,0,2,75,18446739675662413021
106,3,3,0,2,76,18446739675662413021
106,3,3,0,2,77,18446739675662413021
106,3,3,0,2,78,18446739675662413021
106,3,3,0,2,79,18446739675662413021
106,3,3,0,2,80,18446739675662413021
106,3,3,0,2,81,18446739675662413021
106,3,3,0,2,82,18446739675662413021
106,3,3,0,2,83,18446739675662413021
106,3,3,0,2,84,18446739675662413021
106,3,3,0,2,85,18446739675662413021
106,3,3,0,2,86,18446739675662413021
106,3,3,0,2,87,18446739675662413021
106,3,3,0,2,88,18446739675662413021
106,3,3,0,2,89,18446739675662413021
106,3,3,0,2,90,18446739675662413021
106,3,3,0,2,91,18446739675662413021
106,3,3,0,2,92,18446739675662413021
106,3,3,0,2,93,18446739675662413021
106,3,3,0,2,94,18446739675662413021
106,3,3,0,2,95,18446739675662413021
106,3,3,0,2,96,18446739675662413021
106,3,3,0,2,97,18446739675662413021
106,3,3,0,2,98,18446739675662413021
106,3,3,0,2,99,18446739675662413021
107,3,4,0,1,0,628608
107,3,4,0,1,1,628608
107,3,4,0,1,2,628608
107,3,4,0,1,3,628608
107,3,4,0,1,4,628608
107,3,4,0,1,5,628608
107,3,4,0,1,6,628608
107,3,4,0,1,7,628608
107,3,4,0,1,8,628608
107,3,4,0,1,9,628608
107,3,4,0,1,10,628608
107,3,4,0,1,11,628608
107,3,4,0,1,12,628608
107,3,4,0,1,13,628608
107,3,4,0,1,14,628608
107,3,4,0,1,15,628608
107,3,4,0,1,16,628608
107,3,4,0,1,17,628608
107,3,4,0,1,18,628608
107,3,4,0,1,19,628608
107,3,4,0,1,20,628608
107,3,4,0,1,21,628608
107,3,4,0,1,22,628608
107,3,4,0,1,23,628608
107,3,4,0,1,24,628608
107,3,4,0,1,25,628608
107,3,4,0,1,26,628608
107,3,4,0,1,27,628608
107,3,4,0,1,28,628608
107,3,4,0,1,29,628608
107,3,4,0,1,30,628608
107,3,4,0,1,31,628608
107,3,4,0,1,32,628608
107,3,4,0,1,33,628608
107,3,4,0,1,34,628608
107,3,4,0,1,35,628608
107,3,4,0,1,36,628608
107,3,4,0,1,37,628608
107,3,4,0,1,38,628608
107,3,4,0,1,39,628608
107,3,4,0,1,40,628608
107,3,4,0,1,41,628608
107,3,4,0,1,42,628608
107,3,4,0,1,43,628608
107,3,4,0,1,44,628608
107,3,4,0,1,45,628608
107,3,4,0,1,46,628608
107,3,4,0,1,47,628608
107,3,4,0,1,48,628608
107,3,4,0,1,49,628608
107,3,4,0,1,50,628608
107,3,4,0,1,51,628608
107,3,4,0,1,52,628608
107,3,4,0,1,53,628608
107,3,4,0,1,54,628608
107,3,4,0,1,55,628608
107,3,4,0,1,56,628608
107,3,4,0,1,57,628608
107,3,4,0,1,58,628608
107,3,4,0,1,59,628608
107,3,4,0,1,60,628608
107,3,4,0,1,61,628608
107,3,4,0,1,62,628608
107,3,4,0,1,63,628608
107,3,4,0,1,64,628608
107,3,4,0,1,65,628608
107,3,4,0,1,66,628608
107,3,4,0,1,67,628608
107,3,4,0,1,68,628608
107,3,4,0,1,69,628608
107,3,4,0,1,70,628608
107,3,4,0,1,71,628608
107,3,4,0,1,72,628608
107,3,4,0,1,73,628608
107,3,4,0,1,74,628608
107,3,4,0,1,75,628608
107,3,4,0,1,76,628608
107,3,4,0,1,77,628608
107,3,4,0,1,78,628608
107,3,4,0,1,79,628608
107,3,4,0,1,80,628608
107,3,4,0,1,81,628608
107,3,4,0,1,82,628608
107,3,4,0,1,83,628608
107,3,4,0,1,84,628608
107,3,4,0,1,85,628608
107,3,4,0,1,86,628608
107,3,4,0,1,87,628608
107,3,4,0,1,88,628608
107,3,4,0,1,89,628608
107,3,4,0,1,90,628608
107,3,4,0,1,91,628608
107,3,4,0,1,92,628608
107,3,4,0,1,93,628608
107,3,4,0,1,94,628608
107,3,4,0,1,95,628608
107,3,4,0,1,96,628608
107,3,4,0,1,97,628608
107,3,4,0,1,98,628608
107,3,4,0,1,99,628608
108,3,4,0,3,0,628608
108,3,4,0,3,1,628608
108,3,4,0,3,2,628608
108,3,4,0,3,3,628608
108,3,4,0,3,4,628608
108,3,4,0,3,5,628608
108,3,4,0,3,6,628608
108,3,4,0,3,7,628608
108,3,4,0,3,8,628608
108,3,4,0,3,9,628608
108,3,4,0,3,10,628608
108,3,4,0,3,11,628608
108,3,4,0,3,12,628608
108,3,4,0,3,13,628608
108,3,4,0,3,14,628608
108,3,4,0,3,15,628608
108,3,4,0,3,16,628608
108,3,4,0,3,17,628608
108,3,4,0,3,18,628608
108,3,4,0,3,19,628608
108,3,4,0,3,20,628608
108,3,4,0,3,21,628608
108,3,4,0,3,22,628608
108,3,4,0,3,23,628608
108,3,4,0,3,24,628608
108,3,4,0,3,25,628608
108,3,4,0,3,26,628608
108,3,4,0,3,27,628608
108,3,4,0,3,28,628608
108,3,4,0,3,29,628608
108,3,4,0,3,30,628608
108,3,4,0,3,31,628608
108,3,4,0,3,32,628608
108,3,4,0,3,33,628608
108,3,4,0,3,34,628608
108,3,4,0,3,35,628608
108,3,4,0,3,36,628608
108,3,4,0,3,37,628608
108,3,4,0,3,38,628608
108,3,4,0,3,39,628608
108,3,4,0,3,40,628608
108,3,4,0,3,41,628608
108,3,4,0,3,42,628608
108,3,4,0,3,43,628608
108,3,4,0,3,44,628608
108,3,4,0,3,45,628608
108,3,4,0,3,46,628608
108,3,4,0,3,47,628608
108,3,4,0,3,48,628608
108,3,4,0,3,49,628608
108,3,4,0,3,50,628608
108,3,4,0,3,51,628608
108,3,4,0,3,52,628608
108,3,4,0,3,53,628608
108,3,4,0,3,54,628608
108,3,4,0,3,55,628608
108,3,4,0,3,56,628608
108,3,4,0,3,57,628608
108,3,4,0,3,58,628608
108,3,4,0,3,59,628608
108,3,4,0,3,60,628608
108,3,4,0,3,61,628608
108,3,4,0,3,62,628608
108,3,4,0,3,63,628608
108,3,4,0,3,64,628608
108,3,4,0,3,65,628608
108,3,4,0,3,66,628608
108,3,4,0,3,67,628608
108,3,4,0,3,68,628608
108,3,4,0,3,69,628608
108,3,4,0,3,70,628608
108,3,4,0,3,71,628608
108,3,4,0,3,72,628608
108,3,4,0,3,73,628608
108,3,4,0,3,74,628608
108,3,4,0,3,75,628608
108,3,4,0,3,76,628608
108,3,4,0,3,77,628608
108,3,4,0,3,78,628608
108,3,4,0,3,79,628608
108,3,4,0,3,80,628608
108,3,4,0,3,81,628608
108,3,4,0,3,82,628608
108,3,4,0,3,83,628608
108,3,4,0,3,84,628608
108,3,4,0,3,85,628608
108,3,4,0,3,86,628608
108,3,4,0,3,87,628608
108,3,4,0,3,88,628608
108,3,4,0,3,89,628608
108,3,4,0,3,90,628608
108,3,4,0,3,91,628608
108,3,4,0,3,92,628608
108,3,4,0,3,93,628608
108,3,4,0,3,94,628608
108,3,4,0,3,95,628608
108,3,4,0,3,96,628608
108,3,4,0,3,97,628608
108,3,4,0,3,98,628608
108,3,4,0,3,99,628608
109,3,4,0,5,0,288234776348565408
109,3,4,0,5,1,288234776348565408
109,3,4,0,5,2,288234776348565408
109,3,4,0,5,3,288234776348565408
109,3,4,0,5,4,288234776348565408
109,3,4,0,5,5,288234776348565408
109,3,4,0,5,6,288234776348565408
109,3,4,0,5,7,288230378302054304
109,3,4,0,5,8,288230378302054304
109,3,4,0,5,9,288234776348565408
109,3,4,0,5,10,288234776348565408
109,3,4,0,5,11,288230378302054304
109,3,4,0,5,12,288234776348565408
109,3,4,0,5,13,288234776348565408
109,3,4,0,5,14,288234776348565408
109,3,4,0,5,15,288230378302054304
109,3,4,0,5,16,288234776348565408
109,3,4,0,5,17,288234776348565408
109,3,4,0,5,18,288234776348565408
109,3,4,0,5,19,288234776348565408
109,3,4,0,5,20,288234776348565408
109,3,4,0,5,21,288234776348565408
109,3,4,0,5,22,288234776348565408
109,3,4,0,5,23,288234776348565408
109,3,4,0,5,24,288234776348565408
109,3,4,0,5,25,288234776348565408
109,3,4,0,5,26,288234776348565408
109,3,4,0,5,27,288230378302054304
109,3,4,0,5,28,288234776348565408
109,3,4,0,5,29,288234776348565408
109,3,4,0,5,30,288234776348565408
109,3,4,0,5,31,288230378302054304
109,3,4,0,5,32,288234776348565408
109,3,4,0,5,33,288234776348565408
109,3,4,0,5,34,288234776348565408
109,3,4,0,5,35,288234776348565408
109,3,4,0,5,36,288234776348565408
109,3,4,0,5,37,288234776348565408
109,3,4,0,5,38,288234776348565408
109,3,4,0,5,39,288234776348565408
109,3,4,0,5,40,288230378302054304
109,3,4,0,5,41,288234776348565408
109,3,4,0,5,42,288234776348565408
109,3,4,0,5,43,288234776348565408
109,3,4,0,5,44,288234776348565408
109,3,4,0,5,45,288234776348565408
109,3,4,0,5,46,288234776348565408
109,3,4,0,5,47,288234776348565408
109,3,4,0,5,48,288234776348565408
109,3,4,0,5,49,288234776348565408
109,3,4,0,5,50,288234776348565408
109,3,4,0,5,51,288234776348565408
109,3,4,0,5,52,288234776348565408
109,3,4,0,5,53,288234776348565408
109,3,4,0,5,54,288234776348565408
109,3,4,0,5,55,288234776348565408
109,3,4,0,5,56,288234776348565408
109,3,4,0,5,57,288234776348565408
109,3,4,0,5,58,288234776348565408
109,3,4,0,5,59,288234776348565408
109,3,4,0,5,60,288234776348565408
109,3,4,0,5,61,288234776348565408
109,3,4,0,5,62,288234776348565408
109,3,4,0,5,63,288234776348565408
109,3,4,0,5,64,288234776348565408
109,3,4,0,5,65,288234776348565408
109,3,4,0,5,66,288234776348565408
109,3,4,0,5,67,288234776348565408
109,3,4,0,5,68,288234776348565408
109,3,4,0,5,69,288234776348565408
109,3,4,0,5,70,288234776348565408
109,3,4,0,5,71,288230378302054304
109,3,4,0,5,72,288234776348565408
109,3,4,0,5,73,288234776348565408
109,3,4,0,5,74,288234776348565408
109,3,4,0,5,75,288234776348565408
109,3,4,0,5,76,288234776348565408
109,3,4,0,5,77,288234776348565408
109,3,4,0,5,78,288234776348565408
109,3,4,0,5,79,288234776348565408
109,3,4,0,5,80,288234776348565408
109,3,4,0,5,81,288234776348565408
109,3,4,0,5,82,288234776348565408
109,3,4,0,5,83,288234776348565408
109,3,4,0,5,84,288234776348565408
109,3,4,0,5,85,288234776348565408
109,3,4,0,5,86,288234776348565408
109,3,4,0,5,87,288234776348565408
109,3,4,0,5,88,288234776348565408
109,3,4,0,5,89,288234776348565408
109,3,4,0,5,90,288230378302054304
109,3,4,0,5,91,288234776348565408
109,3,4,0,5,92,288234776348565408
109,3,4,0,5,93,288234776348565408
109,3,4,0,5,94,288234776348565408
109,3,4,0,5,95,288234776348565408
109,3,4,0,5,96,288234776348565408
109,3,4,0,5,97,288234776348565408
109,3,4,0,5,98,288230378302054304
109,3,4,0,5,99,288230378302054304
110,3,4,0,7,0,2150211488
110,3,4,0,7,1,2150211488
110,3,4,0,7,2,2150211488
110,3,4,0,7,3,2150211488
110,3,4,0,7,4,2150211488
110,3,4,0,7,5,2150211488
110,3,4,0,7,6,2150211488
110,3,4,0,7,7,2150211488
110,3,4,0,7,8,2150211488
110,3,4,0,7,9,2150211488
110,3,4,0,7,10,2150211488
110,3,4,0,7,11,2150211488
110,3,4,0,7,12,2150211488
110,3,4,0,7,13,2150211488
110,3,4,0,7,14,2150211488
110,3,4,0,7,15,2150211488
110,3,4,0,7,16,2150211488
110,3,4,0,7,17,2150211488
110,3,4,0,7,18,2150211488
110,3,4,0,7,19,2150211488
110,3,4,0,7,20,2150211488
110,3,4,0,7,21,2150211488
110,3,4,0,7,22,2150211488
110,3,4,0,7,23,2150211488
110,3,4,0,7,24,2150211488
110,3,4,0,7,25,2150211488
110,3,4,0,7,26,2150211488
110,3,4,0,7,27,2150211488
110,3,4,0,7,28,2150211488
110,3,4,0,7,29,2150211488
110,3,4,0,7,30,2150211488
110,3,4,0,7,31,2150211488
110,3,4,0,7,32,2150211488
110,3,4,0,7,33,2150211488
110,3,4,0,7,34,2150211488
110,3,4,0,7,35,2150211488
110,3,4,0,7,36,2150211488
110,3,4,0,7,37,2150211488
110,3,4,0,7,38,2150211488
110,3,4,0,7,39,2150211488
110,3,4,0,7,40,2150211488
110,3,4,0,7,41,2150211488
110,3,4,0,7,42,2150211488
110,3,4,0,7,43,2150211488
110,3,4,0,7,44,2150211488
110,3,4,0,7,45,2150211488
110,3,4,0,7,46,2150211488
110,3,4,0,7,47,2150211488
110,3,4,0,7,48,2150211488
110,3,4,0,7,49,2150211488
110,3,4,0,7,50,2150211488
110,3,4,0,7,51,2150211488
110,3,4,0,7,52,2150211488
110,3,4,0,7,53,2150211488
110,3,4,0,7,54,2150211488
110,3,4,0,7,55,2150211488
110,3,4,0,7,56,2150211488
110,3,4,0,7,57,2150211488
110,3,4,0,7,58,2150211488
110,3,4,0,7,59,2150211488
110,3,4,0,7,60,2150211488
110,3,4,0,7,61,2150211488
110,3,4,0,7,62,2150211488
110,3,4,0,7,63,2150211488
110,3,4,0,7,64,2150211488
110,3,4,0,7,65,2150211488
110,3,4,0,7,66,2150211488
110,3,4,0,7,67,2150211488
110,3,4,0,7,68,2150211488
110,3,4,0,7,69,2150211488
110,3,4,0,7,70,2150211488
110,3,4,0,7,71,2150211488
110,3,4,0,7,72,2150211488
110,3,4,0,7,73,2150211488
110,3,4,0,7,74,2150211488
110,3,4,0,7,75,2150211488
110,3,4,0,7,76,2150211488
110,3,4,0,7,77,2150211488
110,3,4,0,7,78,2150211488
110,3,4,0,7,79,2150211488
110,3,4,0,7,80,2150211488
110,3,4,0,7,81,2150211488
110,3,4,0,7,82,2150211488
110,3,4,0,7,83,2150211488
110,3,4,0,7,84,2150211488
110,3,4,0,7,85,2150211488
110,3,4,0,7,86,2150211488
110,3,4,0,7,87,2150211488
110,3,4,0,7,88,2150211488
110,3,4,0,7,89,2150211488
110,3,4,0,7,90,2150211488
110,3,4,0,7,91,2150211488
110,3,4,0,7,92,2150211488
110,3,4,0,7,93,2150211488
110,3,4,0,7,94,2150211488
110,3,4,0,7,95,2150211488
110,3,4,0,7,96,2150211488
110,3,4,0,7,97,2150211488
110,3,4,0,7,98,2150211488
110,3,4,0,7,99,2150211488
111,3,5,0,0,0,18446744073709485823
111,3,5,0,0,1,18446744073709486079
111,3,5,0,0,2,18446744073709486079
111,3,5,0,0,3,18446744073709485823
111,3,5,0,0,4,18446744073709486079
111,3,5,0,0,5,18446744073709486079
111,3,5,0,0,6,18446744073709486079
111,3,5,0,0,7,18446744073709481727
111,3,5,0,0,8,18446744073709486079
111,3,5,0,0,9,18446744073709481727
111,3,5,0,0,10,18446744073709485823
111,3,5,0,0,11,18446744073709485823
111,3,5,0,0,12,18446744073709481727
111,3,5,0,0,13,18446744073709485823
111,3,5,0,0,14,18446744073709486079
111,3,5,0,0,15,18446744073709486079
111,3,5,0,0,16,18446744073709485823
111,3,5,0,0,17,18446744073709481727
111,3,5,0,0,18,18446744073709481727
111,3,5,0,0,19,18446744073709481727
111,3,5,0,0,20,18446744073709481727
111,3,5,0,0,21,18446744073709481727
111,3,5,0,0,22,18446744073709485823
111,3,5,0,0,23,18446744073709486079
111,3,5,0,0,24,18446744073709485823
111,3,5,0,0,25,18446744073709485823
111,3,5,0,0,26,18446744073709481727
111,3,5,0,0,27,18446744073709486079
111,3,5,0,0,28,18446744073709485823
111,3,5,0,0,29,18446744073709486079
111,3,5,0,0,30,18446744073709481727
111,3,5,0,0,31,18446744073709485823
111,3,5,0,0,32,18446744073709481727
111,3,5,0,0,33,18446744073709486079
111,3,5,0,0,34,18446744073709486079
111,3,5,0,0,35,18446744073709485823
111,3,5,0,0,36,18446744073709486079
111,3,5,0,0,37,18446744073709486079
111,3,5,0,0,38,18446744073709486079
111,3,5,0,0,39,18446744073709481727
111,3,5,0,0,40,18446744073709486079
111,3,5,0,0,41,18446744073709481727
111,3,5,0,0,42,18446744073709485823
111,3,5,0,0,43,18446744073709486079
111,3,5,0,0,44,18446744073709485823
111,3,5,0,0,45,18446744073709485823
111,3,5,0,0,46,18446744073709485823
111,3,5,0,0,47,18446744073709486079
111,3,5,0,0,48,18446744073709485823
111,3,5,0,0,49,18446744073709486079
111,3,5,0,0,50,18446744073709486079
111,3,5,0,0,51,18446744073709485823
111,3,5,0,0,52,18446744073709481727
111,3,5,0,0,53,18446744073709486079
111,3,5,0,0,54,18446744073709486079
111,3,5,0,0,55,18446744073709486079
111,3,5,0,0,56,18446744073709486079
111,3,5,0,0,57,18446744073709481727
111,3,5,0,0,58,18446744073709486079
111,3,5,0,0,59,18446744073709481727
111,3,5,0,0,60,18446744073709481727
111,3,5,0,0,61,18446744073709486079
111,3,5,0,0,62,18446744073709486079
111,3,5,0,0,63,18446744073709485823
111,3,5,0,0,64,18446744073709481727
111,3,5,0,0,65,18446744073709486079
111,3,5,0,0,66,18446744073709481727
111,3,5,0,0,67,18446744073709486079
111,3,5,0,0,68,18446744073709481727
111,3,5,0,0,69,18446744073709486079
111,3,5,0,0,70,18446744073709481727
111,3,5,0,0,71,18446744073709481727
111,3,5,0,0,72,18446744073709486079
111,3,5,0,0,73,18446744073709481727
111,3,5,0,0,74,18446744073709481727
111,3,5,0,0,75,18446744073709485823
111,3,5,0,0,76,18446744073709481727
111,3,5,0,0,77,18446744073709481727
111,3,5,0,0,78,18446744073709485823
111,3,5,0,0,79,18446744073709481727
111,3,5,0,0,80,18446744073709485823
111,3,5,0,0,81,18446744073709486079
111,3,5,0,0,82,18446744073709481727
111,3,5,0,0,83,18446744073709481727
111,3,5,0,0,84,18446744073709486079
111,3,5,0,0,85,18446744073709486079
111,3,5,0,0,86,18446744073709486079
111,3,5,0,0,87,18446744073709481727
111,3,5,0,0,88,18446744073709481727
111,3,5,0,0,89,18446744073709485823
111,3,5,0,0,90,18446744073709486079
111,3,5,0,0,91,18446744073709485823
111,3,5,0,0,92,18446744073709485823
111,3,5,0,0,93,18446744073709485823
111,3,5,0,0,94,18446744073709481727
111,3,5,0,0,95,18446744073709486079
111,3,5,0,0,96,18446744073709486079
111,3,5,0,0,97,18446744073709485823
111,3,5,0,0,98,18446744073709481727
111,3,5,0,0,99,18446744073709485823
112,3,5,0,2,0,18446739675662411997
112,3,5,0,2,1,18446739675662411997
112,3,5,0,2,2,18446739675662411997
112,3,5,0,2,3,18446739675662409949
112,3,5,0,2,4,18446739675662409949
112,3,5,0,2,5,18446739675662409949
112,3,5,0,2,6,18446739675662411997
112,3,5,0,2,7,18446739675662411997
112,3,5,0,2,8,18446739675662411997
112,3,5,0,2,9,18446739675662409949
112,3,5,0,2,10,18446739675662411997
112,3,5,0,2,11,18446739675662411997
112,3,5,0,2,12,18446739675662409949
112,3,5,0,2,13,18446739675662409949
112,3,5,0,2,14,18446739675662411997
112,3,5,0,2,15,18446739675662411997
112,3,5,0,2,16,18446739675662409949
112,3,5,0,2,17,18446739675662411997
112,3,5,0,2,18,18446739675662409949
112,3,5,0,2,19,18446739675662409949
112,3,5,0,2,20,18446739675662409949
112,3,5,0,2,21,18446739675662411997
112,3,5,0,2,22,18446739675662409949
112,3,5,0,2,23,18446739675662411997
112,3,5,0,2,24,18446739675662411997
112,3,5,0,2,25,18446739675662411997
112,3,5,0,2,26,18446739675662411997
112,3,5,0,2,27,18446739675662409949
112,3,5,0,2,28,18446739675662411997
112,3,5,0,2,29,18446739675662409949
112,3,5,0,2,30,18446739675662409949
112,3,5,0,2,31,18446739675662411997
112,3,5,0,2,32,18446739675662409949
112,3,5,0,2,33,18446739675662409949
112,3,5,0,2,34,18446739675662409949
112,3,5,0,2,35,18446739675662411997
112,3,5,0,2,36,18446739675662409949
112,3,5,0,2,37,18446739675662409949
112,3,5,0,2,38,18446739675662411997
112,3,5,0,2,39,18446739675662409949
112,3,5,0,2,40,18446739675662411997
112,3,5,0,2,41,18446739675662411997
112,3,5,0,2,42,18446739675662409821
112,3,5,0,2,43,18446739675662409821
112,3,5,0,2,44,18446739675662409949
112,3,5,0,2,45,18446739675662409949
112,3,5,0,2,46,18446739675662411997
112,3,5,0,2,47,18446739675662409949
112,3,5,0,2,48,18446739675662409949
112,3,5,0,2,49,18446739675662411997
112,3,5,0,2,50,18446739675662409949
112,3,5,0,2,51,18446739675662409821
112,3,5,0,2,52,18446739675662411997
112,3,5,0,2,53,18446739675662409949
112,3,5,0,2,54,18446739675662409949
112,3,5,0,2,55,18446739675662411997
112,3,5,0,2,56,18446739675662409949
112,3,5,0,2,57,18446739675662409949
112,3,5,0,2,58,18446739675662409949
112,3,5,0,2,59,18446739675662409949
112,3,5,0,2,60,18446739675662411997
112,3,5,0,2,61,18446739675662409949
112,3,5,0,2,62,18446739675662409949
112,3,5,0,2,63,18446739675662409949
112,3,5,0,2,64,18446739675662409949
112,3,5,0,2,65,18446739675662411997
112,3,5,0,2,66,18446739675662411997
112,3,5,0,2,67,18446739675662411997
112,3,5,0,2,68,18446739675662409949
112,3,5,0,2,69,18446739675662409949
112,3,5,0,2,70,18446739675662409949
112,3,5,0,2,71,18446739675662411997
112,3,5,0,2,72,18446739675662411997
112,3,5,0,2,73,18446739675662409949
112,3,5,0,2,74,18446739675662411997
112,3,5,0,2,75,18446739675662411997
112,3,5,0,2,76,18446739675662411997
112,3,5,0,2,77,18446739675662411997
112,3,5,0,2,78,18446739675662409949
112,3,5,0,2,79,18446739675662411997
112,3,5,0,2,80,18446739675662411997
112,3,5,0,2,81,18446739675662409949
112,3,5,0,2,82,18446739675662411997
112,3,5,0,2,83,18446739675662411997
112,3,5,0,2,84,18446739675662409949
112,3,5,0,2,85,18446739675662411997
112,3,5,0,2,86,18446739675662409949
112,3,5,0,2,87,18446739675662409949
112,3,5,0,2,88,18446739675662409949
112,3,5,0,2,89,18446739675662409949
112,3,5,0,2,90,18446739675662411997
112,3,5,0,2,91,18446739675662411997
112,3,5,0,2,92,18446739675662411997
112,3,5,0,2,93,18446739675662409949
112,3,5,0,2,94,18446739675662409949
112,3,5,0,2,95,18446739675662411997
112,3,5,0,2,96,18446739675662411997
112,3,5,0,2,97,18446739675662409949
112,3,5,0,2,98,18446739675662409949
112,3,5,0,2,99,18446739675662411997
113,3,5,0,6,0,18446744073709448959
113,3,5,0,6,1,18446744073709448959
113,3,5,0,6,2,18446739675662937855
113,3,5,0,6,3,18446739675662937855
113,3,5,0,6,4,18446739675662937855
113,3,5,0,6,5,18446744073709448959
113,3,5,0,6,6,18446739675662937855
113,3,5,0,6,7,18446744073709448959
113,3,5,0,6,8,18446744073709448959
113,3,5,0,6,9,18446739675662937855
113,3,5,0,6,10,18446739675662937855
113,3,5,0,6,11,18446739675662937855
113,3,5,0,6,12,18446739675662937855
113,3,5,0,6,13,18446739675662937855
113,3,5,0,6,14,18446744073709448959
113,3,5,0,6,15,18446739675662937855
113,3,5,0,6,16,18446739675662937855
113,3,5,0,6,17,18446744073709448959
113,3,5,0,6,18,18446744073709448959
113,3,5,0,6,19,18446744073709448959
113,3,5,0,6,20,18446739675662937855
113,3,5,0,6,21,18446739675662937855
113,3,5,0,6,22,18446744073709448959
113,3,5,0,6,23,18446744073709448959
113,3,5,0,6,24,18446744073709448959
113,3,5,0,6,25,18446744073709448959
113,3,5,0,6,26,18446739675662937855
113,3,5,0,6,27,18446739675662937855
113,3,5,0,6,28,18446739675662937855
113,3,5,0,6,29,18446739675662937855
113,3,5,0,6,30,18446744073709448959
113,3,5,0,6,31,18446744073709448959
113,3,5,0,6,32,18446744073709448959
113,3,5,0,6,33,18446744073709448959
113,3,5,0,6,34,18446739675662937855
113,3,5,0,6,35,18446739675662937855
113,3,5,0,6,36,18446744073709448959
113,3,5,0,6,37,18446739675662937855
113,3,5,0,6,38,18446739675662937855
113,3,5,0,6,39,18446739675662937855
113,3,5,0,6,40,18446739675662937855
113,3,5,0,6,41,18446744073709448959
113,3,5,0,6,42,18446739675662937855
113,3,5,0,6,43,18446739675662937855
113,3,5,0,6,44,18446739675662937855
113,3,5,0,6,45,18446739675662937855
113,3,5,0,6,46,18446744073709448959
113,3,5,0,6,47,18446739675662937855
113,3,5,0,6,48,18446744073709448959
113,3,5,0,6,49,18446739675662937855
113,3,5,0,6,50,18446739675662937855
113,3,5,0,6,51,18446744073709448959
113,3,5,0,6,52,18446744073709448959
113,3,5,0,6,53,18446739675662937855
113,3,5,0,6,54,18446744073709448959
113,3,5,0,6,55,18446739675662937855
113,3,5,0,6,56,18446744073709448959
113,3,5,0,6,57,18446744073709448959
113,3,5,0,6,58,18446739675662937855
113,3,5,0,6,59,18446744073709448959
113,3,5,0,6,60,18446744073709448959
113,3,5,0,6,61,18446744073709448959
113,3,5,0,6,62,18446744073709448959
113,3,5,0,6,63,18446739675662937855
113,3,5,0,6,64,18446739675662937855
113,3,5,0,6,65,18446744073709448959
113,3,5,0,6,66,18446744073709448959
113,3,5,0,6,67,18446739675662937855
113,3,5,0,6,68,18446744073709448959
113,3,5,0,6,69,18446739675662937855
113,3,5,0,6,70,18446739675662937855
113,3,5,0,6,71,18446739675662937855
113,3,5,0,6,72,18446739675662937855
113,3,5,0,6,73,18446744073709448959
113,3,5,0,6,74,18446739675662937855
113,3,5,0,6,75,18446739675662937855
113,3,5,0,6,76,18446744073709448959
113,3,5,0,6,77,18446739675662937855
113,3,5,0,6,78,18446744073709448959
113,3,5,0,6,79,18446744073709448959
113,3,5,0,6,80,18446739675662937855
113,3,5,0,6,81,18446739675662937855
113,3,5,0,6,82,18446744073709448959
113,3,5,0,6,83,18446744073709448959
113,3,5,0,6,84,18446744073709448959
113,3,5,0,6,85,18446744073709448959
113,3,5,0,6,86,18446744073709448959
113,3,5,0,6,87,18446744073709448959
113,3,5,0,6,88,18446739675662937855
113,3,5,0,6,89,18446744073709448959
113,3,5,0,6,90,18446739675662937855
113,3,5,0,6,91,18446739675662937855
113,3,5,0,6,92,18446739675662937855
113,3,5,0,6,93,18446744073709448959
113,3,5,0,6,94,18446744073709448959
113,3,5,0,6,95,18446744073709448959
113,3,5,0,6,96,18446739675662937855
113,3,5,0,6,97,18446739675662937855
113,3,5,0,6,98,18446739675662937855
113,3,5,0,6,99,18446739675662937855
114,3,6,0,1,0,628608
114,3,6,0,1,1,628608
114,3,6,0,1,2,628608
114,3,6,0,1,3,628608
114,3,6,0,1,4,628608
114,3,6,0,1,5,628608
114,3,6,0,1,6,628608
114,3,6,0,1,7,628608
114,3,6,0,1,8,628608
114,3,6,0,1,9,628608
114,3,6,0,1,10,628608
114,3,6,0,1,11,628608
114,3,6,0,1,12,628608
114,3,6,0,1,13,628608
114,3,6,0,1,14,630656
114,3,6,0,1,15,628608
114,3,6,0,1,16,628608
114,3,6,0,1,17,628608
114,3,6,0,1,18,628608
114,3,6,0,1,19,628608
114,3,6,0,1,20,628608
114,3,6,0,1,21,628608
114,3,6,0,1,22,628608
114,3,6,0,1,23,628608
114,3,6,0,1,24,628608
114,3,6,0,1,25,628608
114,3,6,0,1,26,628608
114,3,6,0,1,27,628608
114,3,6,0,1,28,628608
114,3,6,0,1,29,628608
114,3,6,0,1,30,628608
114,3,6,0,1,31,628608
114,3,6,0,1,32,628608
114,3,6,0,1,33,628608
114,3,6,0,1,34,628608
114,3,6,0,1,35,628608
114,3,6,0,1,36,628608
114,3,6,0,1,37,628608
114,3,6,0,1,38,628608
114,3,6,0,1,39,628608
114,3,6,0,1,40,628608
114,3,6,0,1,41,628608
114,3,6,0,1,42,628608
114,3,6,0,1,43,630656
114,3,6,0,1,44,628608
114,3,6,0,1,45,628608
114,3,6,0,1,46,628608
114,3,6,0,1,47,628608
114,3,6,0,1,48,628608
114,3,6,0,1,49,628608
114,3,6,0,1,50,628608
114,3,6,0,1,51,628608
114,3,6,0,1,52,628608
114,3,6,0,1,53,628608
114,3,6,0,1,54,628608
114,3,6,0,1,55,628608
114,3,6,0,1,56,628608
114,3,6,0,1,57,628608
114,3,6,0,1,58,628608
114,3,6,0,1,59,628608
114,3,6,0,1,60,630656
114,3,6,0,1,61,628608
114,3,6,0,1,62,628608
114,3,6,0,1,63,628608
114,3,6,0,1,64,628608
114,3,6,0,1,65,628608
114,3,6,0,1,66,628608
114,3,6,0,1,67,628608
114,3,6,0,1,68,628608
114,3,6,0,1,69,628608
114,3,6,0,1,70,628608
114,3,6,0,1,71,628608
114,3,6,0,1,72,628608
114,3,6,0,1,73,628608
114,3,6,0,1,74,628608
114,3,6,0,1,75,628608
114,3,6,0,1,76,628608
114,3,6,0,1,77,628608
114,3,6,0,1,78,628608
114,3,6,0,1,79,628608
114,3,6,0,1,80,628608
114,3,6,0,1,81,628608
114,3,6,0,1,82,628608
114,3,6,0,1,83,628608
114,3,6,0,1,84,628608
114,3,6,0,1,85,628608
114,3,6,0,1,86,628608
114,3,6,0,1,87,628608
114,3,6,0,1,88,628608
114,3,6,0,1,89,628608
114,3,6,0,1,90,628608
114,3,6,0,1,91,628608
114,3,6,0,1,92,628608
114,3,6,0,1,93,628608
114,3,6,0,1,94,628608
114,3,6,0,1,95,628608
114,3,6,0,1,96,628608
114,3,6,0,1,97,628608
114,3,6,0,1,98,630656
114,3,6,0,1,99,628608
115,3,6,0,3,0,628608
115,3,6,0,3,1,628608
115,3,6,0,3,2,628608
115,3,6,0,3,3,628608
115,3,6,0,3,4,628608
115,3,6,0,3,5,628608
115,3,6,0,3,6,628608
115,3,6,0,3,7,628608
115,3,6,0,3,8,628608
115,3,6,0,3,9,628608
115,3,6,0,3,10,628608
115,3,6,0,3,11,628608
115,3,6,0,3,12,628608
115,3,6,0,3,13,630656
115,3,6,0,3,14,628608
115,3,6,0,3,15,628608
115,3,6,0,3,16,628608
115,3,6,0,3,17,628608
115,3,6,0,3,18,628608
115,3,6,0,3,19,628608
115,3,6,0,3,20,628608
115,3,6,0,3,21,628608
115,3,6,0,3,22,628608
115,3,6,0,3,23,628608
115,3,6,0,3,24,628608
115,3,6,0,3,25,628608
115,3,6,0,3,26,628608
115,3,6,0,3,27,628608
115,3,6,0,3,28,628608
115,3,6,0,3,29,628608
115,3,6,0,3,30,628608
115,3,6,0,3,31,628608
115,3,6,0,3,32,628608
115,3,6,0,3,33,628608
115,3,6,0,3,34,628608
115,3,6,0,3,35,628608
115,3,6,0,3,36,628608
115,3,6,0,3,37,628608
115,3,6,0,3,38,628608
115,3,6,0,3,39,628608
115,3,6,0,3,40,628608
115,3,6,0,3,41,628608
115,3,6,0,3,42,628608
115,3,6,0,3,43,628608
115,3,6,0,3,44,628608
115,3,6,0,3,45,628608
115,3,6,0,3,46,628608
115,3,6,0,3,47,628608
115,3,6,0,3,48,628608
115,3,6,0,3,49,628608
115,3,6,0,3,50,628608
115,3,6,0,3,51,628608
115,3,6,0,3,52,628608
115,3,6,0,3,53,628608
115,3,6,0,3,54,628608
115,3,6,0,3,55,628608
115,3,6,0,3,56,628608
115,3,6,0,3,57,628608
115,3,6,0,3,58,628608
115,3,6,0,3,59,628608
115,3,6,0,3,60,628608
115,3,6,0,3,61,628608
115,3,6,0,3,62,628608
115,3,6,0,3,63,628608
115,3,6,0,3,64,628608
115,3,6,0,3,65,628608
115,3,6,0,3,66,628608
115,3,6,0,3,67,628608
115,3,6,0,3,68,628608
115,3,6,0,3,69,628608
115,3,6,0,3,70,628608
115,3,6,0,3,71,628608
115,3,6,0,3,72,628608
115,3,6,0,3,73,628608
115,3,6,0,3,74,628608
115,3,6,0,3,75,628608
115,3,6,0,3,76,628608
115,3,6,0,3,77,628608
115,3,6,0,3,78,628608
115,3,6,0,3,79,628608
115,3,6,0,3,80,628608
115,3,6,0,3,81,628608
115,3,6,0,3,82,628608
115,3,6,0,3,83,628608
115,3,6,0,3,84,628608
115,3,6,0,3,85,628608
115,3,6,0,3,86,628608
115,3,6,0,3,87,628608
115,3,6,0,3,88,628608
115,3,6,0,3,89,628608
115,3,6,0,3,90,628608
115,3,6,0,3,91,628608
115,3,6,0,3,92,628608
115,3,6,0,3,93,628608
115,3,6,0,3,94,628608
115,3,6,0,3,95,628608
115,3,6,0,3,96,628608
115,3,6,0,3,97,628608
115,3,6,0,3,98,628608
115,3,6,0,3,99,628608
116,3,6,0,5,0,288234776348565408
116,3,6,0,5,1,288234776348565408
116,3,6,0,5,2,288234776348565408
116,3,6,0,5,3,288234776348565408
116,3,6,0,5,4,288234776348565408
116,3,6,0,5,5,288234776348565408
116,3,6,0,5,6,288234776348565408
116,3,6,0,5,7,288234776348565408
116,3,6,0,5,8,288234776348565408
116,3,6,0,5,9,288234776348565408
116,3,6,0,5,10,288234776348565408
116,3,6,0,5,11,288234776348565408
116,3,6,0,5,12,288234776348565408
116,3,6,0,5,13,288234776348565408
116,3,6,0,5,14,288234776348565408
116,3,6,0,5,15,288234776348565408
116,3,6,0,5,16,288234776348565408
116,3,6,0,5,17,288234776348565408
116,3,6,0,5,18,288234776348565408
116,3,6,0,5,19,288234776348565408
116,3,6,0,5,20,288234776348565408
116,3,6,0,5,21,288234776348565408
116,3,6,0,5,22,288234776348565408
116,3,6,0,5,23,288234776348565408
116,3,6,0,5,24,288234776348565408
116,3,6,0,5,25,288234776348565408
116,3,6,0,5,26,288234776348565408
116,3,6,0,5,27,288234776348565408
116,3,6,0,5,28,288234776348565408
116,3,6,0,5,29,288234776348565408
116,3,6,0,5,30,288234776348565408
116,3,6,0,5,31,288234776348565408
116,3,6,0,5,32,288234776348565408
116,3,6,0,5,33,288234776348565408
116,3,6,0,5,34,288234776348565408
116,3,6,0,5,35,288234776348565408
116,3,6,0,5,36,288234776348565408
116,3,6,0,5,37,288234776348565408
116,3,6,0,5,38,288234776348565408
116,3,6,0,5,39,288234776348565408
116,3,6,0,5,40,288234776348565408
116,3,6,0,5,41,288234776348565408
116,3,6,0,5,42,288234776348565408
116,3,6,0,5,43,288234776348565408
116,3,6,0,5,44,288234776348565408
116,3,6,0,5,45,288234776348565408
116,3,6,0,5,46,288234776348565408
116,3,6,0,5,47,288234776348565408
116,3,6,0,5,48,288234776348565408
116,3,6,0,5,49,288234776348565408
116,3,6,0,5,50,288234776348565408
116,3,6,0,5,51,288234776348565408
116,3,6,0,5,52,288234776348565408
116,3,6,0,5,53,288234776348565408
116,3,6,0,5,54,288234776348565408
116,3,6,0,5,55,288234776348565408
116,3,6,0,5,56,288234776348565408
116,3,6,0,5,57,288234776348565408
116,3,6,0,5,58,288234776348565408
116,3,6,0,5,59,288234776348565408
116,3,6,0,5,60,288234776348565408
116,3,6,0,5,61,288234776348565408
116,3,6,0,5,62,288234776348565408
116,3,6,0,5,63,288234776348565408
116,3,6,0,5,64,288234776348565408
116,3,6,0,5,65,288234776348565408
116,3,6,0,5,66,288234776348565408
116,3,6,0,5,67,288234776348565408
116,3,6,0,5,68,288234776348565408
116,3,6,0,5,69,288234776348565408
116,3,6,0,5,70,288234776348565408
116,3,6,0,5,71,288234776348565408
116,3,6,0,5,72,288234776348565408
116,3,6,0,5,73,288234776348565408
116,3,6,0,5,74,288234776348565408
116,3,6,0,5,75,288234776348565408
116,3,6,0,5,76,288234776348565408
116,3,6,0,5,77,288234776348565408
116,3,6,0,5,78,288234776348565408
116,3,6,0,5,79,288234776348565408
116,3,6,0,5,80,288234776348565408
116,3,6,0,5,81,288234776348565408
116,3,6,0,5,82,288234776348565408
116,3,6,0,5,83,288234776348565408
116,3,6,0,5,84,288234776348565408
116,3,6,0,5,85,288234776348565408
116,3,6,0,5,86,288234776348565408
116,3,6,0,5,87,288234776348565408
116,3,6,0,5,88,288234776348565408
116,3,6,0,5,89,288234776348565408
116,3,6,0,5,90,288234776348565408
116,3,6,0,5,91,288234776348565408
116,3,6,0,5,92,288234776348565408
116,3,6,0,5,93,288234776348565408
116,3,6,0,5,94,288234776348565408
116,3,6,0,5,95,288234776348565408
116,3,6,0,5,96,288234776348565408
116,3,6,0,5,97,288234776348565408
116,3,6,0,5,98,288234776348565408
116,3,6,0,5,99,288234776348565408
117,3,6,0,7,0,2150342560
117,3,6,0,7,1,2150342560
117,3,6,0,7,2,2150342560
117,3,6,0,7,3,2150342560
117,3,6,0,7,4,2150342560
117,3,6,0,7,5,2150342560
117,3,6,0,7,6,2150342560
117,3,6,0,7,7,2150342560
117,3,6,0,7,8,2150342560
117,3,6,0,7,9,2150342560
117,3,6,0,7,10,2150211488
117,3,6,0,7,11,2150342560
117,3,6,0,7,12,2150342560
117,3,6,0,7,13,2150342560
117,3,6,0,7,14,2150342560
117,3,6,0,7,15,2150342560
117,3,6,0,7,16,2150342560
117,3,6,0,7,17,2150342560
117,3,6,0,7,18,2150342560
117,3,6,0,7,19,2150342560
117,3,6,0,7,20,2150342560
117,3,6,0,7,21,2150342560
117,3,6,0,7,22,2150211488
117,3,6,0,7,23,2150211488
117,3,6,0,7,24,2150342560
117,3,6,0,7,25,2150342560
117,3,6,0,7,26,2150342560
117,3,6,0,7,27,2150342560
117,3,6,0,7,28,2150342560
117,3,6,0,7,29,2150342560
117,3,6,0,7,30,2150342560
117,3,6,0,7,31,2150342560
117,3,6,0,7,32,2150342560
117,3,6,0,7,33,2150342560
117,3,6,0,7,34,2150342560
117,3,6,0,7,35,2150342560
117,3,6,0,7,36,2150342560
117,3,6,0,7,37,2150342560
117,3,6,0,7,38,2150211488
117,3,6,0,7,39,2150211488
117,3,6,0,7,40,2150211488
117,3,6,0,7,41,2150342560
117,3,6,0,7,42,2150342560
117,3,6,0,7,43,2150342560
117,3,6,0,7,44,2150342560
117,3,6,0,7,45,2150342560
117,3,6,0,7,46,2150342560
117,3,6,0,7,47,2150211488
117,3,6,0,7,48,2150342560
117,3,6,0,7,49,2150342560
117,3,6,0,7,50,2150211488
117,3,6,0,7,51,2150211488
117,3,6,0,7,52,2150342560
117,3,6,0,7,53,2150342560
117,3,6,0,7,54,2150211488
117,3,6,0,7,55,2150342560
117,3,6,0,7,56,2150342560
117,3,6,0,7,57,2150342560
117,3,6,0,7,58,2150342560
117,3,6,0,7,59,2150342560
117,3,6,0,7,60,2150342560
117,3,6,0,7,61,2150342560
117,3,6,0,7,62,2150342560
117,3,6,0,7,63,2150342560
117,3,6,0,7,64,2150342560
117,3,6,0,7,65,2150342560
117,3,6,0,7,66,2150342560
117,3,6,0,7,67,2150342560
117,3,6,0,7,68,2150342560
117,3,6,0,7,69,2150211488
117,3,6,0,7,70,2150211488
117,3,6,0,7,71,2150211488
117,3,6,0,7,72,2150342560
117,3,6,0,7,73,2150342560
117,3,6,0,7,74,2150342560
117,3,6,0,7,75,2150342560
117,3,6,0,7,76,2150211488
117,3,6,0,7,77,2150342560
117,3,6,0,7,78,2150342560
117,3,6,0,7,79,2150342560
117,3,6,0,7,80,2150342560
117,3,6,0,7,81,2150342560
117,3,6,0,7,82,2150342560
117,3,6,0,7,83,2150342560
117,3,6,0,7,84,2150342560
117,3,6,0,7,85,2150342560
117,3,6,0,7,86,2150211488
117,3,6,0,7,87,2150342560
117,3,6,0,7,88,2150211488
117,3,6,0,7,89,2150342560
117,3,6,0,7,90,2150342560
117,3,6,0,7,91,2150342560
117,3,6,0,7,92,2150342560
117,3,6,0,7,93,2150342560
117,3,6,0,7,94,2150342560
117,3,6,0,7,95,2150342560
117,3,6,0,7,96,2150342560
117,3,6,0,7,97,2150342560
117,3,6,0,7,98,2150342560
117,3,6,0,7,99,2150342560
118,3,7,0,0,0,12826006543624708112
118,3,7,0,0,1,12826006543624708112
118,3,7,0,0,2,12826006543624708112
118,3,7,0,0,3,12826006543624708112
118,3,7,0,0,4,12826006543624708112
118,3,7,0,0,5,12826006543624708112
118,3,7,0,0,6,12826006543624708112
118,3,7,0,0,7,12826006543624708112
118,3,7,0,0,8,12826006543624708112
118,3,7,0,0,9,12826006543624708112
118,3,7,0,0,10,12826006543624708112
118,3,7,0,0,11,12826006543624708112
118,3,7,0,0,12,12826006543624708112
118,3,7,0,0,13,12826006543624708112
118,3,7,0,0,14,12826006543624708112
118,3,7,0,0,15,12826006543624708112
118,3,7,0,0,16,12826006543624708112
118,3,7,0,0,17,12826006543624708112
118,3,7,0,0,18,12826006543624708112
118,3,7,0,0,19,12826006543624708112
118,3,7,0,0,20,12826006543624708112
118,3,7,0,0,21,12826006543624708112
118,3,7,0,0,22,12826006543624708112
118,3,7,0,0,23,12826006543624708112
118,3,7,0,0,24,12826006543624708112
118,3,7,0,0,25,12826006543624708112
118,3,7,0,0,26,12826006543624708112
118,3,7,0,0,27,12826006543624708112
118,3,7,0,0,28,12826006543624708112
118,3,7,0,0,29,12826006543624708112
118,3,7,0,0,30,12826006543624708112
118,3,7,0,0,31,12826006543624708112
118,3,7,0,0,32,12826006543624708112
118,3,7,0,0,33,12826006543624708112
118,3,7,0,0,34,12826006543624708112
118,3,7,0,0,35,12826006543624708112
118,3,7,0,0,36,12826006543624708112
118,3,7,0,0,37,12826006543624708112
118,3,7,0,0,38,12826006543624708112
118,3,7,0,0,39,12826006543624708112
118,3,7,0,0,40,12826006543624708112
118,3,7,0,0,41,12826006543624708112
118,3,7,0,0,42,12826006543624708112
118,3,7,0,0,43,12826006543624708112
118,3,7,0,0,44,12826006543624708112
118,3,7,0,0,45,12826006543624708112
118,3,7,0,0,46,12826006543624708112
118,3,7,0,0,47,12826006543624708112
118,3,7,0,0,48,12826006543624708112
118,3,7,0,0,49,12826006543624708112
118,3,7,0,0,50,12826006543624708112
118,3,7,0,0,51,12826006543624708112
118,3,7,0,0,52,12826006543624708112
118,3,7,0,0,53,12826006543624708112
118,3,7,0,0,54,12826006543624708112
118,3,7,0,0,55,12826006543624708112
118,3,7,0,0,56,12826006543624708112
118,3,7,0,0,57,12826006543624708112
118,3,7,0,0,58,12826006543624708112
118,3,7,0,0,59,12826006543624708112
118,3,7,0,0,60,12826006543624708112
118,3,7,0,0,61,12826006543624708112
118,3,7,0,0,62,12826006543624708112
118,3,7,0,0,63,12826006543624708112
118,3,7,0,0,64,12826006543624708112
118,3,7,0,0,65,12826006543624708112
118,3,7,0,0,66,12826006543624708112
118,3,7,0,0,67,12826006543624708112
118,3,7,0,0,68,12826006543624708112
118,3,7,0,0,69,12826006543624708112
118,3,7,0,0,70,12826006543624708112
118,3,7,0,0,71,12826006543624708112
118,3,7,0,0,72,12826006543624708112
118,3,7,0,0,73,12826006543624708112
118,3,7,0,0,74,12826006543624708112
118,3,7,0,0,75,12826006543624708112
118,3,7,0,0,76,12826006543624708112
118,3,7,0,0,77,12826006543624708112
118,3,7,0,0,78,12826006543624708112
118,3,7,0,0,79,12826006543624708112
118,3,7,0,0,80,12826006543624708112
118,3,7,0,0,81,12826006543624708112
118,3,7,0,0,82,12826006543624708112
118,3,7,0,0,83,12826006543624708112
118,3,7,0,0,84,12826006543624708112
118,3,7,0,0,85,12826006543624708112
118,3,7,0,0,86,12826006543624708112
118,3,7,0,0,87,12826006543624708112
118,3,7,0,0,88,12826006543624708112
118,3,7,0,0,89,12826006543624708112
118,3,7,0,0,90,12826006543624708112
118,3,7,0,0,91,12826006543624708112
118,3,7,0,0,92,12826006543624708112
118,3,7,0,0,93,12826006543624708112
118,3,7,0,0,94,12826006543624708112
118,3,7,0,0,95,12826006543624708112
118,3,7,0,0,96,12826006543624708112
118,3,7,0,0,97,12826006543624708112
118,3,7,0,0,98,12826006543624708112
118,3,7,0,0,99,12826006543624708112
119,3,7,0,2,0,19703793932566528
119,3,7,0,2,1,19703793932566528
119,3,7,0,2,2,19703793932566528
119,3,7,0,2,3,19703793932566528
119,3,7,0,2,4,19703793932566528
119,3,7,0,2,5,19703793932566528
119,3,7,0,2,6,19703793932566528
119,3,7,0,2,7,19703793932566528
119,3,7,0,2,8,19703793932566528
119,3,7,0,2,9,19703793932566528
119,3,7,0,2,10,19703793932566528
119,3,7,0,2,11,19703793932566528
119,3,7,0,2,12,19703793932566528
119,3,7,0,2,13,19703793932566528
119,3,7,0,2,14,19703793932566528
119,3,7,0,2,15,19703793932566528
119,3,7,0,2,16,19703793932566528
119,3,7,0,2,17,19703793932566528
119,3,7,0,2,18,19703793932566528
119,3,7,0,2,19,19703793932566528
119,3,7,0,2,20,19703793932566528
119,3,7,0,2,21,19703793932566528
119,3,7,0,2,22,19703793932566528
119,3,7,0,2,23,19703793932566528
119,3,7,0,2,24,19703793932566528
119,3,7,0,2,25,19703793932566528
119,3,7,0,2,26,19703793932566528
119,3,7,0,2,27,19703793932566528
119,3,7,0,2,28,19703793932566528
119,3,7,0,2,29,19703793932566528
119,3,7,0,2,30,19703793932566528
119,3,7,0,2,31,19703793932566528
119,3,7,0,2,32,19703793932566528
119,3,7,0,2,33,19703793932566528
119,3,7,0,2,34,19703793932566528
119,3,7,0,2,35,19703793932566528
119,3,7,0,2,36,19703793932566528
119,3,7,0,2,37,19703793932566528
119,3,7,0,2,38,19703793932566528
119,3,7,0,2,39,19703793932566528
119,3,7,0,2,40,19703793932566528
119,3,7,0,2,41,19703793932566528
119,3,7,0,2,42,19703793932566528
119,3,7,0,2,43,19703793932566528
119,3,7,0,2,44,19703793932566528
119,3,7,0,2,45,19703793932566528
119,3,7,0,2,46,19703793932566528
119,3,7,0,2,47,19703793932566528
119,3,7,0,2,48,19703793932566528
119,3,7,0,2,49,19703793932566528
119,3,7,0,2,50,19703793932566528
119,3,7,0,2,51,19703793932566528
119,3,7,0,2,52,19703793932566528
119,3,7,0,2,53,19703793932566528
119,3,7,0,2,54,19703793932566528
119,3,7,0,2,55,19703793932566528
119,3,7,0,2,56,19703793932566528
119,3,7,0,2,57,19703793932566528
119,3,7,0,2,58,19703793932566528
119,3,7,0,2,59,19703793932566528
119,3,7,0,2,60,19703793932566528
119,3,7,0,2,61,19703793932566528
119,3,7,0,2,62,19703793932566528
119,3,7,0,2,63,19703793932566528
119,3,7,0,2,64,19703793932566528
119,3,7,0,2,65,19703793932566528
119,3,7,0,2,66,19703793932566528
119,3,7,0,2,67,19703793932566528
119,3,7,0,2,68,19703793932566528
119,3,7,0,2,69,19703793932566528
119,3,7,0,2,70,19703793932566528
119,3,7,0,2,71,19703793932566528
119,3,7,0,2,72,19703793932566528
119,3,7,0,2,73,19703793932566528
119,3,7,0,2,74,19703793932566528
119,3,7,0,2,75,19703793932566528
119,3,7,0,2,76,19703793932566528
119,3,7,0,2,77,19703793932566528
119,3,7,0,2,78,19703793932566528
119,3,7,0,2,79,19703793932566528
119,3,7,0,2,80,19703793932566528
119,3,7,0,2,81,19703793932566528
119,3,7,0,2,82,19703793932566528
119,3,7,0,2,83,19703793932566528
119,3,7,0,2,84,19703793932566528
119,3,7,0,2,85,19703793932566528
119,3,7,0,2,86,19703793932566528
119,3,7,0,2,87,19703793932566528
119,3,7,0,2,88,19703793932566528
119,3,7,0,2,89,19703793932566528
119,3,7,0,2,90,19703793932566528
119,3,7,0,2,91,19703793932566528
119,3,7,0,2,92,19703793932566528
119,3,7,0,2,93,19703793932566528
119,3,7,0,2,94,19703793932566528
119,3,7,0,2,95,19703793932566528
119,3,7,0,2,96,19703793932566528
119,3,7,0,2,97,19703793932566528
119,3,7,0,2,98,19703793932566528
119,3,7,0,2,99,19703793932566528
120,3,7,0,4,0,12826006543624708112
120,3,7,0,4,1,12826006543624708112
120,3,7,0,4,2,12826006543624708112
120,3,7,0,4,3,12826006543624708112
120,3,7,0,4,4,12826006543624708112
120,3,7,0,4,5,12826006543624708112
120,3,7,0,4,6,12826006543624708112
120,3,7,0,4,7,12826006543624708112
120,3,7,0,4,8,12826006543624708112
120,3,7,0,4,9,12826006543624708112
120,3,7,0,4,10,12826006543624708112
120,3,7,0,4,11,12826006543624708112
120,3,7,0,4,12,12826006543624708112
120,3,7,0,4,13,12826006543624708112
120,3,7,0,4,14,12826006543624708112
120,3,7,0,4,15,12826006543624708112
120,3,7,0,4,16,12826006543624708112
120,3,7,0,4,17,12826006543624708112
120,3,7,0,4,18,12826006543624708112
120,3,7,0,4,19,12826006543624708112
120,3,7,0,4,20,12826006543624708112
120,3,7,0,4,21,12826006543624708112
120,3,7,0,4,22,12826006543624708112
120,3,7,0,4,23,12826006543624708112
120,3,7,0,4,24,12826006543624708112
120,3,7,0,4,25,12826006543624708112
120,3,7,0,4,26,12826006543624708112
120,3,7,0,4,27,12826006543624708112
120,3,7,0,4,28,12826006543624708112
120,3,7,0,4,29,12826006543624708112
120,3,7,0,4,30,12826006543624708112
120,3,7,0,4,31,12826006543624708112
120,3,7,0,4,32,12826006543624708112
120,3,7,0,4,33,12826006543624708112
120,3,7,0,4,34,12826006543624708112
120,3,7,0,4,35,12826006543624708112
120,3,7,0,4,36,12826006543624708112
120,3,7,0,4,37,12826006543624708112
120,3,7,0,4,38,12826006543624708112
120,3,7,0,4,39,12826006543624708112
120,3,7,0,4,40,12826006543624708112
120,3,7,0,4,41,12826006543624708112
120,3,7,0,4,42,12826006543624708112
120,3,7,0,4,43,12826006543624708112
120,3,7,0,4,44,12826006543624708112
120,3,7,0,4,45,12826006543624708112
120,3,7,0,4,46,12826006543624708112
120,3,7,0,4,47,12826006543624708112
120,3,7,0,4,48,12826006543624708112
120,3,7,0,4,49,12826006543624708112
120,3,7,0,4,50,12826006543624708112
120,3,7,0,4,51,12826006543624708112
120,3,7,0,4,52,12826006543624708112
120,3,7,0,4,53,12826006543624708112
120,3,7,0,4,54,12826006543624708112
120,3,7,0,4,55,12826006543624708112
120,3,7,0,4,56,12826006543624708112
120,3,7,0,4,57,12826006543624708112
120,3,7,0,4,58,12826006543624708112
120,3,7,0,4,59,12826006543624708112
120,3,7,0,4,60,12826006543624708112
120,3,7,0,4,61,12826006543624708112
120,3,7,0,4,62,12826006543624708112
120,3,7,0,4,63,12826006543624708112
120,3,7,0,4,64,12826006543624708112
120,3,7,0,4,65,12826006543624708112
120,3,7,0,4,66,12826006543624708112
120,3,7,0,4,67,12826006543624708112
120,3,7,0,4,68,12826006543624708112
120,3,7,0,4,69,12826006543624708112
120,3,7,0,4,70,12826006543624708112
120,3,7,0,4,71,12826006543624708112
120,3,7,0,4,72,12826006543624708112
120,3,7,0,4,73,12826006543624708112
120,3,7,0,4,74,12826006543624708112
120,3,7,0,4,75,12826006543624708112
120,3,7,0,4,76,12826006543624708112
120,3,7,0,4,77,12826006543624708112
120,3,7,0,4,78,12826006543624708112
120,3,7,0,4,79,12826006543624708112
120,3,7,0,4,80,12826006543624708112
120,3,7,0,4,81,12826006543624708112
120,3,7,0,4,82,12826006543624708112
120,3,7,0,4,83,12826006543624708112
120,3,7,0,4,84,12826006543624708112
120,3,7,0,4,85,12826006543624708112
120,3,7,0,4,86,12826006543624708112
120,3,7,0,4,87,12826006543624708112
120,3,7,0,4,88,12826006543624708112
120,3,7,0,4,89,12826006543624708112
120,3,7,0,4,90,12826006543624708112
120,3,7,0,4,91,12826006543624708112
120,3,7,0,4,92,12826006543624708112
120,3,7,0,4,93,12826006543624708112
120,3,7,0,4,94,12826006543624708112
120,3,7,0,4,95,12826006543624708112
120,3,7,0,4,96,12826006543624708112
120,3,7,0,4,97,12826006543624708112
120,3,7,0,4,98,12826006543624708112
120,3,7,0,4,99,12826006543624708112
121,3,7,0,6,0,12826006543607791616
121,3,7,0,6,1,12826006543607791616
121,3,7,0,6,2,12826006543624699904
121,3,7,0,6,3,12826006543624568832
121,3,7,0,6,4,12826006543624699904
121,3,7,0,6,5,12826006543624699904
121,3,7,0,6,6,12826006543624699904
121,3,7,0,6,7,12826006543624699904
121,3,7,0,6,8,12826006543624699904
121,3,7,0,6,9,12826006543624699904
121,3,7,0,6,10,12826006543624699904
121,3,7,0,6,11,12826006543624568832
121,3,7,0,6,12,12826006543624568832
121,3,7,0,6,13,12826006543624699904
121,3,7,0,6,14,12826006543624568832
121,3,7,0,6,15,12826006543624699904
121,3,7,0,6,16,12826006543624568832
121,3,7,0,6,17,12826006543624699904
121,3,7,0,6,18,12826006543624568832
121,3,7,0,6,19,12826006543624699904
121,3,7,0,6,20,12826006543624699904
121,3,7,0,6,21,12826006543624699904
121,3,7,0,6,22,12826006543624568832
121,3,7,0,6,23,12826006543624699904
121,3,7,0,6,24,12826006543624568832
121,3,7,0,6,25,12826006543624699904
121,3,7,0,6,26,12826006543624699904
121,3,7,0,6,27,12826006543624699904
121,3,7,0,6,28,12826006543624568832
121,3,7,0,6,29,12826006543624699904
121,3,7,0,6,30,12826006543624568832
121,3,7,0,6,31,12826006543624568832
121,3,7,0,6,32,12826006543624699904
121,3,7,0,6,33,12826006543624568832
121,3,7,0,6,34,12826006543624568832
121,3,7,0,6,35,12826006543624699904
121,3,7,0,6,36,12826006543624699904
121,3,7,0,6,37,12826006543624699904
121,3,7,0,6,38,12826006543624568832
121,3,7,0,6,39,12826006543624568832
121,3,7,0,6,40,12826006543624699904
121,3,7,0,6,41,12826006543624699904
121,3,7,0,6,42,12826006543624568832
121,3,7,0,6,43,12826006543624699904
121,3,7,0,6,44,12826006543624699904
121,3,7,0,6,45,12826006543624699904
121,3,7,0,6,46,12826006543624568832
121,3,7,0,6,47,12826006543624699904
121,3,7,0,6,48,12826006543624568832
121,3,7,0,6,49,12826006543624568832
121,3,7,0,6,50,12826006543624699904
121,3,7,0,6,51,12826006543624568832
121,3,7,0,6,52,12826006543624699904
121,3,7,0,6,53,12826006543624699904
121,3,7,0,6,54,12826006543624699904
121,3,7,0,6,55,12826006543624568832
121,3,7,0,6,56,12826006543624699904
121,3,7,0,6,57,12826006543624568832
121,3,7,0,6,58,12826006543624568832
121,3,7,0,6,59,12826006543624568832
121,3,7,0,6,60,12826006543624699904
121,3,7,0,6,61,12826006543624699904
121,3,7,0,6,62,12826006543624568832
121,3,7,0,6,63,12826006543624699904
121,3,7,0,6,64,12826006543607791616
121,3,7,0,6,65,12826006543624699904
121,3,7,0,6,66,12826006543624699904
121,3,7,0,6,67,12826006543624699904
121,3,7,0,6,68,12826006543624699904
121,3,7,0,6,69,12826006543624699904
121,3,7,0,6,70,12826006543624699904
121,3,7,0,6,71,12826006543624699904
121,3,7,0,6,72,12826006543624699904
121,3,7,0,6,73,12826006543624699904
121,3,7,0,6,74,12826006543624699904
121,3,7,0,6,75,12826006543624699904
121,3,7,0,6,76,12826006543624568832
121,3,7,0,6,77,12826006543624699904
121,3,7,0,6,78,12826006543624699904
121,3,7,0,6,79,12826006543624699904
121,3,7,0,6,80,12826006543624699904
121,3,7,0,6,81,12826006543624568832
121,3,7,0,6,82,12826006543607791616
121,3,7,0,6,83,12826006543624568832
121,3,7,0,6,84,12826006543607791616
121,3,7,0,6,85,12826006543624568832
121,3,7,0,6,86,12826006543624699904
121,3,7,0,6,87,12826006543624699904
121,3,7,0,6,88,12826006543624568832
121,3,7,0,6,89,12826006543624568832
121,3,7,0,6,90,12826006543624699904
121,3,7,0,6,91,12826006543624568832
121,3,7,0,6,92,12826006543624568832
121,3,7,0,6,93,12826006543624699904
121,3,7,0,6,94,12826006543624568832
121,3,7,0,6,95,12826006543624568832
121,3,7,0,6,96,12826006543624568832
121,3,7,0,6,97,12826006543624699904
121,3,7,0,6,98,12826006543624699904
121,3,7,0,6,99,12826006543624568832
122,3,0,1,0,0,18444457088391290798
122,3,0,1,0,1,18444457088391290798
122,3,0,1,0,2,18444457088389193646
122,3,0,1,0,3,18444457088391290798
122,3,0,1,0,4,18444457088389193646
122,3,0,1,0,5,18444457088389193646
122,3,0,1,0,6,18444457088389193646
122,3,0,1,0,7,18444457088391290798
122,3,0,1,0,8,18444457088389193646
122,3,0,1,0,9,18444457088391290798
122,3,0,1,0,10,18444457088391290798
122,3,0,1,0,11,18444457088389193646
122,3,0,1,0,12,18444457088389193646
122,3,0,1,0,13,18444457088389193646
122,3,0,1,0,14,18446708888204976046
122,3,0,1,0,15,18446708888204976046
122,3,0,1,0,16,18446708888204976046
122,3,0,1,0,17,18444457088391290798
122,3,0,1,0,18,18444457088391290798
122,3,0,1,0,19,18444457088391290798
122,3,0,1,0,20,18444457088391290798
122,3,0,1,0,21,18444457088391290798
122,3,0,1,0,22,18444457088391290798
122,3,0,1,0,23,18444457088389193646
122,3,0,1,0,24,18444457088389193646
122,3,0,1,0,25,18446708888204976046
122,3,0,1,0,26,18444457088391290798
122,3,0,1,0,27,18444457088391290798
122,3,0,1,0,28,18444457088389193646
122,3,0,1,0,29,18444457088391290798
122,3,0,1,0,30,18444457088391290798
122,3,0,1,0,31,18444457088389193646
122,3,0,1,0,32,18444457088391290798
122,3,0,1,0,33,18444457088389193646
122,3,0,1,0,34,18444457088391290798
122,3,0,1,0,35,18444457088389193646
122,3,0,1,0,36,18444457088391290798
122,3,0,1,0,37,18444457088391290798
122,3,0,1,0,38,18444457088389193646
122,3,0,1,0,39,18444457088389193646
122,3,0,1,0,40,18444457088389193646
122,3,0,1,0,41,18444457088389193646
122,3,0,1,0,42,18446708888204976046
122,3,0,1,0,43,18444457088389193646
122,3,0,1,0,44,18444457088391290798
122,3,0,1,0,45,18444457088389193646
122,3,0,1,0,46,18444457088389193646
122,3,0,1,0,47,18444457088391290798
122,3,0,1,0,48,18444457088389193646
122,3,0,1,0,49,18444457088389193646
122,3,0,1,0,50,18444457088391290798
122,3,0,1,0,51,18444457088391290798
122,3,0,1,0,52,18444457088391290798
122,3,0,1,0,53,18444457088389193646
122,3,0,1,0,54,18444457088389193646
122,3,0,1,0,55,18444457088391290798
122,3,0,1,0,56,18444457088391290798
122,3,0,1,0,57,18444457088391290798
122,3,0,1,0,58,18444457088391290798
122,3,0,1,0,59,18444457088389193646
122,3,0,1,0,60,18444457088391290798
122,3,0,1,0,61,18444457088391290798
122,3,0,1,0,62,18444457088391290798
122,3,0,1,0,63,18444457088391290798
122,3,0,1,0,64,18444457088389193646
122,3,0,1,0,65,18444457088389193646
122,3,0,1,0,66,18444457088389193646
122,3,0,1,0,67,18444457088389193646
122,3,0,1,0,68,18444457088391290798
122,3,0,1,0,69,18444457088391290798
122,3,0,1,0,70,18444457088391290798
122,3,0,1,0,71,18444457088391290798
122,3,0,1,0,72,18444457088391290798
122,3,0,1,0,73,18444457088391290798
122,3,0,1,0,74,18444457088391290798
122,3,0,1,0,75,18444457088391290798
122,3,0,1,0,76,18444457088389193646
122,3,0,1,0,77,18444457088389193646
122,3,0,1,0,78,18444457088391290798
122,3,0,1,0,79,18444457088389193646
122,3,0,1,0,80,18444457088391290798
122,3,0,1,0,81,18444457088391290798
122,3,0,1,0,82,18444457088391290798
122,3,0,1,0,83,18444457088391290798
122,3,0,1,0,84,18444457088391290798
122,3,0,1,0,85,18444457088391290798
122,3,0,1,0,86,18444457088389193646
122,3,0,1,0,87,18444457088389193646
122,3,0,1,0,88,18444457088389193646
122,3,0,1,0,89,18444457088389193646
122,3,0,1,0,90,18444457088389193646
122,3,0,1,0,91,18444457088391290798
122,3,0,1,0,92,18444457088389193646
122,3,0,1,0,93,18444457088391290798
122,3,0,1,0,94,18444457088391290798
122,3,0,1,0,95,18444457088389193646
122,3,0,1,0,96,18444457088389193646
122,3,0,1,0,97,18444457088391290798
122,3,0,1,0,98,18444457088391290798
122,3,0,1,0,99,18444457088391290798
123,3,0,1,2,0,9220873876112514986
123,3,0,1,2,1,9220873876112514986
123,3,0,1,2,2,9220873876112514986
123,3,0,1,2,3,9220873876112514986
123,3,0,1,2,4,9220873876112514986
123,3,0,1,2,5,9220873876112514986
123,3,0,1,2,6,9220873876112514986
123,3,0,1,2,7,9220873876112514986
123,3,0,1,2,8,9220873876112514986
123,3,0,1,2,9,9220873876112514986
123,3,0,1,2,10,9220873876112514986
123,3,0,1,2,11,9220873876112514986
123,3,0,1,2,12,9220873876112514986
123,3,0,1,2,13,9220873876112514986
123,3,0,1,2,14,9220873876112514986
123,3,0,1,2,15,9220873876112514986
123,3,0,1,2,16,9220873876112514986
123,3,0,1,2,17,9220873876112514986
123,3,0,1,2,18,9220873876112514986
123,3,0,1,2,19,9220873876112514986
123,3,0,1,2,20,9220873876112514986
123,3,0,1,2,21,9220873876112514986
123,3,0,1,2,22,9220873876112514986
123,3,0,1,2,23,9220873876112514986
123,3,0,1,2,24,9220873876112514986
123,3,0,1,2,25,9220873876112514986
123,3,0,1,2,26,9220873876112514986
123,3,0,1,2,27,9220873876112514986
123,3,0,1,2,28,9220873876112514986
123,3,0,1,2,29,9220873876112514986
123,3,0,1,2,30,9220873876112514986
123,3,0,1,2,31,9220873876112514986
123,3,0,1,2,32,9220873876112514986
123,3,0,1,2,33,9220873876112514986
123,3,0,1,2,34,9220873876112514986
123,3,0,1,2,35,9220873876112514986
123,3,0,1,2,36,9220873876112514986
123,3,0,1,2,37,9220873876112514986
123,3,0,1,2,38,9220873876112514986
123,3,0,1,2,39,9220873876112514986
123,3,0,1,2,40,9220873876112514986
123,3,0,1,2,41,9220873876112514986
123,3,0,1,2,42,9220873876112514986
123,3,0,1,2,43,9220873876112514986
123,3,0,1,2,44,9220873876112514986
123,3,0,1,2,45,9220873876112514986
123,3,0,1,2,46,9220873876112514986
123,3,0,1,2,47,9220873876112514986
123,3,0,1,2,48,9220873876112514986
123,3,0,1,2,49,9220873876112514986
123,3,0,1,2,50,9220873876112514986
123,3,0,1,2,51,9220873876112514986
123,3,0,1,2,52,9220873876112514986
123,3,0,1,2,53,9220873876112514986
123,3,0,1,2,54,9220873876112514986
123,3,0,1,2,55,9220873876112514986
123,3,0,1,2,56,9220873876112514986
123,3,0,1,2,57,9220873876112514986
123,3,0,1,2,58,9220873876112514986
123,3,0,1,2,59,9220873876112514986
123,3,0,1,2,60,9220873876112514986
123,3,0,1,2,61,9220873876112514986
123,3,0,1,2,62,9220873876112514986
123,3,0,1,2,63,9220873876112514986
123,3,0,1,2,64,9220873876112514986
123,3,0,1,2,65,9220873876112514986
123,3,0,1,2,66,9220873876112514986
123,3,0,1,2,67,9220873876112514986
123,3,0,1,2,68,9220873876112514986
123,3,0,1,2,69,9220873875575644074
123,3,0,1,2,70,9220873876112514986
123,3,0,1,2,71,9220873876112514986
123,3,0,1,2,72,9220873876112514986
123,3,0,1,2,73,9220873876112514986
123,3,0,1,2,74,9220873876112514986
123,3,0,1,2,75,9220873876112514986
123,3,0,1,2,76,9220873876112514986
123,3,0,1,2,77,9220873876112514986
123,3,0,1,2,78,9220873876112514986
123,3,0,1,2,79,9220873876112514986
123,3,0,1,2,80,9220873876112514986
123,3,0,1,2,81,9220873876112514986
123,3,0,1,2,82,9220873876112514986
123,3,0,1,2,83,9220873876112514986
123,3,0,1,2,84,9220873876112514986
123,3,0,1,2,85,9220873875575644074
123,3,0,1,2,86,9220873876112514986
123,3,0,1,2,87,9220873876112514986
123,3,0,1,2,88,9220873876112514986
123,3,0,1,2,89,9220873876112514986
123,3,0,1,2,90,9220873876112514986
123,3,0,1,2,91,9220873876112514986
123,3,0,1,2,92,9220873876112514986
123,3,0,1,2,93,9220873876112514986
123,3,0,1,2,94,9220873876112514986
123,3,0,1,2,95,9220873876112514986
123,3,0,1,2,96,9220873876112514986
123,3,0,1,2,97,9220873876112514986
123,3,0,1,2,98,9220873876112514986
123,3,0,1,2,99,9220873876112514986
124,3,0,1,4,0,18446708888204976063
124,3,0,1,4,1,18446708888204976063
124,3,0,1,4,2,18446708888204976063
124,3,0,1,4,3,18446708888204976063
124,3,0,1,4,4,18446708888204976063
124,3,0,1,4,5,18446708888204976063
124,3,0,1,4,6,18446708888204976063
124,3,0,1,4,7,18446708888204976063
124,3,0,1,4,8,18446708888204976063
124,3,0,1,4,9,18446708888204976063
124,3,0,1,4,10,18446708888204976063
124,3,0,1,4,11,18446708888204976063
124,3,0,1,4,12,18446708888204976063
124,3,0,1,4,13,18446708888204976063
124,3,0,1,4,14,18446708888204976063
124,3,0,1,4,15,18446708888204976063
124,3,0,1,4,16,18446708888204976063
124,3,0,1,4,17,18446708888204976063
124,3,0,1,4,18,18446708888204976063
124,3,0,1,4,19,18446708888204976063
124,3,0,1,4,20,18446708888204976063
124,3,0,1,4,21,18446708888204976063
124,3,0,1,4,22,18446708888204976063
124,3,0,1,4,23,18446708888204976063
124,3,0,1,4,24,18446708888204976063
124,3,0,1,4,25,18446708888204976063
124,3,0,1,4,26,18446708888204976063
124,3,0,1,4,27,18446708888204976063
124,3,0,1,4,28,18446708888204976063
124,3,0,1,4,29,18446708888204976063
124,3,0,1,4,30,18446708888204976063
124,3,0,1,4,31,18446708888204976063
124,3,0,1,4,32,18446708888204976063
124,3,0,1,4,33,18446708888204976063
124,3,0,1,4,34,18446708888204976063
124,3,0,1,4,35,18446708888204976063
124,3,0,1,4,36,18446708888204976063
124,3,0,1,4,37,18446708888204976063
124,3,0,1,4,38,18446708888204976063
124,3,0,1,4,39,18446708888204976063
124,3,0,1,4,40,18446708888204976063
124,3,0,1,4,41,18446708888204976063
124,3,0,1,4,42,18446708888204976063
124,3,0,1,4,43,18446708888204976063
124,3,0,1,4,44,18446708888204976063
124,3,0,1,4,45,18446708888204976063
124,3,0,1,4,46,18446708888204976063
124,3,0,1,4,47,18446708888204976063
124,3,0,1,4,48,18446708888204976063
124,3,0,1,4,49,18446708888204976063
124,3,0,1,4,50,18446708888204976063
124,3,0,1,4,51,18446708888204976063
124,3,0,1,4,52,18446708888204976063
124,3,0,1,4,53,18446708888204976063
124,3,0,1,4,54,18446708888204976063
124,3,0,1,4,55,18446708888204976063
124,3,0,1,4,56,18446708888204976063
124,3,0,1,4,57,18446708888204976063
124,3,0,1,4,58,18446708888204976063
124,3,0,1,4,59,18446708888204976063
124,3,0,1,4,60,18446708888204976063
124,3,0,1,4,61,18446708888204976063
124,3,0,1,4,62,18446708888204976063
124,3,0,1,4,63,18446708888204976063
124,3,0,1,4,64,18446708888204976063
124,3,0,1,4,65,18446708888204976063
124,3,0,1,4,66,18446708888204976063
124,3,0,1,4,67,18446708888204976063
124,3,0,1,4,68,18446708888204976063
124,3,0,1,4,69,18446708888204976063
124,3,0,1,4,70,18446708888204976063
124,3,0,1,4,71,18446708888204976063
124,3,0,1,4,72,18446708888204976063
124,3,0,1,4,73,18446708888204976063
124,3,0,1,4,74,18446708888204976063
124,3,0,1,4,75,18446708888204976063
124,3,0,1,4,76,18446708888204976063
124,3,0,1,4,77,18446708888204976063
124,3,0,1,4,78,18446708888204976063
124,3,0,1,4,79,18446708888204976063
124,3,0,1,4,80,18446708888204976063
124,3,0,1,4,81,18446708888204976063
124,3,0,1,4,82,18446708888204976063
124,3,0,1,4,83,18446708888204976063
124,3,0,1,4,84,18446708888204976063
124,3,0,1,4,85,18446708888204976063
124,3,0,1,4,86,18446708888204976063
124,3,0,1,4,87,18446708888204976063
124,3,0,1,4,88,18446708888204976063
124,3,0,1,4,89,18446708888204976063
124,3,0,1,4,90,18446708888204976063
124,3,0,1,4,91,18446708888204976063
124,3,0,1,4,92,18446708888204976063
124,3,0,1,4,93,18446708888204976063
124,3,0,1,4,94,18446708888204976063
124,3,0,1,4,95,18446708888204976063
124,3,0,1,4,96,18446708888204976063
124,3,0,1,4,97,18446708888204976063
124,3,0,1,4,98,18446708888204976063
124,3,0,1,4,99,18446708888204976063
125,3,0,1,6,0,9220873876179623850
125,3,0,1,6,1,9220873876179623850
125,3,0,1,6,2,9220873876179623850
125,3,0,1,6,3,9220873876179623850
125,3,0,1,6,4,9220873876179623850
125,3,0,1,6,5,9220873876179623850
125,3,0,1,6,6,9220873876179623850
125,3,0,1,6,7,9220873876179623850
125,3,0,1,6,8,9220873876179623850
125,3,0,1,6,9,9220873876179623850
125,3,0,1,6,10,9220873876179623850
125,3,0,1,6,11,9220873876179623850
125,3,0,1,6,12,9220873876179623850
125,3,0,1,6,13,9220873876179623850
125,3,0,1,6,14,9220873876179623850
125,3,0,1,6,15,9220873876112514986
125,3,0,1,6,16,9220873876179623850
125,3,0,1,6,17,9220944244923801514
125,3,0,1,6,18,9220873876179623850
125,3,0,1,6,19,9220944244923801514
125,3,0,1,6,20,9220873876179623850
125,3,0,1,6,21,9220873876179623850
125,3,0,1,6,22,9220873876179623850
125,3,0,1,6,23,9220873876179623850
125,3,0,1,6,24,9220873876179623850
125,3,0,1,6,25,9220873876179623850
125,3,0,1,6,26,9220873876179623850
125,3,0,1,6,27,9220873876179623850
125,3,0,1,6,28,9220873876179623850
125,3,0,1,6,29,9220873876179623850
125,3,0,1,6,30,9220873876179623850
125,3,0,1,6,31,9220873876179623850
125,3,0,1,6,32,9220873876179623850
125,3,0,1,6,33,9220944244923801514
125,3,0,1,6,34,9220873876179623850
125,3,0,1,6,35,9220873876179623850
125,3,0,1,6,36,9220873876179623850
125,3,0,1,6,37,9220873876179623850
125,3,0,1,6,38,9220873876179623850
125,3,0,1,6,39,9220873876179623850
125,3,0,1,6,40,9220873876179623850
125,3,0,1,6,41,9220873876179623850
125,3,0,1,6,42,9220873876179623850
125,3,0,1,6,43,9220873876179623850
125,3,0,1,6,44,9220873876112514986
125,3,0,1,6,45,9220873876179623850
125,3,0,1,6,46,9220873876179623850
125,3,0,1,6,47,9220873876179623850
125,3,0,1,6,48,9220873876179623850
125,3,0,1,6,49,9220873876112514986
125,3,0,1,6,50,9220873876179623850
125,3,0,1,6,51,9220873876179623850
125,3,0,1,6,52,9220873876179623850
125,3,0,1,6,53,9220873876179623850
125,3,0,1,6,54,9220873876179623850
125,3,0,1,6,55,9220873876179623850
125,3,0,1,6,56,9220873876112514986
125,3,0,1,6,57,9220873876179623850
125,3,0,1,6,58,9220873876179623850
125,3,0,1,6,59,9220873876179623850
125,3,0,1,6,60,9220873876179623850
125,3,0,1,6,61,9220873876179623850
125,3,0,1,6,62,9220873876179623850
125,3,0,1,6,63,9220873876179623850
125,3,0,1,6,64,9220873876112514986
125,3,0,1,6,65,9220873876179623850
125,3,0,1,6,66,9220873876179623850
125,3,0,1,6,67,9220873876112514986
125,3,0,1,6,68,9220873876179623850
125,3,0,1,6,69,9220873876179623850
125,3,0,1,6,70,9220873876179623850
125,3,0,1,6,71,9220873876179623850
125,3,0,1,6,72,9220873876179623850
125,3,0,1,6,73,9220873876179623850
125,3,0,1,6,74,9220944244923801514
125,3,0,1,6,75,9220873876179623850
125,3,0,1,6,76,9220873876179623850
125,3,0,1,6,77,9220873876179623850
125,3,0,1,6,78,9220873876179623850
125,3,0,1,6,79,9220873876179623850
125,3,0,1,6,80,9220873876179623850
125,3,0,1,6,81,9220873876179623850
125,3,0,1,6,82,9220873876179623850
125,3,0,1,6,83,9220873876179623850
125,3,0,1,6,84,9220873876179623850
125,3,0,1,6,85,9220873876179623850
125,3,0,1,6,86,9220873876112514986
125,3,0,1,6,87,9220873876179623850
125,3,0,1,6,88,9220873876179623850
125,3,0,1,6,89,9220873876112514986
125,3,0,1,6,90,9220873876179623850
125,3,0,1,6,91,9220873876179623850
125,3,0,1,6,92,9220873876179623850
125,3,0,1,6,93,9220873876112514986
125,3,0,1,6,94,9220873876179623850
125,3,0,1,6,95,9220873876179623850
125,3,0,1,6,96,9220873876179623850
125,3,0,1,6,97,9220873876179623850
125,3,0,1,6,98,9220873876179623850
125,3,0,1,6,99,9220873876179623850
126,3,1,1,1,0,11533190958761271376
126,3,1,1,1,1,11533190958761271376
126,3,1,1,1,2,11533190958761271376
126,3,1,1,1,3,11533190958761271376
126,3,1,1,1,4,11533190958761271376
126,3,1,1,1,5,11533190958761271376
126,3,1,1,1,6,11533190958761271376
126,3,1,1,1,7,11533190958761271376
126,3,1,1,1,8,11533190958761271376
126,3,1,1,1,9,11533190958761271376
126,3,1,1,1,10,11533190958761271376
126,3,1,1,1,11,11533190958761271376
126,3,1,1,1,12,11533190958761271376
126,3,1,1,1,13,11533190958761271376
126,3,1,1,1,14,11533190958761271376
126,3,1,1,1,15,11533190958761271376
126,3,1,1,1,16,11533190958761271376
126,3,1,1,1,17,11533190958761271376
126,3,1,1,1,18,11533190958761271376
126,3,1,1,1,19,11533190958761271376
126,3,1,1,1,20,11533190958761271376
126,3,1,1,1,21,11533190958761271376
126,3,1,1,1,22,11533190958761271376
126,3,1,1,1,23,11533190958761271376
126,3,1,1,1,24,11533190958761271376
126,3,1,1,1,25,11533190958761271376
126,3,1,1,1,26,11533190958761271376
126,3,1,1,1,27,11533190958761271376
126,3,1,1,1,28,11533190958761271376
126,3,1,1,1,29,11533190963056238672
126,3,1,1,1,30,11533190958761271376
126,3,1,1,1,31,11533190958761271376
126,3,1,1,1,32,11533190958761271376
126,3,1,1,1,33,11533190958761271376
126,3,1,1,1,34,11533190958761271376
126,3,1,1,1,35,11533190958761271376
126,3,1,1,1,36,11533190958761271376
126,3,1,1,1,37,11533190963056238672
126,3,1,1,1,38,11533190958761271376
126,3,1,1,1,39,11533190963056238672
126,3,1,1,1,40,11533190958761271376
126,3,1,1,1,41,11533190958761271376
126,3,1,1,1,42,11533190958761271376
126,3,1,1,1,43,11533190958761271376
126,3,1,1,1,44,11533190958761271376
126,3,1,1,1,45,11533190958761271376
126,3,1,1,1,46,11533190958761271376
126,3,1,1,1,47,11533190958761271376
126,3,1,1,1,48,11533190958761271376
126,3,1,1,1,49,11533190958761271376
126,3,1,1,1,50,11533190958761271376
126,3,1,1,1,51,11533190958761271376
126,3,1,1,1,52,11533190958761271376
126,3,1,1,1,53,11533190958761271376
126,3,1,1,1,54,11533190958761271376
126,3,1,1,1,55,11533190958761271376
126,3,1,1,1,56,11533190958761271376
126,3,1,1,1,57,11533190958761271376
126,3,1,1,1,58,11533190958761271376
126,3,1,1,1,59,11533190963056238672
126,3,1,1,1,60,11533190958761271376
126,3,1,1,1,61,11533190958761271376
126,3,1,1,1,62,11533190958761271376
126,3,1,1,1,63,11533190958761271376
126,3,1,1,1,64,11533190958761271376
126,3,1,1,1,65,11533190958761271376
126,3,1,1,1,66,11533190958761271376
126,3,1,1,1,67,11533190958761271376
126,3,1,1,1,68,11533190958761271376
126,3,1,1,1,69,11533190958761271376
126,3,1,1,1,70,11533190958761271376
126,3,1,1,1,71,11533190958761271376
126,3,1,1,1,72,11533190958761271376
126,3,1,1,1,73,11533190958761271376
126,3,1,1,1,74,11533190958761271376
126,3,1,1,1,75,11533190958761271376
126,3,1,1,1,76,11533190958761271376
126,3,1,1,1,77,11533190958761271376
126,3,1,1,1,78,11533190958761271376
126,3,1,1,1,79,11533190958761271376
126,3,1,1,1,80,11533190958761271376
126,3,1,1,1,81,11533190958761271376
126,3,1,1,1,82,11533190958761271376
126,3,1,1,1,83,11533190958761271376
126,3,1,1,1,84,11533190958761271376
126,3,1,1,1,85,11533190958761271376
126,3,1,1,1,86,11533190958761271376
126,3,1,1,1,87,11533190958761271376
126,3,1,1,1,88,11533190958761271376
126,3,1,1,1,89,11533190958761271376
126,3,1,1,1,90,11533190958761271376
126,3,1,1,1,91,11533190958761271376
126,3,1,1,1,92,11533190958761271376
126,3,1,1,1,93,11533190958761271376
126,3,1,1,1,94,11533190958761271376
126,3,1,1,1,95,11533190958761271376
126,3,1,1,1,96,11533190958761271376
126,3,1,1,1,97,11533190958761271376
126,3,1,1,1,98,11533190958761271376
126,3,1,1,1,99,11533190958761271376
127,3,1,1,3,0,11533190963056238672
127,3,1,1,3,1,11533190963056238672
127,3,1,1,3,2,11533190958761271376
127,3,1,1,3,3,11533190958761271376
127,3,1,1,3,4,11533190963056238672
127,3,1,1,3,5,11533190958761271376
127,3,1,1,3,6,11533190958761271376
127,3,1,1,3,7,11533190963056238672
127,3,1,1,3,8,11533190963056238672
127,3,1,1,3,9,11533190958761271376
127,3,1,1,3,10,11533190958761271376
127,3,1,1,3,11,11533190958761271376
127,3,1,1,3,12,11533190963056238672
127,3,1,1,3,13,11533190963056238672
127,3,1,1,3,14,11533190958761271376
127,3,1,1,3,15,11533190963056238672
127,3,1,1,3,16,11533190963056238672
127,3,1,1,3,17,11533190963056238672
127,3,1,1,3,18,11533190963056238672
127,3,1,1,3,19,11533190963056238672
127,3,1,1,3,20,11533190963056238672
127,3,1,1,3,21,11533190958761271376
127,3,1,1,3,22,11533190958761271376
127,3,1,1,3,23,11533190963056238672
127,3,1,1,3,24,11533190963056238672
127,3,1,1,3,25,11533190963056238672
127,3,1,1,3,26,11533190963056238672
127,3,1,1,3,27,11533190963056238672
127,3,1,1,3,28,11533190963056238672
127,3,1,1,3,29,11533190958761271376
127,3,1,1,3,30,11533190963056238672
127,3,1,1,3,31,11533190963056238672
127,3,1,1,3,32,11533190958761271376
127,3,1,1,3,33,11533190958761271376
127,3,1,1,3,34,11533190958761271376
127,3,1,1,3,35,11533190963056238672
127,3,1,1,3,36,11533190963056238672
127,3,1,1,3,37,11533190958761271376
127,3,1,1,3,38,11533190963056238672
127,3,1,1,3,39,11533190958761271376
127,3,1,1,3,40,11533190958761271376
127,3,1,1,3,41,11533190958761271376
127,3,1,1,3,42,11533190963056238672
127,3,1,1,3,43,11533190958761271376
127,3,1,1,3,44,11533190963056238672
127,3,1,1,3,45,11533190958761271376
127,3,1,1,3,46,11533190963056238672
127,3,1,1,3,47,11533190958761271376
127,3,1,1,3,48,11533190958761271376
127,3,1,1,3,49,11533190963056238672
127,3,1,1,3,50,11533190963056238672
127,3,1,1,3,51,11533190963056238672
127,3,1,1,3,52,11533190958761271376
127,3,1,1,3,53,11533190963056238672
127,3,1,1,3,54,11533190958761271376
127,3,1,1,3,55,11533190963056238672
127,3,1,1,3,56,11533190963056238672
127,3,1,1,3,57,11533190963056238672
127,3,1,1,3,58,11533190958761271376
127,3,1,1,3,59,11533190963056238672
127,3,1,1,3,60,11533190958761271376
127,3,1,1,3,61,11533190963056238672
127,3,1,1,3,62,11533190963056238672
127,3,1,1,3,63,11533190963056238672
127,3,1,1,3,64,11533190963056238672
127,3,1,1,3,65,11533190958761271376
127,3,1,1,3,66,11533190958761271376
127,3,1,1,3,67,11533190963056238672
127,3,1,1,3,68,11533190963056238672
127,3,1,1,3,69,11533190958761271376
127,3,1,1,3,70,11533190963056238672
127,3,1,1,3,71,11533190963056238672
127,3,1,1,3,72,11533190963056238672
127,3,1,1,3,73,11533190963056238672
127,3,1,1,3,74,11533190963056238672
127,3,1,1,3,75,11533190963056238672
127,3,1,1,3,76,11533190963056238672
127,3,1,1,3,77,11533190958761271376
127,3,1,1,3,78,11533190963056238672
127,3,1,1,3,79,11533190963056238672
127,3,1,1,3,80,11533190963056238672
127,3,1,1,3,81,11533190963056238672
127,3,1,1,3,82,11533190963056238672
127,3,1,1,3,83,11533190963056238672
127,3,1,1,3,84,11533190963056238672
127,3,1,1,3,85,11533190963056238672
127,3,1,1,3,86,11533190963056238672
127,3,1,1,3,87,11533190958761271376
127,3,1,1,3,88,11533190958761271376
127,3,1,1,3,89,11533190958761271376
127,3,1,1,3,90,11533190963056238672
127,3,1,1,3,91,11533190958761271376
127,3,1,1,3,92,11533190958761271376
127,3,1,1,3,93,11533190958761271376
127,3,1,1,3,94,11533190958761271376
127,3,1,1,3,95,11533190963056238672
127,3,1,1,3,96,11533190958761271376
127,3,1,1,3,97,11533190963056238672
127,3,1,1,3,98,11533190958761271376
127,3,1,1,3,99,11533190963056238672
128,3,1,1,5,0,11533190958761271376
128,3,1,1,5,1,11533190958761254992
128,3,1,1,5,2,11533190958761271376
128,3,1,1,5,3,11533190958761271376
128,3,1,1,5,4,11533190958761271376
128,3,1,1,5,5,11533190958761271376
128,3,1,1,5,6,11533190958761271376
128,3,1,1,5,7,11533190958761271376
128,3,1,1,5,8,11533190958761271376
128,3,1,1,5,9,11533190958761271376
128,3,1,1,5,10,11533190958761271376
128,3,1,1,5,11,11533190958761271376
128,3,1,1,5,12,11533190958761271376
128,3,1,1,5,13,11533190958761271376
128,3,1,1,5,14,11533190958761271376
128,3,1,1,5,15,11533190958761271376
128,3,1,1,5,16,11533190958761271376
128,3,1,1,5,17,11533190958761271376
128,3,1,1,5,18,11533190958761271376
128,3,1,1,5,19,11533190958761271376
128,3,1,1,5,20,11533190958761271376
128,3,1,1,5,21,11533190958761271376
128,3,1,1,5,22,11533190958761271376
128,3,1,1,5,23,11533190958761271376
128,3,1,1,5,24,11533190958761271376
128,3,1,1,5,25,11533190958761271376
128,3,1,1,5,26,11533190958761271376
128,3,1,1,5,27,11533190958761271376
128,3,1,1,5,28,11533190958761271376
128,3,1,1,5,29,11533190958761271376
128,3,1,1,5,30,11533190958761271376
128,3,1,1,5,31,11533190958761271376
128,3,1,1,5,32,11533190958761271376
128,3,1,1,5,33,11533190958761271376
128,3,1,1,5,34,11533190958761271376
128,3,1,1,5,35,11533190958761271376
128,3,1,1,5,36,11533190958761271376
128,3,1,1,5,37,11533190958761271376
128,3,1,1,5,38,11533190958761271376
128,3,1,1,5,39,11533190958761271376
128,3,1,1,5,40,11533190958761271376
128,3,1,1,5,41,11533190958761271376
128,3,1,1,5,42,11533190958761271376
128,3,1,1,5,43,11533190958761271376
128,3,1,1,5,44,11533190958761271376
128,3,1,1,5,45,11533190958761271376
128,3,1,1,5,46,11533190958761254992
128,3,1,1,5,47,11533190958761271376
128,3,1,1,5,48,11533190958761271376
128,3,1,1,5,49,11533190958761271376
128,3,1,1,5,50,11533190958761271376
128,3,1,1,5,51,11533190958761271376
128,3,1,1,5,52,11533190958761271376
128,3,1,1,5,53,11533190958761271376
128,3,1,1,5,54,11533190958761271376
128,3,1,1,5,55,11533190958761271376
128,3,1,1,5,56,11533190958761271376
128,3,1,1,5,57,11533190958761271376
128,3,1,1,5,58,11533190958761271376
128,3,1,1,5,59,11533190958761271376
128,3,1,1,5,60,11533190958761271376
128,3,1,1,5,61,11533190958761271376
128,3,1,1,5,62,11533190958761271376
128,3,1,1,5,63,11533190958761271376
128,3,1,1,5,64,11533190958761271376
128,3,1,1,5,65,11533190958761271376
128,3,1,1,5,66,11533190958761271376
128,3,1,1,5,67,11533190958761271376
128,3,1,1,5,68,11533190958761271376
128,3,1,1,5,69,11533190958761271376
128,3,1,1,5,70,11533190958761271376
128,3,1,1,5,71,11533190958761271376
128,3,1,1,5,72,11533190958761271376
128,3,1,1,5,73,11533190958761271376
128,3,1,1,5,74,11533190958761271376
128,3,1,1,5,75,11533190958761271376
128,3,1,1,5,76,11533190958761271376
128,3,1,1,5,77,11533190958761271376
128,3,1,1,5,78,11533190958761271376
128,3,1,1,5,79,11533190958761271376
128,3,1,1,5,80,11533190958761271376
128,3,1,1,5,81,11533190958761271376
128,3,1,1,5,82,11533190958761271376
128,3,1,1,5,83,11533190958761271376
128,3,1,1,5,84,11533190958761271376
128,3,1,1,5,85,11533190958761271376
128,3,1,1,5,86,11533190958761271376
128,3,1,1,5,87,11533190958761271376
128,3,1,1,5,88,11533190958761271376
128,3,1,1,5,89,11533190958761271376
128,3,1,1,5,90,11533190958761271376
128,3,1,1,5,91,11533190958761271376
128,3,1,1,5,92,11533190958761271376
128,3,1,1,5,93,11533190958761271376
128,3,1,1,5,94,11533190958761271376
128,3,1,1,5,95,11533190958761271376
128,3,1,1,5,96,11533190958761271376
128,3,1,1,5,97,11533190958761271376
128,3,1,1,5,98,11533190958761271376
128,3,1,1,5,99,11533190958761271376
129,3,1,1,7,0,11555708997700313168
129,3,1,1,7,1,11555708997700313168
129,3,1,1,7,2,11551205398072942672
129,3,1,1,7,3,11555708997700313168
129,3,1,1,7,4,11551205398072942672
129,3,1,1,7,5,11555708997700313168
129,3,1,1,7,6,11555708997700313168
129,3,1,1,7,7,11533190999563460688
129,3,1,1,7,8,11555708997700313168
129,3,1,1,7,9,11551205398072942672
129,3,1,1,7,10,11551205398072942672
129,3,1,1,7,11,11551205398072942672
129,3,1,1,7,12,11555708997700313168
129,3,1,1,7,13,11555708997700313168
129,3,1,1,7,14,11551205398072942672
129,3,1,1,7,15,11555708997700313168
129,3,1,1,7,16,11555708997700313168
129,3,1,1,7,17,11551205398072942672
129,3,1,1,7,18,11551205398072942672
129,3,1,1,7,19,11555708997700313168
129,3,1,1,7,20,11555708997700313168
129,3,1,1,7,21,11551205398072942672
129,3,1,1,7,22,11551205398072942672
129,3,1,1,7,23,11551205398072942672
129,3,1,1,7,24,11551205398072942672
129,3,1,1,7,25,11555708997700313168
129,3,1,1,7,26,11551205398072942672
129,3,1,1,7,27,11555708997700313168
129,3,1,1,7,28,11555708997700313168
129,3,1,1,7,29,11555708997700313168
129,3,1,1,7,30,11555708997700313168
129,3,1,1,7,31,11555708997700313168
129,3,1,1,7,32,11551205398072942672
129,3,1,1,7,33,11551205398072942672
129,3,1,1,7,34,11555708997700313168
129,3,1,1,7,35,11551205398072942672
129,3,1,1,7,36,11551205398072942672
129,3,1,1,7,37,11551205398072942672
129,3,1,1,7,38,11555708997700313168
129,3,1,1,7,39,11551205398072942672
129,3,1,1,7,40,11551205398072942672
129,3,1,1,7,41,11551205398072942672
129,3,1,1,7,42,11555708997700313168
129,3,1,1,7,43,11555708997700313168
129,3,1,1,7,44,11555708997700313168
129,3,1,1,7,45,11551205398072942672
129,3,1,1,7,46,11551205398072942672
129,3,1,1,7,47,11551205398072942672
129,3,1,1,7,48,11555708997700313168
129,3,1,1,7,49,11555708997700313168
129,3,1,1,7,50,11551205398072942672
129,3,1,1,7,51,11555708997700313168
129,3,1,1,7,52,11551205398072942672
129,3,1,1,7,53,11555708997700313168
129,3,1,1,7,54,11555708997700313168
129,3,1,1,7,55,11551205398072942672
129,3,1,1,7,56,11551205398072942672
129,3,1,1,7,57,11551205398072942672
129,3,1,1,7,58,11555708997700313168
129,3,1,1,7,59,11555708997700313168
129,3,1,1,7,60,11551205398072942672
129,3,1,1,7,61,11551205398072942672
129,3,1,1,7,62,11555708997700313168
129,3,1,1,7,63,11551205398072942672
129,3,1,1,7,64,11551205398072942672
129,3,1,1,7,65,11551205398072942672
129,3,1,1,7,66,11551205398072942672
129,3,1,1,7,67,11551205398072942672
129,3,1,1,7,68,11555708997700313168
129,3,1,1,7,69,11555708997700313168
129,3,1,1,7,70,11551205398072942672
129,3,1,1,7,71,11551205398072942672
129,3,1,1,7,72,11533190999563460688
129,3,1,1,7,73,11551205398072942672
129,3,1,1,7,74,11555708997700313168
129,3,1,1,7,75,11551205398072942672
129,3,1,1,7,76,11551205398072942672
129,3,1,1,7,77,11551205398072942672
129,3,1,1,7,78,11551205398072942672
129,3,1,1,7,79,11551205398072942672
129,3,1,1,7,80,11551205398072942672
129,3,1,1,7,81,11551205398072942672
129,3,1,1,7,82,11551205398072942672
129,3,1,1,7,83,11551205398072942672
129,3,1,1,7,84,11551205398072942672
129,3,1,1,7,85,11551205398072942672
129,3,1,1,7,86,11551205398072942672
129,3,1,1,7,87,11551205398072942672
129,3,1,1,7,88,11551205398072942672
129,3,1,1,7,89,11551205398072942672
129,3,1,1,7,90,11555708997700313168
129,3,1,1,7,91,11555708997700313168
129,3,1,1,7,92,11551205398072942672
129,3,1,1,7,93,11555708997700313168
129,3,1,1,7,94,11555708997700313168
129,3,1,1,7,95,11555708997700313168
129,3,1,1,7,96,11551205398072942672
129,3,1,1,7,97,11555708997700313168
129,3,1,1,7,98,11551205398072942672
129,3,1,1,7,99,11555708997700313168
130,3,2,1,0,0,4904432556986441640
130,3,2,1,0,1,4899928957359071144
130,3,2,1,0,2,4899928957359071144
130,3,2,1,0,3,4904432556986441640
130,3,2,1,0,4,4899928957359071144
130,3,2,1,0,5,4904432556986441640
130,3,2,1,0,6,4899928957359071144
130,3,2,1,0,7,4899928957359071144
130,3,2,1,0,8,4899928957359071144
130,3,2,1,0,9,4899928957359071144
130,3,2,1,0,10,4899928957359071144
130,3,2,1,0,11,4899928957359071144
130,3,2,1,0,12,4904432556986441640
130,3,2,1,0,13,4899928957359071144
130,3,2,1,0,14,4904432556986441640
130,3,2,1,0,15,4904432556986441640
130,3,2,1,0,16,4899928957359071144
130,3,2,1,0,17,4904432556986441640
130,3,2,1,0,18,4899928922999332776
130,3,2,1,0,19,4899928957359071144
130,3,2,1,0,20,4904432556986441640
130,3,2,1,0,21,4904432556986441640
130,3,2,1,0,22,4899928957359071144
130,3,2,1,0,23,4899928957359071144
130,3,2,1,0,24,4904432556986441640
130,3,2,1,0,25,4899928957359071144
130,3,2,1,0,26,4899928957359071144
130,3,2,1,0,27,4899928957359071144
130,3,2,1,0,28,4899928957359071144
130,3,2,1,0,29,4899928957359071144
130,3,2,1,0,30,4899928957359071144
130,3,2,1,0,31,4899928957359071144
130,3,2,1,0,32,4899928957359071144
130,3,2,1,0,33,4904432556986441640
130,3,2,1,0,34,4899928957359071144
130,3,2,1,0,35,4904432556986441640
130,3,2,1,0,36,4899928957359071144
130,3,2,1,0,37,4899928957359071144
130,3,2,1,0,38,4899928957359071144
130,3,2,1,0,39,4899928957359071144
130,3,2,1,0,40,4904432556986441640
130,3,2,1,0,41,4899928957359071144
130,3,2,1,0,42,4899928957359071144
130,3,2,1,0,43,4899928957359071144
130,3,2,1,0,44,4899928957359071144
130,3,2,1,0,45,4899928957359071144
130,3,2,1,0,46,4899928922999332776
130,3,2,1,0,47,4899928957359071144
130,3,2,1,0,48,4904432556986441640
130,3,2,1,0,49,4899928957359071144
130,3,2,1,0,50,4899928957359071144
130,3,2,1,0,51,4899928957359071144
130,3,2,1,0,52,4904432556986441640
130,3,2,1,0,53,4904432556986441640
130,3,2,1,0,54,4899928957359071144
130,3,2,1,0,55,4904432556986441640
130,3,2,1,0,56,4899928957359071144
130,3,2,1,0,57,4899928922999332776
130,3,2,1,0,58,4904432556986441640
130,3,2,1,0,59,4899928957359071144
130,3,2,1,0,60,4899928957359071144
130,3,2,1,0,61,4899928957359071144
130,3,2,1,0,62,4904432556986441640
130,3,2,1,0,63,4899928957359071144
130,3,2,1,0,64,4899928957359071144
130,3,2,1,0,65,4899928922999332776
130,3,2,1,0,66,4904432556986441640
130,3,2,1,0,67,4904432556986441640
130,3,2,1,0,68,4899928957359071144
130,3,2,1,0,69,4899928957359071144
130,3,2,1,0,70,4904432556986441640
130,3,2,1,0,71,4899928957359071144
130,3,2,1,0,72,4899928957359071144
130,3,2,1,0,73,4904432556986441640
130,3,2,1,0,74,4899928957359071144
130,3,2,1,0,75,4904432556986441640
130,3,2,1,0,76,4899928957359071144
130,3,2,1,0,77,4904432556986441640
130,3,2,1,0,78,4899928957359071144
130,3,2,1,0,79,4899928957359071144
130,3,2,1,0,80,4899928957359071144
130,3,2,1,0,81,4904432556986441640
130,3,2,1,0,82,4899928957359071144
130,3,2,1,0,83,4899928957359071144
130,3,2,1,0,84,4899928957359071144
130,3,2,1,0,85,4899928957359071144
130,3,2,1,0,86,4899928957359071144
130,3,2,1,0,87,4899928957359071144
130,3,2,1,0,88,4899928957359071144
130,3,2,1,0,89,4899928957359071144
130,3,2,1,0,90,4899928957359071144
130,3,2,1,0,91,4899928957359071144
130,3,2,1,0,92,4899928957359071144
130,3,2,1,0,93,4904432556986441640
130,3,2,1,0,94,4899928957359071144
130,3,2,1,0,95,4904432556986441640
130,3,2,1,0,96,4904432556986441640
130,3,2,1,0,97,4899928957359071144
130,3,2,1,0,98,4904432556986441640
130,3,2,1,0,99,4899928922999332776
131,3,2,1,2,0,288242904571944872
131,3,2,1,2,1,288242904571944872
131,3,2,1,2,2,288242904571944872
131,3,2,1,2,3,288242904571944872
131,3,2,1,2,4,288242904571944872
131,3,2,1,2,5,288242904571944872
131,3,2,1,2,6,288242904571944872
131,3,2,1,2,7,288242904571944872
131,3,2,1,2,8,288242904571944872
131,3,2,1,2,9,288242904571944872
131,3,2,1,2,10,288242904571944872
131,3,2,1,2,11,288242904571944872
131,3,2,1,2,12,288242904571944872
131,3,2,1,2,13,288242904571944872
131,3,2,1,2,14,288242904571944872
131,3,2,1,2,15,288242904571944872
131,3,2,1,2,16,288242904571944872
131,3,2,1,2,17,288242904571944872
131,3,2,1,2,18,288242904571944872
131,3,2,1,2,19,288242904571944872
131,3,2,1,2,20,288242904571944872
131,3,2,1,2,21,288242904571944872
131,3,2,1,2,22,288242904571944872
131,3,2,1,2,23,288242904571944872
131,3,2,1,2,24,288242904571944872
131,3,2,1,2,25,288242904571944872
131,3,2,1,2,26,288242904571944872
131,3,2,1,2,27,288242904571944872
131,3,2,1,2,28,288242904571944872
131,3,2,1,2,29,288242904571944872
131,3,2,1,2,30,288242904571944872
131,3,2,1,2,31,288242904571944872
131,3,2,1,2,32,288242904571944872
131,3,2,1,2,33,288242904571944872
131,3,2,1,2,34,288242904571944872
131,3,2,1,2,35,288242904571944872
131,3,2,1,2,36,288242904571944872
131,3,2,1,2,37,288242904571944872
131,3,2,1,2,38,288242904571944872
131,3,2,1,2,39,288242904571944872
131,3,2,1,2,40,288242904571944872
131,3,2,1,2,41,288242904571944872
131,3,2,1,2,42,288242904571944872
131,3,2,1,2,43,288242904571944872
131,3,2,1,2,44,288242904571944872
131,3,2,1,2,45,288242904571944872
131,3,2,1,2,46,288242904571944872
131,3,2,1,2,47,288242904571944872
131,3,2,1,2,48,288242904571944872
131,3,2,1,2,49,288242904571944872
131,3,2,1,2,50,288242904571944872
131,3,2,1,2,51,288242904571944872
131,3,2,1,2,52,288242904571944872
131,3,2,1,2,53,288242904571944872
131,3,2,1,2,54,288242904571944872
131,3,2,1,2,55,288242904571944872
131,3,2,1,2,56,288242904571944872
131,3,2,1,2,57,288242904571944872
131,3,2,1,2,58,288242904571944872
131,3,2,1,2,59,288242904571944872
131,3,2,1,2,60,288242904571944872
131,3,2,1,2,61,288242904571944872
131,3,2,1,2,62,288242904571944872
131,3,2,1,2,63,288242904571944872
131,3,2,1,2,64,288242904571944872
131,3,2,1,2,65,288242904571944872
131,3,2,1,2,66,288242904571944872
131,3,2,1,2,67,288242904571944872
131,3,2,1,2,68,288242904571944872
131,3,2,1,2,69,288242904571944872
131,3,2,1,2,70,288242904571944872
131,3,2,1,2,71,288242904571944872
131,3,2,1,2,72,288242904571944872
131,3,2,1,2,73,288242904571944872
131,3,2,1,2,74,288242904571944872
131,3,2,1,2,75,288242904571944872
131,3,2,1,2,76,288242904571944872
131,3,2,1,2,77,288242904571944872
131,3,2,1,2,78,288242904571944872
131,3,2,1,2,79,288242904571944872
131,3,2,1,2,80,288242904571944872
131,3,2,1,2,81,288242904571944872
131,3,2,1,2,82,288242904571944872
131,3,2,1,2,83,288242904571944872
131,3,2,1,2,84,288242904571944872
131,3,2,1,2,85,288242904571944872
131,3,2,1,2,86,288242904571944872
131,3,2,1,2,87,288242904571944872
131,3,2,1,2,88,288242904571944872
131,3,2,1,2,89,288242904571944872
131,3,2,1,2,90,288242904571944872
131,3,2,1,2,91,288242904571944872
131,3,2,1,2,92,288242904571944872
131,3,2,1,2,93,288242904571944872
131,3,2,1,2,94,288242904571944872
131,3,2,1,2,95,288242904571944872
131,3,2,1,2,96,288242904571944872
131,3,2,1,2,97,288242904571944872
131,3,2,1,2,98,288242904571944872
131,3,2,1,2,99,288242904571944872
132,3,2,1,4,0,6913042938601250730
132,3,2,1,4,1,6913060530787295146
132,3,2,1,4,2,6913042938601250730
132,3,2,1,4,3,6913042938601250730
132,3,2,1,4,4,6913042938601250730
132,3,2,1,4,5,6913042938601250730
132,3,2,1,4,6,6913042938601250730
132,3,2,1,4,7,6913042938601250730
132,3,2,1,4,8,6913042938601250730
132,3,2,1,4,9,6913042938601250730
132,3,2,1,4,10,6913042938601250730
132,3,2,1,4,11,6913042938601250730
132,3,2,1,4,12,6913042938601250730
132,3,2,1,4,13,6913042938601250730
132,3,2,1,4,14,6913042938601250730
132,3,2,1,4,15,6913042938601250730
132,3,2,1,4,16,6913042938601250730
132,3,2,1,4,17,6913042938601250730
132,3,2,1,4,18,6913042938601250730
132,3,2,1,4,19,6913042938601250730
132,3,2,1,4,20,6913042938601250730
132,3,2,1,4,21,6913042938601250730
132,3,2,1,4,22,6913042938601250730
132,3,2,1,4,23,6913042938601250730
132,3,2,1,4,24,6913042938601250730
132,3,2,1,4,25,6913042938601250730
132,3,2,1,4,26,6913042938601250730
132,3,2,1,4,27,6913060530787295146
132,3,2,1,4,28,6913042938601250730
132,3,2,1,4,29,6913042938601250730
132,3,2,1,4,30,6913042938601250730
132,3,2,1,4,31,6336582186297827242
132,3,2,1,4,32,6913042938601250730
132,3,2,1,4,33,6913042938601250730
132,3,2,1,4,34,6913042938601250730
132,3,2,1,4,35,6913042938601250730
132,3,2,1,4,36,6913042938601250730
132,3,2,1,4,37,6913042938601250730
132,3,2,1,4,38,6913042938601250730
132,3,2,1,4,39,6913042938601250730
132,3,2,1,4,40,6913042938601250730
132,3,2,1,4,41,6913060530787295146
132,3,2,1,4,42,6913042938601250730
132,3,2,1,4,43,6913042938601250730
132,3,2,1,4,44,6913042938601250730
132,3,2,1,4,45,6913042938601250730
132,3,2,1,4,46,6913042938601250730
132,3,2,1,4,47,6913060530787295146
132,3,2,1,4,48,6913060530787295146
132,3,2,1,4,49,6913042938601250730
132,3,2,1,4,50,6913042938601250730
132,3,2,1,4,51,6913042938601250730
132,3,2,1,4,52,6913042938601250730
132,3,2,1,4,53,6913042938601250730
132,3,2,1,4,54,6913042938601250730
132,3,2,1,4,55,6913042938601250730
132,3,2,1,4,56,6913042938601250730
132,3,2,1,4,57,6913042938601250730
132,3,2,1,4,58,6913042938601250730
132,3,2,1,4,59,6336582186297827242
132,3,2,1,4,60,6913060530787295146
132,3,2,1,4,61,6913042938601250730
132,3,2,1,4,62,6913042938601250730
132,3,2,1,4,63,6913042938601250730
132,3,2,1,4,64,6913060530787295146
132,3,2,1,4,65,6913042938601250730
132,3,2,1,4,66,6913042938601250730
132,3,2,1,4,67,6913042938601250730
132,3,2,1,4,68,6913042938601250730
132,3,2,1,4,69,6913042938601250730
132,3,2,1,4,70,6913042938601250730
132,3,2,1,4,71,6913042938601250730
132,3,2,1,4,72,6913042938601250730
132,3,2,1,4,73,6913042938601250730
132,3,2,1,4,74,6913042938601250730
132,3,2,1,4,75,6913042938601250730
132,3,2,1,4,76,6913042938601250730
132,3,2,1,4,77,6913060530787295146
132,3,2,1,4,78,6913042938601250730
132,3,2,1,4,79,6913042938601250730
132,3,2,1,4,80,6913042938601250730
132,3,2,1,4,81,6913042938601250730
132,3,2,1,4,82,6913042938601250730
132,3,2,1,4,83,6913042938601250730
132,3,2,1,4,84,6913060530787295146
132,3,2,1,4,85,6913042938601250730
132,3,2,1,4,86,6913042938601250730
132,3,2,1,4,87,6913042938601250730
132,3,2,1,4,88,6913042938601250730
132,3,2,1,4,89,6913042938601250730
132,3,2,1,4,90,6913042938601250730
132,3,2,1,4,91,6913042938601250730
132,3,2,1,4,92,6913042938601250730
132,3,2,1,4,93,6913042938601250730
132,3,2,1,4,94,6913042938601250730
132,3,2,1,4,95,6336582186297827242
132,3,2,1,4,96,6913042938601250730
132,3,2,1,4,97,6913042938601250730
132,3,2,1,4,98,6913042938601250730
132,3,2,1,4,99,6913042938601250730
133,3,2,1,6,0,288242904571944872
133,3,2,1,6,1,288242904571944872
133,3,2,1,6,2,288242904571944872
133,3,2,1,6,3,288242904571944872
133,3,2,1,6,4,288242904571944872
133,3,2,1,6,5,288242904571944872
133,3,2,1,6,6,288242904571944872
133,3,2,1,6,7,288242904571944872
133,3,2,1,6,8,288242904571944872
133,3,2,1,6,9,288242904571944872
133,3,2,1,6,10,288242904571944872
133,3,2,1,6,11,288242904571944872
133,3,2,1,6,12,288242904571944872
133,3,2,1,6,13,288242904571944872
133,3,2,1,6,14,288242904571944872
133,3,2,1,6,15,288242904571944872
133,3,2,1,6,16,288242904571944872
133,3,2,1,6,17,288242904571944872
133,3,2,1,6,18,288242904571944872
133,3,2,1,6,19,288242904571944872
133,3,2,1,6,20,288242904571944872
133,3,2,1,6,21,288242904571944872
133,3,2,1,6,22,288242904571944872
133,3,2,1,6,23,288242904571944872
133,3,2,1,6,24,288242904571944872
133,3,2,1,6,25,288242904571944872
133,3,2,1,6,26,288242904571944872
133,3,2,1,6,27,288242904571944872
133,3,2,1,6,28,288242904571944872
133,3,2,1,6,29,288242904571944872
133,3,2,1,6,30,288242904571944872
133,3,2,1,6,31,288242904571944872
133,3,2,1,6,32,288242904571944872
133,3,2,1,6,33,288242904571944872
133,3,2,1,6,34,288242904571944872
133,3,2,1,6,35,288242904571944872
133,3,2,1,6,36,288242904571944872
133,3,2,1,6,37,288242904571944872
133,3,2,1,6,38,288242904571944872
133,3,2,1,6,39,288242904571944872
133,3,2,1,6,40,288242904571944872
133,3,2,1,6,41,288242904571944872
133,3,2,1,6,42,288242904571944872
133,3,2,1,6,43,288242904571944872
133,3,2,1,6,44,288242904571944872
133,3,2,1,6,45,288242904571944872
133,3,2,1,6,46,288242904571944872
133,3,2,1,6,47,288242904571944872
133,3,2,1,6,48,288242904571944872
133,3,2,1,6,49,288242904571944872
133,3,2,1,6,50,288242904571944872
133,3,2,1,6,51,288242904571944872
133,3,2,1,6,52,288242904571944872
133,3,2,1,6,53,288242904571944872
133,3,2,1,6,54,288242904571944872
133,3,2,1,6,55,288242904571944872
133,3,2,1,6,56,288242904571944872
133,3,2,1,6,57,288242904571944872
133,3,2,1,6,58,288242904571944872
133,3,2,1,6,59,288242904571944872
133,3,2,1,6,60,288242904571944872
133,3,2,1,6,61,288242904571944872
133,3,2,1,6,62,288242904571944872
133,3,2,1,6,63,288242904571944872
133,3,2,1,6,64,288242904571944872
133,3,2,1,6,65,288242904571944872
133,3,2,1,6,66,288242904571944872
133,3,2,1,6,67,288242904571944872
133,3,2,1,6,68,288242904571944872
133,3,2,1,6,69,288242904571944872
133,3,2,1,6,70,288242904571944872
133,3,2,1,6,71,288242904571944872
133,3,2,1,6,72,288242904571944872
133,3,2,1,6,73,288242904571944872
133,3,2,1,6,74,288242904571944872
133,3,2,1,6,75,288242904571944872
133,3,2,1,6,76,288242904571944872
133,3,2,1,6,77,288242904571944872
133,3,2,1,6,78,288242904571944872
133,3,2,1,6,79,288242904571944872
133,3,2,1,6,80,288242904571944872
133,3,2,1,6,81,288242904571944872
133,3,2,1,6,82,288242904571944872
133,3,2,1,6,83,288242904571944872
133,3,2,1,6,84,288242904571944872
133,3,2,1,6,85,288242904571944872
133,3,2,1,6,86,288242904571944872
133,3,2,1,6,87,288242904571944872
133,3,2,1,6,88,288242904571944872
133,3,2,1,6,89,288242904571944872
133,3,2,1,6,90,288242904571944872
133,3,2,1,6,91,288242904571944872
133,3,2,1,6,92,288242904571944872
133,3,2,1,6,93,288242904571944872
133,3,2,1,6,94,288242904571944872
133,3,2,1,6,95,288242904571944872
133,3,2,1,6,96,288242904571944872
133,3,2,1,6,97,288242904571944872
133,3,2,1,6,98,288242904571944872
133,3,2,1,6,99,288242904571944872
134,3,3,1,1,0,18446731704203209823
134,3,3,1,1,1,18446731704203209823
134,3,3,1,1,2,18446731704203209823
134,3,3,1,1,3,18446731704203209823
134,3,3,1,1,4,18446731704203209823
134,3,3,1,1,5,18446731704203209823
134,3,3,1,1,6,18446731704203209823
134,3,3,1,1,7,18446731704203209823
134,3,3,1,1,8,18446731704203209823
134,3,3,1,1,9,18446731704203209823
134,3,3,1,1,10,18446731704203209823
134,3,3,1,1,11,18446731704203209823
134,3,3,1,1,12,18446731704203209823
134,3,3,1,1,13,18446731704203209823
134,3,3,1,1,14,18446731704203209823
134,3,3,1,1,15,18446731704203209823
134,3,3,1,1,16,18446731704203209823
134,3,3,1,1,17,18446731704203209823
134,3,3,1,1,18,18446731704203209823
134,3,3,1,1,19,18446731704203209823
134,3,3,1,1,20,18446731704203209823
134,3,3,1,1,21,18446731704203209823
134,3,3,1,1,22,18446731704203209823
134,3,3,1,1,23,18446731704203209823
134,3,3,1,1,24,18446731704203209823
134,3,3,1,1,25,18446731704203209823
134,3,3,1,1,26,18446731704203209823
134,3,3,1,1,27,18446731704203209823
134,3,3,1,1,28,18446731704203209823
134,3,3,1,1,29,18446731704203209823
134,3,3,1,1,30,18446731704203209823
134,3,3,1,1,31,18446731704203209823
134,3,3,1,1,32,18446731704203209823
134,3,3,1,1,33,18446731704203209823
134,3,3,1,1,34,18446731704203209823
134,3,3,1,1,35,18446731704203209823
134,3,3,1,1,36,18446731704203209823
134,3,3,1,1,37,18446731704203209823
134,3,3,1,1,38,18446731704203209823
134,3,3,1,1,39,18446731704203209823
134,3,3,1,1,40,18446731704203209823
134,3,3,1,1,41,18446731704203209823
134,3,3,1,1,42,18446731704203209823
134,3,3,1,1,43,18446731704203209823
134,3,3,1,1,44,18446731704203209823
134,3,3,1,1,45,18446731704203209823
134,3,3,1,1,46,18446731704203209823
134,3,3,1,1,47,18446731704203209823
134,3,3,1,1,48,18446731704203209823
134,3,3,1,1,49,18446731704203209823
134,3,3,1,1,50,18446731704203209823
134,3,3,1,1,51,18446731704203209823
134,3,3,1,1,52,18446731704203209823
134,3,3,1,1,53,18446731704203209823
134,3,3,1,1,54,18446731704203209823
134,3,3,1,1,55,18446731704203209823
134,3,3,1,1,56,18446731704203209823
134,3,3,1,1,57,18446731704203209823
134,3,3,1,1,58,18446731704203209823
134,3,3,1,1,59,18446731704203209823
134,3,3,1,1,60,18446731704203209823
134,3,3,1,1,61,18446731704203209823
134,3,3,1,1,62,18446731704203209823
134,3,3,1,1,63,18446731704203209823
134,3,3,1,1,64,18446731704203209823
134,3,3,1,1,65,18446731704203209823
134,3,3,1,1,66,18446731704203209823
134,3,3,1,1,67,18446731704203209823
134,3,3,1,1,68,18446731704203209823
134,3,3,1,1,69,18446731704203209823
134,3,3,1,1,70,18446731704203209823
134,3,3,1,1,71,18446731704203209823
134,3,3,1,1,72,18446731704203209823
134,3,3,1,1,73,18446731704203209823
134,3,3,1,1,74,18446731704203209823
134,3,3,1,1,75,18446731704203209823
134,3,3,1,1,76,18446731704203209823
134,3,3,1,1,77,18446731704203209823
134,3,3,1,1,78,18446731704203209823
134,3,3,1,1,79,18446731704203209823
134,3,3,1,1,80,18446731704203209823
134,3,3,1,1,81,18446731704203209823
134,3,3,1,1,82,18446731704203209823
134,3,3,1,1,83,18446731704203209823
134,3,3,1,1,84,18446731704203209823
134,3,3,1,1,85,18446731704203209823
134,3,3,1,1,86,18446731704203209823
134,3,3,1,1,87,18446731704203209823
134,3,3,1,1,88,18446731704203209823
134,3,3,1,1,89,18446731704203209823
134,3,3,1,1,90,18446731704203209823
134,3,3,1,1,91,18446731704203209823
134,3,3,1,1,92,18446731704203209823
134,3,3,1,1,93,18446731704203209823
134,3,3,1,1,94,18446731704203209823
134,3,3,1,1,95,18446731704203209823
134,3,3,1,1,96,18446731704203209823
134,3,3,1,1,97,18446731704203209823
134,3,3,1,1,98,18446731704203209823
134,3,3,1,1,99,18446731704203209823
135,3,3,1,3,0,18446731704203209823
135,3,3,1,3,1,18446731704203209823
135,3,3,1,3,2,18446731704203209823
135,3,3,1,3,3,18446731704203209823
135,3,3,1,3,4,18446731704203209823
135,3,3,1,3,5,18446731704203209823
135,3,3,1,3,6,18446731704203209823
135,3,3,1,3,7,18446731704203209823
135,3,3,1,3,8,18446731704203209823
135,3,3,1,3,9,18446731704203209823
135,3,3,1,3,10,18446731704203209823
135,3,3,1,3,11,18446731704203209823
135,3,3,1,3,12,18446731704203209823
135,3,3,1,3,13,18446731704203209823
135,3,3,1,3,14,18446731704203209823
135,3,3,1,3,15,18446731704203209823
135,3,3,1,3,16,18446731704203209823
135,3,3,1,3,17,18446731704203209823
135,3,3,1,3,18,18446731704203209823
135,3,3,1,3,19,18446731704203209823
135,3,3,1,3,20,18446731704203209823
135,3,3,1,3,21,18446731704203209823
135,3,3,1,3,22,18446731704203209823
135,3,3,1,3,23,18446731704203209823
135,3,3,1,3,24,18446731704203209823
135,3,3,1,3,25,18446731704203209823
135,3,3,1,3,26,18446731704203209823
135,3,3,1,3,27,18446731704203209823
135,3,3,1,3,28,18446731704203209823
135,3,3,1,3,29,18446731704203209823
135,3,3,1,3,30,18446731704203209823
135,3,3,1,3,31,18446731704203209823
135,3,3,1,3,32,18446731704203209823
135,3,3,1,3,33,18446731704203209823
135,3,3,1,3,34,18446731704203209823
135,3,3,1,3,35,18446731704203209823
135,3,3,1,3,36,18446731704203209823
135,3,3,1,3,37,18446731704203209823
135,3,3,1,3,38,18446731704203209823
135,3,3,1,3,39,18446731704203209823
135,3,3,1,3,40,18446731704203209823
135,3,3,1,3,41,18446731704203209823
135,3,3,1,3,42,18446731704203209823
135,3,3,1,3,43,18446731704203209823
135,3,3,1,3,44,18446731704203209823
135,3,3,1,3,45,18446731704203209823
135,3,3,1,3,46,18446731704203209823
135,3,3,1,3,47,18446731704203209823
135,3,3,1,3,48,18446731704203209823
135,3,3,1,3,49,18446731704203209823
135,3,3,1,3,50,18446731704203209823
135,3,3,1,3,51,18446731704203209823
135,3,3,1,3,52,18446731704203209823
135,3,3,1,3,53,18446731704203209823
135,3,3,1,3,54,18446731704203209823
135,3,3,1,3,55,18446731704203209823
135,3,3,1,3,56,18446731704203209823
135,3,3,1,3,57,18446731704203209823
135,3,3,1,3,58,18446731704203209823
135,3,3,1,3,59,18446731704203209823
135,3,3,1,3,60,18446731704203209823
135,3,3,1,3,61,18446731704203209823
135,3,3,1,3,62,18446731704203209823
135,3,3,1,3,63,18446731704203209823
135,3,3,1,3,64,18446731704203209823
135,3,3,1,3,65,18446731704203209823
135,3,3,1,3,66,18446731704203209823
135,3,3,1,3,67,18446731704203209823
135,3,3,1,3,68,18446731704203209823
135,3,3,1,3,69,18446731704203209823
135,3,3,1,3,70,18446731704203209823
135,3,3,1,3,71,18446731704203209823
135,3,3,1,3,72,18446731704203209823
135,3,3,1,3,73,18446731704203209823
135,3,3,1,3,74,18446731704203209823
135,3,3,1,3,75,18446731704203209823
135,3,3,1,3,76,18446731704203209823
135,3,3,1,3,77,18446731704203209823
135,3,3,1,3,78,18446731704203209823
135,3,3,1,3,79,18446731704203209823
135,3,3,1,3,80,18446731704203209823
135,3,3,1,3,81,18446731704203209823
135,3,3,1,3,82,18446731704203209823
135,3,3,1,3,83,18446731704203209823
135,3,3,1,3,84,18446731704203209823
135,3,3,1,3,85,18446731704203209823
135,3,3,1,3,86,18446731704203209823
135,3,3,1,3,87,18446731704203209823
135,3,3,1,3,88,18446731704203209823
135,3,3,1,3,89,18446731704203209823
135,3,3,1,3,90,18446731704203209823
135,3,3,1,3,91,18446731704203209823
135,3,3,1,3,92,18446731704203209823
135,3,3,1,3,93,18446731704203209823
135,3,3,1,3,94,18446731704203209823
135,3,3,1,3,95,18446731704203209823
135,3,3,1,3,96,18446731704203209823
135,3,3,1,3,97,18446731704203209823
135,3,3,1,3,98,18446731704203209823
135,3,3,1,3,99,18446731704203209823
136,3,3,1,5,0,18446731704203209823
136,3,3,1,5,1,18446731704203209823
136,3,3,1,5,2,18446731704203209823
136,3,3,1,5,3,18446731704203209823
136,3,3,1,5,4,18446731704203209823
136,3,3,1,5,5,18446731704203209823
136,3,3,1,5,6,18446731704203209823
136,3,3,1,5,7,18446731704203209823
136,3,3,1,5,8,18446731704203209823
136,3,3,1,5,9,18446731704203209823
136,3,3,1,5,10,18446731704203209823
136,3,3,1,5,11,18446731704203209823
136,3,3,1,5,12,18446731704203209823
136,3,3,1,5,13,18446731704203209823
136,3,3,1,5,14,18446731704203209823
136,3,3,1,5,15,18446731704203209823
136,3,3,1,5,16,18446731704203209823
136,3,3,1,5,17,18446731704203209823
136,3,3,1,5,18,18446731704203209823
136,3,3,1,5,19,18446731704203209823
136,3,3,1,5,20,18446731704203209823
136,3,3,1,5,21,18446731704203209823
136,3,3,1,5,22,18446731704203209823
136,3,3,1,5,23,18446731704203209823
136,3,3,1,5,24,18446731704203209823
136,3,3,1,5,25,18446731704203209823
136,3,3,1,5,26,18446731704203209823
136,3,3,1,5,27,18446731704203209823
136,3,3,1,5,28,18446731704203209823
136,3,3,1,5,29,18446731704203209823
136,3,3,1,5,30,18446731704203209823
136,3,3,1,5,31,18446731704203209823
136,3,3,1,5,32,18446731704203209823
136,3,3,1,5,33,18446731704203209823
136,3,3,1,5,34,18446731704203209823
136,3,3,1,5,35,18446731704203209823
136,3,3,1,5,36,18446731704203209823
136,3,3,1,5,37,18446731704203209823
136,3,3,1,5,38,18446731704203209823
136,3,3,1,5,39,18446731704203209823
136,3,3,1,5,40,18446731704203209823
136,3,3,1,5,41,18446731704203209823
136,3,3,1,5,42,18446731704203209823
136,3,3,1,5,43,18446731704203209823
136,3,3,1,5,44,18446731704203209823
136,3,3,1,5,45,18446731704203209823
136,3,3,1,5,46,18446731704203209823
136,3,3,1,5,47,18446731704203209823
136,3,3,1,5,48,18446731704203209823
136,3,3,1,5,49,18446731704203209823
136,3,3,1,5,50,18446731704203209823
136,3,3,1,5,51,18446731704203209823
136,3,3,1,5,52,18446731704203209823
136,3,3,1,5,53,18446731704203209823
136,3,3,1,5,54,18446731704203209823
136,3,3,1,5,55,18446731704203209823
136,3,3,1,5,56,18446731704203209823
136,3,3,1,5,57,18446731704203209823
136,3,3,1,5,58,18446731704203209823
136,3,3,1,5,59,18446731704203209823
136,3,3,1,5,60,18446731704203209823
136,3,3,1,5,61,18446731704203209823
136,3,3,1,5,62,18446731704203209823
136,3,3,1,5,63,18446731704203209823
136,3,3,1,5,64,18446731704203209823
136,3,3,1,5,65,18446731704203209823
136,3,3,1,5,66,18446731704203209823
136,3,3,1,5,67,18446731704203209823
136,3,3,1,5,68,18446731704203209823
136,3,3,1,5,69,18446731704203209823
136,3,3,1,5,70,18446731704203209823
136,3,3,1,5,71,18446731704203209823
136,3,3,1,5,72,18446731704203209823
136,3,3,1,5,73,18446731704203209823
136,3,3,1,5,74,18446731704203209823
136,3,3,1,5,75,18446731704203209823
136,3,3,1,5,76,18446731704203209823
136,3,3,1,5,77,18446731704203209823
136,3,3,1,5,78,18446731704203209823
136,3,3,1,5,79,18446731704203209823
136,3,3,1,5,80,18446731704203209823
136,3,3,1,5,81,18446731704203209823
136,3,3,1,5,82,18446731704203209823
136,3,3,1,5,83,18446731704203209823
136,3,3,1,5,84,18446731704203209823
136,3,3,1,5,85,18446731704203209823
136,3,3,1,5,86,18446731704203209823
136,3,3,1,5,87,18446731704203209823
136,3,3,1,5,88,18446731704203209823
136,3,3,1,5,89,18446731704203209823
136,3,3,1,5,90,18446731704203209823
136,3,3,1,5,91,18446731704203209823
136,3,3,1,5,92,18446731704203209823
136,3,3,1,5,93,18446731704203209823
136,3,3,1,5,94,18446731704203209823
136,3,3,1,5,95,18446731704203209823
136,3,3,1,5,96,18446731704203209823
136,3,3,1,5,97,18446731704203209823
136,3,3,1,5,98,18446731704203209823
136,3,3,1,5,99,18446731704203209823
137,3,3,1,7,0,18446731704203209823
137,3,3,1,7,1,18446731704203209823
137,3,3,1,7,2,18446731704203209823
137,3,3,1,7,3,18446731704203209823
137,3,3,1,7,4,18446731704203209823
137,3,3,1,7,5,18446731704203209823
137,3,3,1,7,6,18446731704203209823
137,3,3,1,7,7,18446731704203209823
137,3,3,1,7,8,18446731704203209823
137,3,3,1,7,9,18446731704203209823
137,3,3,1,7,10,18446731704203209823
137,3,3,1,7,11,18446731704203209823
137,3,3,1,7,12,18446731704203209823
137,3,3,1,7,13,18446731704203209823
137,3,3,1,7,14,18446731704203209823
137,3,3,1,7,15,18446731704203209823
137,3,3,1,7,16,18446731704203209823
137,3,3,1,7,17,18446731704203209823
137,3,3,1,7,18,18446731704203209823
137,3,3,1,7,19,18446731704203209823
137,3,3,1,7,20,18446731704203209823
137,3,3,1,7,21,18446731704203209823
137,3,3,1,7,22,18446731704203209823
137,3,3,1,7,23,18446731704203209823
137,3,3,1,7,24,18446731704203209823
137,3,3,1,7,25,18446731704203209823
137,3,3,1,7,26,18446731704203209823
137,3,3,1,7,27,18446731704203209823
137,3,3,1,7,28,18446731704203209823
137,3,3,1,7,29,18446731704203209823
137,3,3,1,7,30,18446731704203209823
137,3,3,1,7,31,18446731704203209823
137,3,3,1,7,32,18446731704203209823
137,3,3,1,7,33,18446731704203209823
137,3,3,1,7,34,18446731704203209823
137,3,3,1,7,35,18446731704203209823
137,3,3,1,7,36,18446731704203209823
137,3,3,1,7,37,18446731704203209823
137,3,3,1,7,38,18446731704203209823
137,3,3,1,7,39,18446731704203209823
137,3,3,1,7,40,18446731704203209823
137,3,3,1,7,41,18446731704203209823
137,3,3,1,7,42,18446731704203209823
137,3,3,1,7,43,18446731704203209823
137,3,3,1,7,44,18446731704203209823
137,3,3,1,7,45,18446731704203209823
137,3,3,1,7,46,18446731704203209823
137,3,3,1,7,47,18446731704203209823
137,3,3,1,7,48,18446731704203209823
137,3,3,1,7,49,18446731704203209823
137,3,3,1,7,50,18446731704203209823
137,3,3,1,7,51,18446731704203209823
137,3,3,1,7,52,18446731704203209823
137,3,3,1,7,53,18446731704203209823
137,3,3,1,7,54,18446731704203209823
137,3,3,1,7,55,18446731704203209823
137,3,3,1,7,56,18446731704203209823
137,3,3,1,7,57,18446731704203209823
137,3,3,1,7,58,18446731704203209823
137,3,3,1,7,59,18446731704203209823
137,3,3,1,7,60,18446731704203209823
137,3,3,1,7,61,18446731704203209823
137,3,3,1,7,62,18446731704203209823
137,3,3,1,7,63,18446731704203209823
137,3,3,1,7,64,18446731704203209823
137,3,3,1,7,65,18446731704203209823
137,3,3,1,7,66,18446731704203209823
137,3,3,1,7,67,18446731704203209823
137,3,3,1,7,68,18446731704203209823
137,3,3,1,7,69,18446731704203209823
137,3,3,1,7,70,18446731704203209823
137,3,3,1,7,71,18446731704203209823
137,3,3,1,7,72,18446731704203209823
137,3,3,1,7,73,18446731704203209823
137,3,3,1,7,74,18446731704203209823
137,3,3,1,7,75,18446731704203209823
137,3,3,1,7,76,18446731704203209823
137,3,3,1,7,77,18446731704203209823
137,3,3,1,7,78,18446731704203209823
137,3,3,1,7,79,18446731704203209823
137,3,3,1,7,80,18446731704203209823
137,3,3,1,7,81,18446731704203209823
137,3,3,1,7,82,18446731704203209823
137,3,3,1,7,83,18446731704203209823
137,3,3,1,7,84,18446731704203209823
137,3,3,1,7,85,18446731704203209823
137,3,3,1,7,86,18446731704203209823
137,3,3,1,7,87,18446731704203209823
137,3,3,1,7,88,18446731704203209823
137,3,3,1,7,89,18446731704203209823
137,3,3,1,7,90,18446731704203209823
137,3,3,1,7,91,18446731704203209823
137,3,3,1,7,92,18446731704203209823
137,3,3,1,7,93,18446731704203209823
137,3,3,1,7,94,18446731704203209823
137,3,3,1,7,95,18446731704203209823
137,3,3,1,7,96,18446731704203209823
137,3,3,1,7,97,18446731704203209823
137,3,3,1,7,98,18446731704203209823
137,3,3,1,7,99,18446731704203209823
138,3,4,1,0,0,288234087004086176
138,3,4,1,0,1,288234087004086176
138,3,4,1,0,2,288234087004086176
138,3,4,1,0,3,288234087004086176
138,3,4,1,0,4,288234087004086176
138,3,4,1,0,5,288242883097108384
138,3,4,1,0,6,288234087004086176
138,3,4,1,0,7,288242883097108384
138,3,4,1,0,8,288234087004086176
138,3,4,1,0,9,288233949565132704
138,3,4,1,0,10,288242883097108384
138,3,4,1,0,11,288234087004086176
138,3,4,1,0,12,288242883097108384
138,3,4,1,0,13,288233949565132704
138,3,4,1,0,14,288233949565132704
138,3,4,1,0,15,288242883097108384
138,3,4,1,0,16,288242883097108384
138,3,4,1,0,17,288233949565132704
138,3,4,1,0,18,288234087004086176
138,3,4,1,0,19,288234087004086176
138,3,4,1,0,20,288234087004086176
138,3,4,1,0,21,288242883097108384
138,3,4,1,0,22,288234087004086176
138,3,4,1,0,23,288233949565132704
138,3,4,1,0,24,288234087004086176
138,3,4,1,0,25,288233949565132704
138,3,4,1,0,26,288234087004086176
138,3,4,1,0,27,288233949565132704
138,3,4,1,0,28,288242883097108384
138,3,4,1,0,29,288233949565132704
138,3,4,1,0,30,288234087004086176
138,3,4,1,0,31,288242883097108384
138,3,4,1,0,32,288234087004086176
138,3,4,1,0,33,288234087004086176
138,3,4,1,0,34,288234087004086176
138,3,4,1,0,35,288233949565132704
138,3,4,1,0,36,288233949565132704
138,3,4,1,0,37,288242883097108384
138,3,4,1,0,38,288233949565132704
138,3,4,1,0,39,288233949565132704
138,3,4,1,0,40,288242883097108384
138,3,4,1,0,41,288234087004086176
138,3,4,1,0,42,288234087004086176
138,3,4,1,0,43,288234087004086176
138,3,4,1,0,44,288233949565132704
138,3,4,1,0,45,288234087004086176
138,3,4,1,0,46,288242883097108384
138,3,4,1,0,47,288233949565132704
138,3,4,1,0,48,288242883097108384
138,3,4,1,0,49,288242883097108384
138,3,4,1,0,50,288234087004086176
138,3,4,1,0,51,288234087004086176
138,3,4,1,0,52,288234087004086176
138,3,4,1,0,53,288234087004086176
138,3,4,1,0,54,288242883097108384
138,3,4,1,0,55,288242883097108384
138,3,4,1,0,56,288242883097108384
138,3,4,1,0,57,288242883097108384
138,3,4,1,0,58,288242883097108384
138,3,4,1,0,59,288233949565132704
138,3,4,1,0,60,288233949565132704
138,3,4,1,0,61,288233949565132704
138,3,4,1,0,62,288242883097108384
138,3,4,1,0,63,288234087004086176
138,3,4,1,0,64,288242883097108384
138,3,4,1,0,65,288234087004086176
138,3,4,1,0,66,288234087004086176
138,3,4,1,0,67,288242883097108384
138,3,4,1,0,68,288242883097108384
138,3,4,1,0,69,288234087004086176
138,3,4,1,0,70,288233949565132704
138,3,4,1,0,71,288234087004086176
138,3,4,1,0,72,288234087004086176
138,3,4,1,0,73,288233949565132704
138,3,4,1,0,74,288242883097108384
138,3,4,1,0,75,288242883097108384
138,3,4,1,0,76,288234087004086176
138,3,4,1,0,77,288233949565132704
138,3,4,1,0,78,288233949565132704
138,3,4,1,0,79,288234087004086176
138,3,4,1,0,80,288234087004086176
138,3,4,1,0,81,288234087004086176
138,3,4,1,0,82,288233949565132704
138,3,4,1,0,83,288234087004086176
138,3,4,1,0,84,288234087004086176
138,3,4,1,0,85,288234087004086176
138,3,4,1,0,86,288234087004086176
138,3,4,1,0,87,288233949565132704
138,3,4,1,0,88,288234087004086176
138,3,4,1,0,89,288233949565132704
138,3,4,1,0,90,288234087004086176
138,3,4,1,0,91,288242883097108384
138,3,4,1,0,92,288233949565132704
138,3,4,1,0,93,288234087004086176
138,3,4,1,0,94,288242883097108384
138,3,4,1,0,95,288242883097108384
138,3,4,1,0,96,288233949565132704
138,3,4,1,0,97,288233949565132704
138,3,4,1,0,98,288234087004086176
138,3,4,1,0,99,288233949565132704
139,3,4,1,2,0,3573413352352
139,3,4,1,2,1,3573413352352
139,3,4,1,2,2,3573413352352
139,3,4,1,2,3,3573413352352
139,3,4,1,2,4,3573413352352
139,3,4,1,2,5,3573413352352
139,3,4,1,2,6,3573413352352
139,3,4,1,2,7,3573413352352
139,3,4,1,2,8,3573413352352
139,3,4,1,2,9,3573413352352
139,3,4,1,2,10,3573413352352
139,3,4,1,2,11,3573413352352
139,3,4,1,2,12,3573413352352
139,3,4,1,2,13,3573413352352
139,3,4,1,2,14,3573413352352
139,3,4,1,2,15,3573413352352
139,3,4,1,2,16,3573413352352
139,3,4,1,2,17,3573413352352
139,3,4,1,2,18,3573413352352
139,3,4,1,2,19,3573413352352
139,3,4,1,2,20,3573413352352
139,3,4,1,2,21,3573413352352
139,3,4,1,2,22,3573413352352
139,3,4,1,2,23,3573413352352
139,3,4,1,2,24,3573413352352
139,3,4,1,2,25,3573413352352
139,3,4,1,2,26,3573413352352
139,3,4,1,2,27,3573413352352
139,3,4,1,2,28,3573413352352
139,3,4,1,2,29,3573413352352
139,3,4,1,2,30,3573413352352
139,3,4,1,2,31,3573413352352
139,3,4,1,2,32,3573413352352
139,3,4,1,2,33,3573413352352
139,3,4,1,2,34,3573413352352
139,3,4,1,2,35,3573413352352
139,3,4,1,2,36,3573413352352
139,3,4,1,2,37,3573413352352
139,3,4,1,2,38,3573413352352
139,3,4,1,2,39,3573413352352
139,3,4,1,2,40,3573413352352
139,3,4,1,2,41,3573413352352
139,3,4,1,2,42,3573413352352
139,3,4,1,2,43,3573413352352
139,3,4,1,2,44,3573413352352
139,3,4,1,2,45,3573413352352
139,3,4,1,2,46,3573413352352
139,3,4,1,2,47,3573413352352
139,3,4,1,2,48,3573413352352
139,3,4,1,2,49,3573413352352
139,3,4,1,2,50,3573413352352
139,3,4,1,2,51,3573413352352
139,3,4,1,2,52,3573413352352
139,3,4,1,2,53,3573413352352
139,3,4,1,2,54,3573413352352
139,3,4,1,2,55,3573413352352
139,3,4,1,2,56,3573413352352
139,3,4,1,2,57,3573413352352
139,3,4,1,2,58,3573413352352
139,3,4,1,2,59,3573413352352
139,3,4,1,2,60,3573413352352
139,3,4,1,2,61,3573413352352
139,3,4,1,2,62,3573413352352
139,3,4,1,2,63,3573413352352
139,3,4,1,2,64,3573413352352
139,3,4,1,2,65,3573413352352
139,3,4,1,2,66,3573413352352
139,3,4,1,2,67,3573413352352
139,3,4,1,2,68,3573413352352
139,3,4,1,2,69,3573413352352
139,3,4,1,2,70,3573413352352
139,3,4,1,2,71,3573413352352
139,3,4,1,2,72,3573413352352
139,3,4,1,2,73,3573413352352
139,3,4,1,2,74,3573413352352
139,3,4,1,2,75,3573413352352
139,3,4,1,2,76,3573413352352
139,3,4,1,2,77,3573413352352
139,3,4,1,2,78,3573413352352
139,3,4,1,2,79,3573413352352
139,3,4,1,2,80,3573413352352
139,3,4,1,2,81,3573413352352
139,3,4,1,2,82,3573413352352
139,3,4,1,2,83,3573413352352
139,3,4,1,2,84,3573413352352
139,3,4,1,2,85,3573413352352
139,3,4,1,2,86,3573413352352
139,3,4,1,2,87,3573413352352
139,3,4,1,2,88,3573413352352
139,3,4,1,2,89,3573413352352
139,3,4,1,2,90,3573413352352
139,3,4,1,2,91,3573413352352
139,3,4,1,2,92,3573413352352
139,3,4,1,2,93,3573413352352
139,3,4,1,2,94,3573413352352
139,3,4,1,2,95,3573413352352
139,3,4,1,2,96,3573413352352
139,3,4,1,2,97,3573413352352
139,3,4,1,2,98,3573413352352
139,3,4,1,2,99,3573413352352
140,3,4,1,4,0,288242904571944872
140,3,4,1,4,1,288242904571944872
140,3,4,1,4,2,288242904571944872
140,3,4,1,4,3,288242904571944872
140,3,4,1,4,4,288242904571944872
140,3,4,1,4,5,288242887392075688
140,3,4,1,4,6,288242887392075688
140,3,4,1,4,7,288242887392075688
140,3,4,1,4,8,288242904571944872
140,3,4,1,4,9,288242904571944872
140,3,4,1,4,10,288242904571944872
140,3,4,1,4,11,288242887392075688
140,3,4,1,4,12,288242904571944872
140,3,4,1,4,13,288242904571944872
140,3,4,1,4,14,288242904571944872
140,3,4,1,4,15,288242887392075688
140,3,4,1,4,16,288242887392075688
140,3,4,1,4,17,288242904571944872
140,3,4,1,4,18,288242904571944872
140,3,4,1,4,19,288242904571944872
140,3,4,1,4,20,288242887392075688
140,3,4,1,4,21,288242887392075688
140,3,4,1,4,22,288242904571944872
140,3,4,1,4,23,288242904571944872
140,3,4,1,4,24,288242904571944872
140,3,4,1,4,25,288242887392075688
140,3,4,1,4,26,288242904571944872
140,3,4,1,4,27,288242904571944872
140,3,4,1,4,28,288242887392075688
140,3,4,1,4,29,288242904571944872
140,3,4,1,4,30,288242904571944872
140,3,4,1,4,31,288242887392075688
140,3,4,1,4,32,288242904571944872
140,3,4,1,4,33,288242904571944872
140,3,4,1,4,34,288242904571944872
140,3,4,1,4,35,288242904571944872
140,3,4,1,4,36,288242887392075688
140,3,4,1,4,37,288242904571944872
140,3,4,1,4,38,288242904571944872
140,3,4,1,4,39,288242904571944872
140,3,4,1,4,40,288242887392075688
140,3,4,1,4,41,288242904571944872
140,3,4,1,4,42,288242904571944872
140,3,4,1,4,43,288242904571944872
140,3,4,1,4,44,288242904571944872
140,3,4,1,4,45,288242887392075688
140,3,4,1,4,46,288242904571944872
140,3,4,1,4,47,288242904571944872
140,3,4,1,4,48,288242887392075688
140,3,4,1,4,49,288242904571944872
140,3,4,1,4,50,288242904571944872
140,3,4,1,4,51,288242904571944872
140,3,4,1,4,52,288242887392075688
140,3,4,1,4,53,288242904571944872
140,3,4,1,4,54,288242904571944872
140,3,4,1,4,55,288242904571944872
140,3,4,1,4,56,288242887392075688
140,3,4,1,4,57,288242904571944872
140,3,4,1,4,58,288242904571944872
140,3,4,1,4,59,288242887392075688
140,3,4,1,4,60,288242887392075688
140,3,4,1,4,61,288242887392075688
140,3,4,1,4,62,288242887392075688
140,3,4,1,4,63,288242887392075688
140,3,4,1,4,64,288242904571944872
140,3,4,1,4,65,288242904571944872
140,3,4,1,4,66,288242904571944872
140,3,4,1,4,67,288242904571944872
140,3,4,1,4,68,288242887392075688
140,3,4,1,4,69,288242904571944872
140,3,4,1,4,70,288242887392075688
140,3,4,1,4,71,288242887392075688
140,3,4,1,4,72,288242904571944872
140,3,4,1,4,73,288242904571944872
140,3,4,1,4,74,288242887392075688
140,3,4,1,4,75,288242904571944872
140,3,4,1,4,76,288242904571944872
140,3,4,1,4,77,288242887392075688
140,3,4,1,4,78,288242904571944872
140,3,4,1,4,79,288242904571944872
140,3,4,1,4,80,288242904571944872
140,3,4,1,4,81,288242904571944872
140,3,4,1,4,82,288242887392075688
140,3,4,1,4,83,288242904571944872
140,3,4,1,4,84,288242887392075688
140,3,4,1,4,85,288242904571944872
140,3,4,1,4,86,288242887392075688
140,3,4,1,4,87,288242887392075688
140,3,4,1,4,88,288242904571944872
140,3,4,1,4,89,288242904571944872
140,3,4,1,4,90,288242887392075688
140,3,4,1,4,91,288242904571944872
140,3,4,1,4,92,288242904571944872
140,3,4,1,4,93,288242904571944872
140,3,4,1,4,94,288242887392075688
140,3,4,1,4,95,288242887392075688
140,3,4,1,4,96,288242904571944872
140,3,4,1,4,97,288242887392075688
140,3,4,1,4,98,288242904571944872
140,3,4,1,4,99,288242887392075688
141,3,4,1,6,0,3573413352352
141,3,4,1,6,1,3573413352352
141,3,4,1,6,2,3573413352352
141,3,4,1,6,3,3573413352352
141,3,4,1,6,4,3573413352352
141,3,4,1,6,5,3573413352352
141,3,4,1,6,6,3573413352352
141,3,4,1,6,7,3573413352352
141,3,4,1,6,8,3573413352352
141,3,4,1,6,9,3573413417888
141,3,4,1,6,10,3573413352352
141,3,4,1,6,11,3573413352352
141,3,4,1,6,12,3573413352352
141,3,4,1,6,13,3573413352352
141,3,4,1,6,14,3573413352352
141,3,4,1,6,15,3573413352352
141,3,4,1,6,16,3573413352352
141,3,4,1,6,17,3573413352352
141,3,4,1,6,18,3573413352352
141,3,4,1,6,19,3573413417888
141,3,4,1,6,20,3573413352352
141,3,4,1,6,21,3573413352352
141,3,4,1,6,22,3573413352352
141,3,4,1,6,23,3573413417888
141,3,4,1,6,24,3573413417888
141,3,4,1,6,25,3573413352352
141,3,4,1,6,26,3573413352352
141,3,4,1,6,27,3573413352352
141,3,4,1,6,28,3573413352352
141,3,4,1,6,29,3573413352352
141,3,4,1,6,30,3573413352352
141,3,4,1,6,31,3573413417888
141,3,4,1,6,32,3573413352352
141,3,4,1,6,33,3573413352352
141,3,4,1,6,34,3573413352352
141,3,4,1,6,35,3573413352352
141,3,4,1,6,36,3573413352352
141,3,4,1,6,37,3573413417888
141,3,4,1,6,38,3573413352352
141,3,4,1,6,39,3573413352352
141,3,4,1,6,40,3573413352352
141,3,4,1,6,41,3573413417888
141,3,4,1,6,42,3573413352352
141,3,4,1,6,43,3573413352352
141,3,4,1,6,44,3573413352352
141,3,4,1,6,45,3573413352352
141,3,4,1,6,46,3573413352352
141,3,4,1,6,47,3573413352352
141,3,4,1,6,48,3573413352352
141,3,4,1,6,49,3573413417888
141,3,4,1,6,50,3573413352352
141,3,4,1,6,51,3573413417888
141,3,4,1,6,52,3573413352352
141,3,4,1,6,53,3573413352352
141,3,4,1,6,54,3573413417888
141,3,4,1,6,55,3573413352352
141,3,4,1,6,56,3573413352352
141,3,4,1,6,57,3573413352352
141,3,4,1,6,58,3573413352352
141,3,4,1,6,59,3573413352352
141,3,4,1,6,60,3573413352352
141,3,4,1,6,61,3573413352352
141,3,4,1,6,62,3573413352352
141,3,4,1,6,63,3573413352352
141,3,4,1,6,64,3573413352352
141,3,4,1,6,65,3573413352352
141,3,4,1,6,66,3573413352352
141,3,4,1,6,67,3573413352352
141,3,4,1,6,68,3573413352352
141,3,4,1,6,69,3573413352352
141,3,4,1,6,70,3573413352352
141,3,4,1,6,71,3573413352352
141,3,4,1,6,72,3573413352352
141,3,4,1,6,73,3573413352352
141,3,4,1,6,74,3573413352352
141,3,4,1,6,75,3573413352352
141,3,4,1,6,76,3573413352352
141,3,4,1,6,77,3573413352352
141,3,4,1,6,78,3573413352352
141,3,4,1,6,79,3573413352352
141,3,4,1,6,80,3573413417888
141,3,4,1,6,81,3573413352352
141,3,4,1,6,82,3573413352352
141,3,4,1,6,83,3573413352352
141,3,4,1,6,84,3573413352352
141,3,4,1,6,85,3573413352352
141,3,4,1,6,86,3573413352352
141,3,4,1,6,87,3573413352352
141,3,4,1,6,88,3573413352352
141,3,4,1,6,89,3573413352352
141,3,4,1,6,90,3573413352352
141,3,4,1,6,91,3573413352352
141,3,4,1,6,92,3573413352352
141,3,4,1,6,93,3573413352352
141,3,4,1,6,94,3573413352352
141,3,4,1,6,95,3573413352352
141,3,4,1,6,96,3573413352352
141,3,4,1,6,97,3573413352352
141,3,4,1,6,98,3573413352352
141,3,4,1,6,99,3573413352352
142,3,5,1,1,0,18446731704203209823
142,3,5,1,1,1,18446731704203209823
142,3,5,1,1,2,18446731704203209823
142,3,5,1,1,3,18446731704203209823
142,3,5,1,1,4,18446731704203209823
142,3,5,1,1,5,18446731704203209823
142,3,5,1,1,6,18446731704203209823
142,3,5,1,1,7,18446731704203209823
142,3,5,1,1,8,18446731704203209823
142,3,5,1,1,9,18446731704203209823
142,3,5,1,1,10,18446731704203209823
142,3,5,1,1,11,18446731704203209823
142,3,5,1,1,12,18446731704203209823
142,3,5,1,1,13,18446731704203209823
142,3,5,1,1,14,18446731704203209823
142,3,5,1,1,15,18446731704203209823
142,3,5,1,1,16,18446731704203209823
142,3,5,1,1,17,18446731704203209823
142,3,5,1,1,18,18446731704203209823
142,3,5,1,1,19,18446731704203209823
142,3,5,1,1,20,18446731704203209823
142,3,5,1,1,21,18446731704203209823
142,3,5,1,1,22,18446731704203209823
142,3,5,1,1,23,18446731704203209823
142,3,5,1,1,24,18446731704203209823
142,3,5,1,1,25,18446731704203209823
142,3,5,1,1,26,18446731704203209823
142,3,5,1,1,27,18446731704203209823
142,3,5,1,1,28,18446731704203209823
142,3,5,1,1,29,18446731704203209823
142,3,5,1,1,30,18446731704203209823
142,3,5,1,1,31,18446731704203209823
142,3,5,1,1,32,18446731704203209823
142,3,5,1,1,33,18446731704203209823
142,3,5,1,1,34,18446731704203209823
142,3,5,1,1,35,18446731704203209823
142,3,5,1,1,36,18446731704203209823
142,3,5,1,1,37,18446731704203209823
142,3,5,1,1,38,18446731704203209823
142,3,5,1,1,39,18446731704203209823
142,3,5,1,1,40,18446731704203209823
142,3,5,1,1,41,18446731704203209823
142,3,5,1,1,42,18446731704203209823
142,3,5,1,1,43,18446731704203209823
142,3,5,1,1,44,18446731704203209823
142,3,5,1,1,45,18446731704203209823
142,3,5,1,1,46,18446731704203209823
142,3,5,1,1,47,18446731704203209823
142,3,5,1,1,48,18446731704203209823
142,3,5,1,1,49,18446731704203209823
142,3,5,1,1,50,18446731704203209823
142,3,5,1,1,51,18446731704203209823
142,3,5,1,1,52,18446731704203209823
142,3,5,1,1,53,18446731704203209823
142,3,5,1,1,54,18446731704203209823
142,3,5,1,1,55,18446731704203209823
142,3,5,1,1,56,18446731704203209823
142,3,5,1,1,57,18446731704203209823
142,3,5,1,1,58,18446731704203209823
142,3,5,1,1,59,18446731704203209823
142,3,5,1,1,60,18446731704203209823
142,3,5,1,1,61,18446731704203209823
142,3,5,1,1,62,18446731704203209823
142,3,5,1,1,63,18446731704203209823
142,3,5,1,1,64,18446731704203209823
142,3,5,1,1,65,18446731704203209823
142,3,5,1,1,66,18446731704203209823
142,3,5,1,1,67,18446731704203209823
142,3,5,1,1,68,18446731704203209823
142,3,5,1,1,69,18446731704203209823
142,3,5,1,1,70,18446731704203209823
142,3,5,1,1,71,18446731704203209823
142,3,5,1,1,72,18446731704203209823
142,3,5,1,1,73,18446731704203209823
142,3,5,1,1,74,18446731704203209823
142,3,5,1,1,75,18446731704203209823
142,3,5,1,1,76,18446731704203209823
142,3,5,1,1,77,18446731704203209823
142,3,5,1,1,78,18446731704203209823
142,3,5,1,1,79,18446731704203209823
142,3,5,1,1,80,18446731704203209823
142,3,5,1,1,81,18446731704203209823
142,3,5,1,1,82,18446731704203209823
142,3,5,1,1,83,18446731704203209823
142,3,5,1,1,84,18446731704203209823
142,3,5,1,1,85,18446731704203209823
142,3,5,1,1,86,18446731704203209823
142,3,5,1,1,87,18446731704203209823
142,3,5,1,1,88,18446731704203209823
142,3,5,1,1,89,18446731704203209823
142,3,5,1,1,90,18446731704203209823
142,3,5,1,1,91,18446731704203209823
142,3,5,1,1,92,18446731704203209823
142,3,5,1,1,93,18446731704203209823
142,3,5,1,1,94,18446731704203209823
142,3,5,1,1,95,18446731704203209823
142,3,5,1,1,96,18446731704203209823
142,3,5,1,1,97,18446731704203209823
142,3,5,1,1,98,18446731704203209823
142,3,5,1,1,99,18446731704203209823
143,3,5,1,3,0,18446731704203209823
143,3,5,1,3,1,18446731704203209823
143,3,5,1,3,2,18446731704203209823
143,3,5,1,3,3,18446731704203209823
143,3,5,1,3,4,18446731704203209823
143,3,5,1,3,5,18446731704203209823
143,3,5,1,3,6,18446731704203209823
143,3,5,1,3,7,18446731704203209823
143,3,5,1,3,8,18446731704203209823
143,3,5,1,3,9,18446731704203209823
143,3,5,1,3,10,18446731704203209823
143,3,5,1,3,11,18446731704203209823
143,3,5,1,3,12,18446731704203209823
143,3,5,1,3,13,18446731704203209823
143,3,5,1,3,14,18446731704203209823
143,3,5,1,3,15,18446731704203209823
143,3,5,1,3,16,18446731704203209823
143,3,5,1,3,17,18446731704203209823
143,3,5,1,3,18,18446731704203209823
143,3,5,1,3,19,18446731704203209823
143,3,5,1,3,20,18446731704203209823
143,3,5,1,3,21,18446731704203209823
143,3,5,1,3,22,18446731704203209823
143,3,5,1,3,23,18446731704203209823
143,3,5,1,3,24,18446731704203209823
143,3,5,1,3,25,18446731704203209823
143,3,5,1,3,26,18446731704203209823
143,3,5,1,3,27,18446731704203209823
143,3,5,1,3,28,18446731704203209823
143,3,5,1,3,29,18446731704203209823
143,3,5,1,3,30,18446731704203209823
143,3,5,1,3,31,18446731704203209823
143,3,5,1,3,32,18446731704203209823
143,3,5,1,3,33,18446731704203209823
143,3,5,1,3,34,18446731704203209823
143,3,5,1,3,35,18446731704203209823
143,3,5,1,3,36,18446731704203209823
143,3,5,1,3,37,18446731704203209823
143,3,5,1,3,38,18446731704203209823
143,3,5,1,3,39,18446731704203209823
143,3,5,1,3,40,18446731704203209823
143,3,5,1,3,41,18446731704203209823
143,3,5,1,3,42,18446731704203209823
143,3,5,1,3,43,18446731704203209823
143,3,5,1,3,44,18446731704203209823
143,3,5,1,3,45,18446731704203209823
143,3,5,1,3,46,18446731704203209823
143,3,5,1,3,47,18446731704203209823
143,3,5,1,3,48,18446731704203209823
143,3,5,1,3,49,18446731704203209823
143,3,5,1,3,50,18446731704203209823
143,3,5,1,3,51,18446731704203209823
143,3,5,1,3,52,18446731704203209823
143,3,5,1,3,53,18446731704203209823
143,3,5,1,3,54,18446731704203209823
143,3,5,1,3,55,18446731704203209823
143,3,5,1,3,56,18446731704203209823
143,3,5,1,3,57,18446731704203209823
143,3,5,1,3,58,18446731704203209823
143,3,5,1,3,59,18446731704203209823
143,3,5,1,3,60,18446731704203209823
143,3,5,1,3,61,18446731704203209823
143,3,5,1,3,62,18446731704203209823
143,3,5,1,3,63,18446731704203209823
143,3,5,1,3,64,18446731704203209823
143,3,5,1,3,65,18446731704203209823
143,3,5,1,3,66,18446731704203209823
143,3,5,1,3,67,18446731704203209823
143,3,5,1,3,68,18446731704203209823
143,3,5,1,3,69,18446731704203209823
143,3,5,1,3,70,18446731704203209823
143,3,5,1,3,71,18446731704203209823
143,3,5,1,3,72,18446731704203209823
143,3,5,1,3,73,18446731704203209823
143,3,5,1,3,74,18446731704203209823
143,3,5,1,3,75,18446731704203209823
143,3,5,1,3,76,18446731704203209823
143,3,5,1,3,77,18446731704203209823
143,3,5,1,3,78,18446731704203209823
143,3,5,1,3,79,18446731704203209823
143,3,5,1,3,80,18446731704203209823
143,3,5,1,3,81,18446731704203209823
143,3,5,1,3,82,18446731704203209823
143,3,5,1,3,83,18446731704203209823
143,3,5,1,3,84,18446731704203209823
143,3,5,1,3,85,18446731704203209823
143,3,5,1,3,86,18446731704203209823
143,3,5,1,3,87,18446731704203209823
143,3,5,1,3,88,18446731704203209823
143,3,5,1,3,89,18446731704203209823
143,3,5,1,3,90,18446731704203209823
143,3,5,1,3,91,18446731704203209823
143,3,5,1,3,92,18446731704203209823
143,3,5,1,3,93,18446731704203209823
143,3,5,1,3,94,18446731704203209823
143,3,5,1,3,95,18446731704203209823
143,3,5,1,3,96,18446731704203209823
143,3,5,1,3,97,18446731704203209823
143,3,5,1,3,98,18446731704203209823
143,3,5,1,3,99,18446731704203209823
144,3,5,1,5,0,18446731704203209821
144,3,5,1,5,1,18446731704203209823
144,3,5,1,5,2,18446731704203209823
144,3,5,1,5,3,18446731704203209823
144,3,5,1,5,4,18446731704203209821
144,3,5,1,5,5,18446731704203209823
144,3,5,1,5,6,18446731704203209821
144,3,5,1,5,7,18446731704203209821
144,3,5,1,5,8,18446731704203209821
144,3,5,1,5,9,18446731704203209821
144,3,5,1,5,10,18446731704203209823
144,3,5,1,5,11,18446731704203209823
144,3,5,1,5,12,18446731704203209823
144,3,5,1,5,13,18446731704203209821
144,3,5,1,5,14,18446731704203209823
144,3,5,1,5,15,18446731704203209821
144,3,5,1,5,16,18446731704203209821
144,3,5,1,5,17,18446731704203209823
144,3,5,1,5,18,18446731704203209823
144,3,5,1,5,19,18446731704203209823
144,3,5,1,5,20,18446731704203209821
144,3,5,1,5,21,18446731704203209823
144,3,5,1,5,22,18446731704203209823
144,3,5,1,5,23,18446731704203209821
144,3,5,1,5,24,18446731704203209823
144,3,5,1,5,25,18446731704203209823
144,3,5,1,5,26,18446731704203209821
144,3,5,1,5,27,18446731704203209821
144,3,5,1,5,28,18446731704203209821
144,3,5,1,5,29,18446731704203209821
144,3,5,1,5,30,18446731704203209821
144,3,5,1,5,31,18446731704203209823
144,3,5,1,5,32,18446731704203209823
144,3,5,1,5,33,18446731704203209823
144,3,5,1,5,34,18446731704203209823
144,3,5,1,5,35,18446731704203209823
144,3,5,1,5,36,18446731704203209821
144,3,5,1,5,37,18446731704203209821
144,3,5,1,5,38,18446731704203209823
144,3,5,1,5,39,18446731704203209823
144,3,5,1,5,40,18446731704203209823
144,3,5,1,5,41,18446731704203209823
144,3,5,1,5,42,18446731704203209823
144,3,5,1,5,43,18446731704203209821
144,3,5,1,5,44,18446731704203209823
144,3,5,1,5,45,18446731704203209823
144,3,5,1,5,46,18446731704203209821
144,3,5,1,5,47,18446731704203209823
144,3,5,1,5,48,18446731704203209823
144,3,5,1,5,49,18446731704203209823
144,3,5,1,5,50,18446731704203209821
144,3,5,1,5,51,18446731704203209821
144,3,5,1,5,52,18446731704203209821
144,3,5,1,5,53,18446731704203209823
144,3,5,1,5,54,18446731704203209823
144,3,5,1,5,55,18446731704203209821
144,3,5,1,5,56,18446731704203209823
144,3,5,1,5,57,18446731704203209823
144,3,5,1,5,58,18446731704203209821
144,3,5,1,5,59,18446731704203209823
144,3,5,1,5,60,18446731704203209823
144,3,5,1,5,61,18446731704203209823
144,3,5,1,5,62,18446731704203209823
144,3,5,1,5,63,18446731704203209821
144,3,5,1,5,64,18446731704203209823
144,3,5,1,5,65,18446731704203209823
144,3,5,1,5,66,18446731704203209823
144,3,5,1,5,67,18446731704203209823
144,3,5,1,5,68,18446731704203209823
144,3,5,1,5,69,18446731704203209823
144,3,5,1,5,70,18446731704203209823
144,3,5,1,5,71,18446731704203209823
144,3,5,1,5,72,18446731704203209823
144,3,5,1,5,73,18446731704203209823
144,3,5,1,5,74,18446731704203209821
144,3,5,1,5,75,18446731704203209821
144,3,5,1,5,76,18446731704203209823
144,3,5,1,5,77,18446731704203209823
144,3,5,1,5,78,18446731704203209821
144,3,5,1,5,79,18446731704203209823
144,3,5,1,5,80,18446731704203209823
144,3,5,1,5,81,18446731704203209823
144,3,5,1,5,82,18446731704203209823
144,3,5,1,5,83,18446731704203209821
144,3,5,1,5,84,18446731704203209821
144,3,5,1,5,85,18446731704203209823
144,3,5,1,5,86,18446731704203209823
144,3,5,1,5,87,18446731704203209823
144,3,5,1,5,88,18446731704203209823
144,3,5,1,5,89,18446731704203209823
144,3,5,1,5,90,18446731704203209821
144,3,5,1,5,91,18446731704203209823
144,3,5,1,5,92,18446731704203209821
144,3,5,1,5,93,18446731704203209821
144,3,5,1,5,94,18446731704203209823
144,3,5,1,5,95,18446731704203209823
144,3,5,1,5,96,18446731704203209823
144,3,5,1,5,97,18446731704203209823
144,3,5,1,5,98,18446731704203209823
144,3,5,1,5,99,18446731704203209823
145,3,5,1,7,0,18446731704203209823
145,3,5,1,7,1,18446731704203209823
145,3,5,1,7,2,18446731704203209823
145,3,5,1,7,3,18446731704203209823
145,3,5,1,7,4,18446731704203209823
145,3,5,1,7,5,18446731704203209823
145,3,5,1,7,6,18446731704203209823
145,3,5,1,7,7,18446731704203209823
145,3,5,1,7,8,18446731704203209823
145,3,5,1,7,9,18446731704203209823
145,3,5,1,7,10,18446731704203209823
145,3,5,1,7,11,18446731704203209823
145,3,5,1,7,12,18446731704203209823
145,3,5,1,7,13,18446731704203209823
145,3,5,1,7,14,18446731704203209823
145,3,5,1,7,15,18446731704203209823
145,3,5,1,7,16,18446731704203209823
145,3,5,1,7,17,18446731704203209823
145,3,5,1,7,18,18446731704203209823
145,3,5,1,7,19,18446731704203209823
145,3,5,1,7,20,18446731704203209823
145,3,5,1,7,21,18446731704203209823
145,3,5,1,7,22,18446731704203209823
145,3,5,1,7,23,18446731704203209823
145,3,5,1,7,24,18446731704203209823
145,3,5,1,7,25,18446731704203209823
145,3,5,1,7,26,18446731704203209823
145,3,5,1,7,27,18446731704203209823
145,3,5,1,7,28,18446731704203209823
145,3,5,1,7,29,18446731704203209823
145,3,5,1,7,30,18446731704203209823
145,3,5,1,7,31,18446731704203209823
145,3,5,1,7,32,18446731704203209823
145,3,5,1,7,33,18446731704203209823
145,3,5,1,7,34,18446731704203209823
145,3,5,1,7,35,18446731704203209823
145,3,5,1,7,36,18446731704203209823
145,3,5,1,7,37,18446731704203209823
145,3,5,1,7,38,18446731704203209823
145,3,5,1,7,39,18446731704203209823
145,3,5,1,7,40,18446731704203209823
145,3,5,1,7,41,18446731704203209823
145,3,5,1,7,42,18446731704203209823
145,3,5,1,7,43,18446731704203209823
145,3,5,1,7,44,18446731704203209823
145,3,5,1,7,45,18446731704203209823
145,3,5,1,7,46,18446731704203209823
145,3,5,1,7,47,18446731704203209823
145,3,5,1,7,48,18446731704203209823
145,3,5,1,7,49,18446731704203209823
145,3,5,1,7,50,18446731704203209823
145,3,5,1,7,51,18446731704203209823
145,3,5,1,7,52,18446731704203209823
145,3,5,1,7,53,18446731704203209823
145,3,5,1,7,54,18446731704203209823
145,3,5,1,7,55,18446731704203209823
145,3,5,1,7,56,18446731704203209823
145,3,5,1,7,57,18446731704203209823
145,3,5,1,7,58,18446731704203209823
145,3,5,1,7,59,18446731704203209823
145,3,5,1,7,60,18446731704203209823
145,3,5,1,7,61,18446731704203209823
145,3,5,1,7,62,18446731704203209823
145,3,5,1,7,63,18446731704203209823
145,3,5,1,7,64,18446731704203209823
145,3,5,1,7,65,18446731704203209823
145,3,5,1,7,66,18446731704203209823
145,3,5,1,7,67,18446731704203209823
145,3,5,1,7,68,18446731704203209823
145,3,5,1,7,69,18446731704203209823
145,3,5,1,7,70,18446731704203209823
145,3,5,1,7,71,18446731704203209823
145,3,5,1,7,72,18446731704203209823
145,3,5,1,7,73,18446731704203209823
145,3,5,1,7,74,18446731704203209823
145,3,5,1,7,75,18446731704203209823
145,3,5,1,7,76,18446731704203209823
145,3,5,1,7,77,18446731704203209823
145,3,5,1,7,78,18446731704203209823
145,3,5,1,7,79,18446731704203209823
145,3,5,1,7,80,18446731704203209823
145,3,5,1,7,81,18446731704203209823
145,3,5,1,7,82,18446731704203209823
145,3,5,1,7,83,18446731704203209823
145,3,5,1,7,84,18446731704203209823
145,3,5,1,7,85,18446731704203209823
145,3,5,1,7,86,18446731704203209823
145,3,5,1,7,87,18446731704203209823
145,3,5,1,7,88,18446731704203209823
145,3,5,1,7,89,18446731704203209823
145,3,5,1,7,90,18446731704203209823
145,3,5,1,7,91,18446731704203209823
145,3,5,1,7,92,18446731704203209823
145,3,5,1,7,93,18446731704203209823
145,3,5,1,7,94,18446731704203209823
145,3,5,1,7,95,18446731704203209823
145,3,5,1,7,96,18446731704203209823
145,3,5,1,7,97,18446731704203209823
145,3,5,1,7,98,18446731704203209823
145,3,5,1,7,99,18446731704203209823
146,3,6,1,0,0,288233949565132704
146,3,6,1,0,1,288233949565132704
146,3,6,1,0,2,288233949565132704
146,3,6,1,0,3,288233949565132704
146,3,6,1,0,4,3573413420960
146,3,6,1,0,5,288233949565132704
146,3,6,1,0,6,3573413420960
146,3,6,1,0,7,288233949565132704
146,3,6,1,0,8,3573413420960
146,3,6,1,0,9,3573413420960
146,3,6,1,0,10,288233949565132704
146,3,6,1,0,11,3573413420960
146,3,6,1,0,12,288233949565132704
146,3,6,1,0,13,288233949565132704
146,3,6,1,0,14,288233949565132704
146,3,6,1,0,15,288233949565132704
146,3,6,1,0,16,3573413420960
146,3,6,1,0,17,3573413420960
146,3,6,1,0,18,288233949565132704
146,3,6,1,0,19,3573413420960
146,3,6,1,0,20,3573413420960
146,3,6,1,0,21,288233949565132704
146,3,6,1,0,22,288233949565132704
146,3,6,1,0,23,3573413420960
146,3,6,1,0,24,288233949565132704
146,3,6,1,0,25,3573413420960
146,3,6,1,0,26,288233949565132704
146,3,6,1,0,27,3573413420960
146,3,6,1,0,28,288233949565132704
146,3,6,1,0,29,288233949565132704
146,3,6,1,0,30,3573413420960
146,3,6,1,0,31,288233949565132704
146,3,6,1,0,32,288233949565132704
146,3,6,1,0,33,3573413420960
146,3,6,1,0,34,288233949565132704
146,3,6,1,0,35,288233949565132704
146,3,6,1,0,36,3573413420960
146,3,6,1,0,37,3573413420960
146,3,6,1,0,38,3573413420960
146,3,6,1,0,39,288233949565132704
146,3,6,1,0,40,3573413420960
146,3,6,1,0,41,288233949565132704
146,3,6,1,0,42,3573413420960
146,3,6,1,0,43,3573413420960
146,3,6,1,0,44,3573413420960
146,3,6,1,0,45,288233949565132704
146,3,6,1,0,46,288233949565132704
146,3,6,1,0,47,288233949565132704
146,3,6,1,0,48,3573413420960
146,3,6,1,0,49,288233949565132704
146,3,6,1,0,50,3573413420960
146,3,6,1,0,51,288233949565132704
146,3,6,1,0,52,288233949565132704
146,3,6,1,0,53,3573413420960
146,3,6,1,0,54,288233949565132704
146,3,6,1,0,55,3573413420960
146,3,6,1,0,56,288233949565132704
146,3,6,1,0,57,288233949565132704
146,3,6,1,0,58,288233949565132704
146,3,6,1,0,59,3573413420960
146,3,6,1,0,60,3573413420960
146,3,6,1,0,61,288233949565132704
146,3,6,1,0,62,288233949565132704
146,3,6,1,0,63,288233949565132704
146,3,6,1,0,64,288233949565132704
146,3,6,1,0,65,3573413420960
146,3,6,1,0,66,288233949565132704
146,3,6,1,0,67,288233949565132704
146,3,6,1,0,68,288233949565132704
146,3,6,1,0,69,288233949565132704
146,3,6,1,0,70,288233949565132704
146,3,6,1,0,71,3573413420960
146,3,6,1,0,72,3573413420960
146,3,6,1,0,73,3573413420960
146,3,6,1,0,74,288233949565132704
146,3,6,1,0,75,288233949565132704
146,3,6,1,0,76,288233949565132704
146,3,6,1,0,77,3573413420960
146,3,6,1,0,78,3573413420960
146,3,6,1,0,79,288233949565132704
146,3,6,1,0,80,3573413420960
146,3,6,1,0,81,288233949565132704
146,3,6,1,0,82,288233949565132704
146,3,6,1,0,83,3573413420960
146,3,6,1,0,84,288233949565132704
146,3,6,1,0,85,3573413420960
146,3,6,1,0,86,288233949565132704
146,3,6,1,0,87,3573413420960
146,3,6,1,0,88,3573413420960
146,3,6,1,0,89,3573413420960
146,3,6,1,0,90,288233949565132704
146,3,6,1,0,91,288233949565132704
146,3,6,1,0,92,3573413420960
146,3,6,1,0,93,3573413420960
146,3,6,1,0,94,3573413420960
146,3,6,1,0,95,3573413420960
146,3,6,1,0,96,288233949565132704
146,3,6,1,0,97,288233949565132704
146,3,6,1,0,98,288233949565132704
146,3,6,1,0,99,288233949565132704
147,3,6,1,2,0,3573413352352
147,3,6,1,2,1,3573413352352
147,3,6,1,2,2,3573413352352
147,3,6,1,2,3,3573413352352
147,3,6,1,2,4,3573413352352
147,3,6,1,2,5,3573413352352
147,3,6,1,2,6,3573413352352
147,3,6,1,2,7,3573413352352
147,3,6,1,2,8,3573413352352
147,3,6,1,2,9,3573413352352
147,3,6,1,2,10,3573413352352
147,3,6,1,2,11,3573413352352
147,3,6,1,2,12,3573413352352
147,3,6,1,2,13,3573413352352
147,3,6,1,2,14,3573413352352
147,3,6,1,2,15,3573413352352
147,3,6,1,2,16,3573413352352
147,3,6,1,2,17,3573413352352
147,3,6,1,2,18,3573413352352
147,3,6,1,2,19,3573413352352
147,3,6,1,2,20,3573413352352
147,3,6,1,2,21,3573413352352
147,3,6,1,2,22,3573413352352
147,3,6,1,2,23,3573413352352
147,3,6,1,2,24,3573413352352
147,3,6,1,2,25,3573413352352
147,3,6,1,2,26,3573413352352
147,3,6,1,2,27,3573413352352
147,3,6,1,2,28,3573413352352
147,3,6,1,2,29,3573413352352
147,3,6,1,2,30,3573413352352
147,3,6,1,2,31,3573413352352
147,3,6,1,2,32,3573413352352
147,3,6,1,2,33,3573413352352
147,3,6,1,2,34,3573413352352
147,3,6,1,2,35,3573413352352
147,3,6,1,2,36,3573413352352
147,3,6,1,2,37,3573413352352
147,3,6,1,2,38,3573413352352
147,3,6,1,2,39,3573413352352
147,3,6,1,2,40,3573413352352
147,3,6,1,2,41,3573413352352
147,3,6,1,2,42,3573413352352
147,3,6,1,2,43,3573413352352
147,3,6,1,2,44,3573413352352
147,3,6,1,2,45,3573413352352
147,3,6,1,2,46,3573413352352
147,3,6,1,2,47,3573413352352
147,3,6,1,2,48,3573413352352
147,3,6,1,2,49,3573413352352
147,3,6,1,2,50,3573413352352
147,3,6,1,2,51,3573413352352
147,3,6,1,2,52,3573413352352
147,3,6,1,2,53,3573413352352
147,3,6,1,2,54,3573413352352
147,3,6,1,2,55,3573413352352
147,3,6,1,2,56,3573413352352
147,3,6,1,2,57,3573413352352
147,3,6,1,2,58,3573413352352
147,3,6,1,2,59,3573413352352
147,3,6,1,2,60,3573413352352
147,3,6,1,2,61,3573413352352
147,3,6,1,2,62,3573413352352
147,3,6,1,2,63,3573413352352
147,3,6,1,2,64,3573413352352
147,3,6,1,2,65,3573413352352
147,3,6,1,2,66,3573413352352
147,3,6,1,2,67,3573413352352
147,3,6,1,2,68,3573413352352
147,3,6,1,2,69,3573413352352
147,3,6,1,2,70,3573413352352
147,3,6,1,2,71,3573413352352
147,3,6,1,2,72,3573413352352
147,3,6,1,2,73,3573413352352
147,3,6,1,2,74,3573413352352
147,3,6,1,2,75,3573413352352
147,3,6,1,2,76,3573413352352
147,3,6,1,2,77,3573413352352
147,3,6,1,2,78,3573413352352
147,3,6,1,2,79,3573413352352
147,3,6,1,2,80,3573413352352
147,3,6,1,2,81,3573413352352
147,3,6,1,2,82,3573413352352
147,3,6,1,2,83,3573413352352
147,3,6,1,2,84,3573413352352
147,3,6,1,2,85,3573413352352
147,3,6,1,2,86,3573413352352
147,3,6,1,2,87,3573413352352
147,3,6,1,2,88,3573413352352
147,3,6,1,2,89,3573413352352
147,3,6,1,2,90,3573413352352
147,3,6,1,2,91,3573413352352
147,3,6,1,2,92,3573413352352
147,3,6,1,2,93,3573413352352
147,3,6,1,2,94,3573413352352
147,3,6,1,2,95,3573413352352
147,3,6,1,2,96,3573413352352
147,3,6,1,2,97,3573413352352
147,3,6,1,2,98,3573413352352
147,3,6,1,2,99,3573413352352
148,3,6,1,4,0,288242887392075688
148,3,6,1,4,1,288242887392075688
148,3,6,1,4,2,288242887392075688
148,3,6,1,4,3,288242887392075688
148,3,6,1,4,4,288242887392075688
148,3,6,1,4,5,288242887392075688
148,3,6,1,4,6,288242887392075688
148,3,6,1,4,7,288242887392075688
148,3,6,1,4,8,288242887392075688
148,3,6,1,4,9,288242887392075688
148,3,6,1,4,10,288242887392075688
148,3,6,1,4,11,288242887392075688
148,3,6,1,4,12,288242887392075688
148,3,6,1,4,13,288242887392075688
148,3,6,1,4,14,288242887392075688
148,3,6,1,4,15,288242887392075688
148,3,6,1,4,16,288242887392075688
148,3,6,1,4,17,288242887392075688
148,3,6,1,4,18,288242887392075688
148,3,6,1,4,19,288242887392075688
148,3,6,1,4,20,288242887392075688
148,3,6,1,4,21,288242887392075688
148,3,6,1,4,22,288242887392075688
148,3,6,1,4,23,288242887392075688
148,3,6,1,4,24,288242887392075688
148,3,6,1,4,25,288242887392075688
148,3,6,1,4,26,288242887392075688
148,3,6,1,4,27,288242887392075688
148,3,6,1,4,28,288242887392075688
148,3,6,1,4,29,288242887392075688
148,3,6,1,4,30,288242887392075688
148,3,6,1,4,31,288242887392075688
148,3,6,1,4,32,288242887392075688
148,3,6,1,4,33,288242887392075688
148,3,6,1,4,34,288242887392075688
148,3,6,1,4,35,288242887392075688
148,3,6,1,4,36,288242887392075688
148,3,6,1,4,37,288242887392075688
148,3,6,1,4,38,288242887392075688
148,3,6,1,4,39,288242887392075688
148,3,6,1,4,40,288242887392075688
148,3,6,1,4,41,288242887392075688
148,3,6,1,4,42,288242887392075688
148,3,6,1,4,43,288242887392075688
148,3,6,1,4,44,288242887392075688
148,3,6,1,4,45,288242887392075688
148,3,6,1,4,46,288242887392075688
148,3,6,1,4,47,288242887392075688
148,3,6,1,4,48,288242887392075688
148,3,6,1,4,49,288242887392075688
148,3,6,1,4,50,288242887392075688
148,3,6,1,4,51,288242887392075688
148,3,6,1,4,52,288242887392075688
148,3,6,1,4,53,288242887392075688
148,3,6,1,4,54,288242887392075688
148,3,6,1,4,55,288242887392075688
148,3,6,1,4,56,288242887392075688
148,3,6,1,4,57,288242887392075688
148,3,6,1,4,58,288242887392075688
148,3,6,1,4,59,288242887392075688
148,3,6,1,4,60,288242887392075688
148,3,6,1,4,61,288242887392075688
148,3,6,1,4,62,288242887392075688
148,3,6,1,4,63,288242887392075688
148,3,6,1,4,64,288242887392075688
148,3,6,1,4,65,288242887392075688
148,3,6,1,4,66,288242887392075688
148,3,6,1,4,67,288242887392075688
148,3,6,1,4,68,288242887392075688
148,3,6,1,4,69,288242887392075688
148,3,6,1,4,70,288242887392075688
148,3,6,1,4,71,288242887392075688
148,3,6,1,4,72,288242887392075688
148,3,6,1,4,73,288242887392075688
148,3,6,1,4,74,288242887392075688
148,3,6,1,4,75,288242887392075688
148,3,6,1,4,76,288242887392075688
148,3,6,1,4,77,288242887392075688
148,3,6,1,4,78,288242887392075688
148,3,6,1,4,79,288242887392075688
148,3,6,1,4,80,288242887392075688
148,3,6,1,4,81,288242887392075688
148,3,6,1,4,82,288242887392075688
148,3,6,1,4,83,288242887392075688
148,3,6,1,4,84,288242887392075688
148,3,6,1,4,85,288242887392075688
148,3,6,1,4,86,288242887392075688
148,3,6,1,4,87,288242887392075688
148,3,6,1,4,88,288242887392075688
148,3,6,1,4,89,288242887392075688
148,3,6,1,4,90,288242887392075688
148,3,6,1,4,91,288242887392075688
148,3,6,1,4,92,288242887392075688
148,3,6,1,4,93,288242887392075688
148,3,6,1,4,94,288242887392075688
148,3,6,1,4,95,288242887392075688
148,3,6,1,4,96,288242887392075688
148,3,6,1,4,97,288242887392075688
148,3,6,1,4,98,288242887392075688
148,3,6,1,4,99,288242887392075688
149,3,6,1,6,0,3573413352352
149,3,6,1,6,1,3573413352352
149,3,6,1,6,2,3573413352352
149,3,6,1,6,3,3573413352352
149,3,6,1,6,4,3573413352352
149,3,6,1,6,5,3573413352352
149,3,6,1,6,6,3573413352352
149,3,6,1,6,7,3573413352352
149,3,6,1,6,8,3573413352352
149,3,6,1,6,9,3573413352352
149,3,6,1,6,10,3573413352352
149,3,6,1,6,11,3573413352352
149,3,6,1,6,12,3573413352352
149,3,6,1,6,13,3573413352352
149,3,6,1,6,14,3573413352352
149,3,6,1,6,15,3573413352352
149,3,6,1,6,16,3573413352352
149,3,6,1,6,17,3573413352352
149,3,6,1,6,18,3573413352352
149,3,6,1,6,19,3573413352352
149,3,6,1,6,20,3573413352352
149,3,6,1,6,21,3573413352352
149,3,6,1,6,22,3573413352352
149,3,6,1,6,23,3573413352352
149,3,6,1,6,24,3573413352352
149,3,6,1,6,25,3573413352352
149,3,6,1,6,26,3573413352352
149,3,6,1,6,27,3573413352352
149,3,6,1,6,28,3573413352352
149,3,6,1,6,29,3573413352352
149,3,6,1,6,30,3573413352352
149,3,6,1,6,31,3573413352352
149,3,6,1,6,32,3573413352352
149,3,6,1,6,33,3573413352352
149,3,6,1,6,34,3573413352352
149,3,6,1,6,35,3573413352352
149,3,6,1,6,36,3573413352352
149,3,6,1,6,37,3573413352352
149,3,6,1,6,38,3573413352352
149,3,6,1,6,39,3573413352352
149,3,6,1,6,40,3573413352352
149,3,6,1,6,41,3573413352352
149,3,6,1,6,42,3573413352352
149,3,6,1,6,43,3573413352352
149,3,6,1,6,44,3573413352352
149,3,6,1,6,45,3573413352352
149,3,6,1,6,46,3573413352352
149,3,6,1,6,47,3573413352352
149,3,6,1,6,48,3573413352352
149,3,6,1,6,49,3573413352352
149,3,6,1,6,50,3573413352352
149,3,6,1,6,51,3573413352352
149,3,6,1,6,52,3573413352352
149,3,6,1,6,53,3573413352352
149,3,6,1,6,54,3573413352352
149,3,6,1,6,55,3573413352352
149,3,6,1,6,56,3573413352352
149,3,6,1,6,57,3573413352352
149,3,6,1,6,58,3573413352352
149,3,6,1,6,59,3573413352352
149,3,6,1,6,60,3573413352352
149,3,6,1,6,61,3573413352352
149,3,6,1,6,62,3573413352352
149,3,6,1,6,63,3573413352352
149,3,6,1,6,64,3573413352352
149,3,6,1,6,65,3573413352352
149,3,6,1,6,66,3573413352352
149,3,6,1,6,67,3573413352352
149,3,6,1,6,68,3573413352352
149,3,6,1,6,69,3573413352352
149,3,6,1,6,70,3573413352352
149,3,6,1,6,71,3573413352352
149,3,6,1,6,72,3573413352352
149,3,6,1,6,73,3573413352352
149,3,6,1,6,74,3573413352352
149,3,6,1,6,75,3573413352352
149,3,6,1,6,76,3573413352352
149,3,6,1,6,77,3573413352352
149,3,6,1,6,78,3573413352352
149,3,6,1,6,79,3573413352352
149,3,6,1,6,80,3573413352352
149,3,6,1,6,81,3573413352352
149,3,6,1,6,82,3573413352352
149,3,6,1,6,83,3573413352352
149,3,6,1,6,84,3573413352352
149,3,6,1,6,85,3573413352352
149,3,6,1,6,86,3573413352352
149,3,6,1,6,87,3573413352352
149,3,6,1,6,88,3573413352352
149,3,6,1,6,89,3573413352352
149,3,6,1,6,90,3573413352352
149,3,6,1,6,91,3573413352352
149,3,6,1,6,92,3573413352352
149,3,6,1,6,93,3573413352352
149,3,6,1,6,94,3573413352352
149,3,6,1,6,95,3573413352352
149,3,6,1,6,96,3573413352352
149,3,6,1,6,97,3573413352352
149,3,6,1,6,98,3573413352352
149,3,6,1,6,99,3573413352352
150,3,7,1,1,0,9227347939882835968
150,3,7,1,1,1,9227347939882835968
150,3,7,1,1,2,9227347939882835968
150,3,7,1,1,3,9227347939882835968
150,3,7,1,1,4,9227347939882835968
150,3,7,1,1,5,9227347939882835968
150,3,7,1,1,6,3975903028060160
150,3,7,1,1,7,9227347939882835968
150,3,7,1,1,8,9227347939882835968
150,3,7,1,1,9,9227347939882835968
150,3,7,1,1,10,9227347939882835968
150,3,7,1,1,11,9227347939882835968
150,3,7,1,1,12,9227347939882835968
150,3,7,1,1,13,9227347939882835968
150,3,7,1,1,14,9227347939882835968
150,3,7,1,1,15,9227347939882835968
150,3,7,1,1,16,9227347939882835968
150,3,7,1,1,17,9227347939882835968
150,3,7,1,1,18,9227347939882835968
150,3,7,1,1,19,9227347939882835968
150,3,7,1,1,20,9227347939882835968
150,3,7,1,1,21,9227347939882835968
150,3,7,1,1,22,9227347939882835968
150,3,7,1,1,23,9227347939882835968
150,3,7,1,1,24,9227347939882835968
150,3,7,1,1,25,9227347939882835968
150,3,7,1,1,26,9227347939882835968
150,3,7,1,1,27,9227347939882835968
150,3,7,1,1,28,9227347939882835968
150,3,7,1,1,29,9227347939882835968
150,3,7,1,1,30,9227347939882835968
150,3,7,1,1,31,9227347939882835968
150,3,7,1,1,32,9227347939882835968
150,3,7,1,1,33,9227347939882835968
150,3,7,1,1,34,9227347939882835968
150,3,7,1,1,35,9227347939882835968
150,3,7,1,1,36,9227347939882835968
150,3,7,1,1,37,9227347939882835968
150,3,7,1,1,38,9227347939882835968
150,3,7,1,1,39,9227347939882835968
150,3,7,1,1,40,9227347939882835968
150,3,7,1,1,41,9227347939882835968
150,3,7,1,1,42,9227347939882835968
150,3,7,1,1,43,9227347939882835968
150,3,7,1,1,44,9227347939882835968
150,3,7,1,1,45,9227347939882835968
150,3,7,1,1,46,9227347939882835968
150,3,7,1,1,47,9227347939882835968
150,3,7,1,1,48,9227347939882835968
150,3,7,1,1,49,9227347939882835968
150,3,7,1,1,50,9227347939882835968
150,3,7,1,1,51,9227347939882835968
150,3,7,1,1,52,9227347939882835968
150,3,7,1,1,53,9227347939882835968
150,3,7,1,1,54,9227347939882835968
150,3,7,1,1,55,9227347939882835968
150,3,7,1,1,56,9227347939882835968
150,3,7,1,1,57,9227347939882835968
150,3,7,1,1,58,9227347939882835968
150,3,7,1,1,59,9227347939882835968
150,3,7,1,1,60,9227347939882835968
150,3,7,1,1,61,9227347939882835968
150,3,7,1,1,62,9227347939882835968
150,3,7,1,1,63,9227347939882835968
150,3,7,1,1,64,9227347939882835968
150,3,7,1,1,65,9227347939882835968
150,3,7,1,1,66,9227347939882835968
150,3,7,1,1,67,9227347939882835968
150,3,7,1,1,68,9227347939882835968
150,3,7,1,1,69,9227347939882835968
150,3,7,1,1,70,9227347939882835968
150,3,7,1,1,71,9227347939882835968
150,3,7,1,1,72,9227347939882835968
150,3,7,1,1,73,9227347939882835968
150,3,7,1,1,74,9227347939882835968
150,3,7,1,1,75,9227347939882835968
150,3,7,1,1,76,9227347939882835968
150,3,7,1,1,77,3975903028060160
150,3,7,1,1,78,9227347939882835968
150,3,7,1,1,79,9227347939882835968
150,3,7,1,1,80,9227347939882835968
150,3,7,1,1,81,9227347939882835968
150,3,7,1,1,82,9227347939882835968
150,3,7,1,1,83,9227347939882835968
150,3,7,1,1,84,9227347939882835968
150,3,7,1,1,85,9227347939882835968
150,3,7,1,1,86,9227347939882835968
150,3,7,1,1,87,9227347939882835968
150,3,7,1,1,88,9227347939882835968
150,3,7,1,1,89,9227347939882835968
150,3,7,1,1,90,9227347939882835968
150,3,7,1,1,91,9227347939882835968
150,3,7,1,1,92,9227347939882835968
150,3,7,1,1,93,9227347939882835968
150,3,7,1,1,94,9227347939882835968
150,3,7,1,1,95,9227347939882835968
150,3,7,1,1,96,9227347939882835968
150,3,7,1,1,97,9227347939882835968
150,3,7,1,1,98,9227347939882835968
150,3,7,1,1,99,9227347939882835968
151,3,7,1,3,0,9227347939882835968
151,3,7,1,3,1,9227347948472770560
151,3,7,1,3,2,9227347939882835968
151,3,7,1,3,3,9227347939882835968
151,3,7,1,3,4,9227347948472770560
151,3,7,1,3,5,9227347948472770560
151,3,7,1,3,6,9227347939882835968
151,3,7,1,3,7,9227347939882835968
151,3,7,1,3,8,9227347939882835968
151,3,7,1,3,9,9227347939882835968
151,3,7,1,3,10,9227347939882835968
151,3,7,1,3,11,9227347948472770624
151,3,7,1,3,12,9227347939882835968
151,3,7,1,3,13,9227347939882835968
151,3,7,1,3,14,9227347939882835968
151,3,7,1,3,15,9227347939882835968
151,3,7,1,3,16,9227347939882835968
151,3,7,1,3,17,9227347939882835968
151,3,7,1,3,18,9227347939882835968
151,3,7,1,3,19,9227347939882835968
151,3,7,1,3,20,9227347939882835968
151,3,7,1,3,21,9227347939882835968
151,3,7,1,3,22,9227347948472770560
151,3,7,1,3,23,9227347939882835968
151,3,7,1,3,24,9227347939882835968
151,3,7,1,3,25,9227347939882835968
151,3,7,1,3,26,9227347939882835968
151,3,7,1,3,27,9227347939882835968
151,3,7,1,3,28,9227347939882835968
151,3,7,1,3,29,9227347939882835968
151,3,7,1,3,30,9227347939882835968
151,3,7,1,3,31,9227347939882835968
151,3,7,1,3,32,9227347939882835968
151,3,7,1,3,33,9227347948472770560
151,3,7,1,3,34,9227347939882835968
151,3,7,1,3,35,9227347939882835968
151,3,7,1,3,36,9227347939882835968
151,3,7,1,3,37,9227347948472770624
151,3,7,1,3,38,9227347939882835968
151,3,7,1,3,39,9227347939882835968
151,3,7,1,3,40,9227347939882835968
151,3,7,1,3,41,9227347939882835968
151,3,7,1,3,42,9227347939882835968
151,3,7,1,3,43,9227347939882835968
151,3,7,1,3,44,9227347948472770560
151,3,7,1,3,45,9227347939882835968
151,3,7,1,3,46,9227347939882835968
151,3,7,1,3,47,9227347939882835968
151,3,7,1,3,48,9227347939882835968
151,3,7,1,3,49,9227347939882835968
151,3,7,1,3,50,9227347939882835968
151,3,7,1,3,51,9227347939882835968
151,3,7,1,3,52,9227347939882835968
151,3,7,1,3,53,9227347939882835968
151,3,7,1,3,54,9227347939882835968
151,3,7,1,3,55,9227347939882835968
151,3,7,1,3,56,9227347939882835968
151,3,7,1,3,57,9227347948472770560
151,3,7,1,3,58,9227347939882835968
151,3,7,1,3,59,9227347939882835968
151,3,7,1,3,60,9227347939882835968
151,3,7,1,3,61,9227347939882835968
151,3,7,1,3,62,9227347939882835968
151,3,7,1,3,63,9227347939882835968
151,3,7,1,3,64,9227347939882835968
151,3,7,1,3,65,9227347939882835968
151,3,7,1,3,66,9227347948472770624
151,3,7,1,3,67,9227347939882835968
151,3,7,1,3,68,9227347939882835968
151,3,7,1,3,69,9227347939882835968
151,3,7,1,3,70,9227347939882835968
151,3,7,1,3,71,9227347939882835968
151,3,7,1,3,72,9227347939882835968
151,3,7,1,3,73,9227347939882835968
151,3,7,1,3,74,9227347948472770624
151,3,7,1,3,75,9227347939882835968
151,3,7,1,3,76,9227347948472770624
151,3,7,1,3,77,9227347948472770560
151,3,7,1,3,78,9227347939882835968
151,3,7,1,3,79,9227347939882835968
151,3,7,1,3,80,9227347939882835968
151,3,7,1,3,81,9227347939882835968
151,3,7,1,3,82,9227347939882836032
151,3,7,1,3,83,9227347939882835968
151,3,7,1,3,84,9227347939882835968
151,3,7,1,3,85,9227347939882835968
151,3,7,1,3,86,9227347939882835968
151,3,7,1,3,87,9227347939882835968
151,3,7,1,3,88,9227347939882835968
151,3,7,1,3,89,9227347948472770560
151,3,7,1,3,90,9227347939882835968
151,3,7,1,3,91,9227347939882835968
151,3,7,1,3,92,9227347939882835968
151,3,7,1,3,93,9227347939882836032
151,3,7,1,3,94,9227347939882835968
151,3,7,1,3,95,9227347948472770560
151,3,7,1,3,96,9227347939882835968
151,3,7,1,3,97,9227347939882835968
151,3,7,1,3,98,9227347939882835968
151,3,7,1,3,99,9227347939882835968
152,3,7,1,5,0,3975903028060160
152,3,7,1,5,1,3975903028060160
152,3,7,1,5,2,3975903028060160
152,3,7,1,5,3,3975903028060160
152,3,7,1,5,4,3975903028060160
152,3,7,1,5,5,3975903028060160
152,3,7,1,5,6,3975903028060160
152,3,7,1,5,7,3975903028060160
152,3,7,1,5,8,3975903028060160
152,3,7,1,5,9,3975903028060160
152,3,7,1,5,10,3975903028060160
152,3,7,1,5,11,3975903028060160
152,3,7,1,5,12,3975903028060160
152,3,7,1,5,13,3975903028060160
152,3,7,1,5,14,3975903028060160
152,3,7,1,5,15,3975903028060160
152,3,7,1,5,16,3975903028060160
152,3,7,1,5,17,3975903028060160
152,3,7,1,5,18,3975903028060160
152,3,7,1,5,19,3975903028060160
152,3,7,1,5,20,3975903028060160
152,3,7,1,5,21,3975903028060160
152,3,7,1,5,22,3975903028060160
152,3,7,1,5,23,3975903028060160
152,3,7,1,5,24,3975903028060160
152,3,7,1,5,25,3975903028060160
152,3,7,1,5,26,3975903028060160
152,3,7,1,5,27,3975903028060160
152,3,7,1,5,28,3975903028060160
152,3,7,1,5,29,3975903028060160
152,3,7,1,5,30,3975903028060160
152,3,7,1,5,31,3975903028060160
152,3,7,1,5,32,3975903028060160
152,3,7,1,5,33,3975903028060160
152,3,7,1,5,34,3975903028060160
152,3,7,1,5,35,3975903028060160
152,3,7,1,5,36,3975903028060160
152,3,7,1,5,37,3975903028060160
152,3,7,1,5,38,3975903028060160
152,3,7,1,5,39,3975903028060160
152,3,7,1,5,40,3975903028060160
152,3,7,1,5,41,3975903028060160
152,3,7,1,5,42,3975903028060160
152,3,7,1,5,43,3975903028060160
152,3,7,1,5,44,3975903028060160
152,3,7,1,5,45,3975903028060160
152,3,7,1,5,46,3975903028060160
152,3,7,1,5,47,3975903028060160
152,3,7,1,5,48,3975903028060160
152,3,7,1,5,49,3975903028060160
152,3,7,1,5,50,3975903028060160
152,3,7,1,5,51,3975903028060160
152,3,7,1,5,52,3975903028060160
152,3,7,1,5,53,3975903028060160
152,3,7,1,5,54,3975903028060160
152,3,7,1,5,55,3975903028060160
152,3,7,1,5,56,3975903028060160
152,3,7,1,5,57,3975903028060160
152,3,7,1,5,58,3975903028060160
152,3,7,1,5,59,3975903028060160
152,3,7,1,5,60,3975903028060160
152,3,7,1,5,61,3975903028060160
152,3,7,1,5,62,3975903028060160
152,3,7,1,5,63,3975903028060160
152,3,7,1,5,64,3975903028060160
152,3,7,1,5,65,3975903028060160
152,3,7,1,5,66,3975903028060160
152,3,7,1,5,67,3975903028060160
152,3,7,1,5,68,3975903028060160
152,3,7,1,5,69,3975903028060160
152,3,7,1,5,70,3975903028060160
152,3,7,1,5,71,3975903028060160
152,3,7,1,5,72,3975903028060160
152,3,7,1,5,73,3975903028060160
152,3,7,1,5,74,3975903028060160
152,3,7,1,5,75,3975903028060160
152,3,7,1,5,76,3975903028060160
152,3,7,1,5,77,3975903028060160
152,3,7,1,5,78,3975903028060160
152,3,7,1,5,79,3975903028060160
152,3,7,1,5,80,3975903028060160
152,3,7,1,5,81,3975903028060160
152,3,7,1,5,82,3975903028060160
152,3,7,1,5,83,3975903028060160
152,3,7,1,5,84,3975903028060160
152,3,7,1,5,85,3975903028060160
152,3,7,1,5,86,3975903028060160
152,3,7,1,5,87,3975903028060160
152,3,7,1,5,88,3975903028060160
152,3,7,1,5,89,3975903028060160
152,3,7,1,5,90,3975903028060160
152,3,7,1,5,91,3975903028060160
152,3,7,1,5,92,3975903028060160
152,3,7,1,5,93,3975903028060160
152,3,7,1,5,94,3975903028060160
152,3,7,1,5,95,3975903028060160
152,3,7,1,5,96,3975903028060160
152,3,7,1,5,97,3975903028060160
152,3,7,1,5,98,3975903028060160
152,3,7,1,5,99,3975903028060160
153,3,7,1,7,0,11533190958761254992
153,3,7,1,7,1,11533190958761254992
153,3,7,1,7,2,11533190958761254992
153,3,7,1,7,3,11533190958760206416
153,3,7,1,7,4,11533190958761254992
153,3,7,1,7,5,11533190958761254992
153,3,7,1,7,6,11533190958761254992
153,3,7,1,7,7,11533190958761254992
153,3,7,1,7,8,11533190958761254992
153,3,7,1,7,9,11533190958760206416
153,3,7,1,7,10,11533190958761254992
153,3,7,1,7,11,11533190958761254992
153,3,7,1,7,12,11533190958761254992
153,3,7,1,7,13,11533190958761254992
153,3,7,1,7,14,11533190958761254992
153,3,7,1,7,15,11533190958761254992
153,3,7,1,7,16,11533190958761254992
153,3,7,1,7,17,11533190958760206400
153,3,7,1,7,18,11533190958761254992
153,3,7,1,7,19,11533190958760206400
153,3,7,1,7,20,11533190958761254992
153,3,7,1,7,21,11533190958761254992
153,3,7,1,7,22,11533190958760206416
153,3,7,1,7,23,11533190958761254992
153,3,7,1,7,24,11533190958761254992
153,3,7,1,7,25,11533190958760206400
153,3,7,1,7,26,11533190958760206400
153,3,7,1,7,27,11533190958761254992
153,3,7,1,7,28,11533190958760206400
153,3,7,1,7,29,11533190958761254992
153,3,7,1,7,30,11533190958761254992
153,3,7,1,7,31,11533190958761254992
153,3,7,1,7,32,11533190958761254992
153,3,7,1,7,33,11533190958761254992
153,3,7,1,7,34,11533190958761254992
153,3,7,1,7,35,11533190958761254992
153,3,7,1,7,36,11533190958761254992
153,3,7,1,7,37,11533190958761254992
153,3,7,1,7,38,11533190958761254992
153,3,7,1,7,39,11533190958761254992
153,3,7,1,7,40,11533190958761254992
153,3,7,1,7,41,11533190958761254992
153,3,7,1,7,42,11533190958761254992
153,3,7,1,7,43,11533190958761254992
153,3,7,1,7,44,11533190958760206416
153,3,7,1,7,45,11533190958761254992
153,3,7,1,7,46,11533190958761254992
153,3,7,1,7,47,11533190958761254992
153,3,7,1,7,48,11533190958761254992
153,3,7,1,7,49,11533190958761254992
153,3,7,1,7,50,11533190958761254976
153,3,7,1,7,51,11533190958760206416
153,3,7,1,7,52,11533190958761254992
153,3,7,1,7,53,11533190958761254992
153,3,7,1,7,54,11533190958761254992
153,3,7,1,7,55,11533190958761254992
153,3,7,1,7,56,11533190958761254992
153,3,7,1,7,57,11533190958760206416
153,3,7,1,7,58,11533190958761254992
153,3,7,1,7,59,11533190958761254992
153,3,7,1,7,60,11533190958761254992
153,3,7,1,7,61,11533190958761254992
153,3,7,1,7,62,11533190958761254992
153,3,7,1,7,63,11533190958761254992
153,3,7,1,7,64,11533190958760206400
153,3,7,1,7,65,11533190958761254992
153,3,7,1,7,66,11533190958761254992
153,3,7,1,7,67,11533190958761254992
153,3,7,1,7,68,11533190958761254992
153,3,7,1,7,69,11533190958760206400
153,3,7,1,7,70,11533190958761254992
153,3,7,1,7,71,11533190958761254976
153,3,7,1,7,72,11533190958761254992
153,3,7,1,7,73,11533190958761254992
153,3,7,1,7,74,11533190958761254992
153,3,7,1,7,75,11533190958760206400
153,3,7,1,7,76,11533190958761254992
153,3,7,1,7,77,11533190958761254992
153,3,7,1,7,78,11533190958761254992
153,3,7,1,7,79,11533190958761254992
153,3,7,1,7,80,11533190958761254992
153,3,7,1,7,81,11533190958761254992
153,3,7,1,7,82,11533190958761254992
153,3,7,1,7,83,11533190958760206400
153,3,7,1,7,84,11533190958761254992
153,3,7,1,7,85,11533190958761254992
153,3,7,1,7,86,11533190958761254992
153,3,7,1,7,87,11533190958760206416
153,3,7,1,7,88,11533190958761254976
153,3,7,1,7,89,11533190958761254992
153,3,7,1,7,90,11533190958760206416
153,3,7,1,7,91,11533190958761254976
153,3,7,1,7,92,11533190958761254992
153,3,7,1,7,93,11533190958761254992
153,3,7,1,7,94,11533190958761254992
153,3,7,1,7,95,11533190958760206416
153,3,7,1,7,96,11533190958761254992
153,3,7,1,7,97,11533190958760206416
153,3,7,1,7,98,11533190958761254992
153,3,7,1,7,99,11533190958761254992
154,3,0,2,1,0,18446744062972133375
154,3,0,2,1,1,18446744062972133375
154,3,0,2,1,2,18446744062972133375
154,3,0,2,1,3,18446744062972133375
154,3,0,2,1,4,18446744062972133375
154,3,0,2,1,5,18446744062972133375
154,3,0,2,1,6,18446744062972133375
154,3,0,2,1,7,18446744062972133375
154,3,0,2,1,8,18446744062972133375
154,3,0,2,1,9,18446744062972133375
154,3,0,2,1,10,18446744062972133375
154,3,0,2,1,11,18446744062972133375
154,3,0,2,1,12,18446744062972133375
154,3,0,2,1,13,18446744062972133375
154,3,0,2,1,14,18446744062972133375
154,3,0,2,1,15,18446744062972133375
154,3,0,2,1,16,18446744062972133375
154,3,0,2,1,17,18446744062972133375
154,3,0,2,1,18,18446744062972133375
154,3,0,2,1,19,18446744062972133375
154,3,0,2,1,20,18446744062972133375
154,3,0,2,1,21,18446744062972133375
154,3,0,2,1,22,18446744062972133375
154,3,0,2,1,23,18446744062972133375
154,3,0,2,1,24,18446744062972133375
154,3,0,2,1,25,18446744062972133375
154,3,0,2,1,26,18446744062972133375
154,3,0,2,1,27,18446744062972133375
154,3,0,2,1,28,18446744062972133375
154,3,0,2,1,29,18446744062972133375
154,3,0,2,1,30,18446744062972133375
154,3,0,2,1,31,18446744062972133375
154,3,0,2,1,32,18446744062972133375
154,3,0,2,1,33,18446744062972133375
154,3,0,2,1,34,18446744062972133375
154,3,0,2,1,35,18446744062972133375
154,3,0,2,1,36,18446744062972133375
154,3,0,2,1,37,18446744062972133375
154,3,0,2,1,38,18446744062972133375
154,3,0,2,1,39,18446744062972133375
154,3,0,2,1,40,18446744062972133375
154,3,0,2,1,41,18446744062972133375
154,3,0,2,1,42,18446744062972133375
154,3,0,2,1,43,18446744062972133375
154,3,0,2,1,44,18446744062972133375
154,3,0,2,1,45,18446744062972133375
154,3,0,2,1,46,18446744062972133375
154,3,0,2,1,47,18446744062972133375
154,3,0,2,1,48,18446744062972133375
154,3,0,2,1,49,18446744062972133375
154,3,0,2,1,50,18446744062972133375
154,3,0,2,1,51,18446744062972133375
154,3,0,2,1,52,18446744062972133375
154,3,0,2,1,53,18446744062972133375
154,3,0,2,1,54,18446744062972133375
154,3,0,2,1,55,18446744062972133375
154,3,0,2,1,56,18446744062972133375
154,3,0,2,1,57,18446744062972133375
154,3,0,2,1,58,18446744062972133375
154,3,0,2,1,59,18446744062972133375
154,3,0,2,1,60,18446744062972133375
154,3,0,2,1,61,18446744062972133375
154,3,0,2,1,62,18446744062972133375
154,3,0,2,1,63,18446744062972133375
154,3,0,2,1,64,18446744062972133375
154,3,0,2,1,65,18446744062972133375
154,3,0,2,1,66,18446744062972133375
154,3,0,2,1,67,18446744062972133375
154,3,0,2,1,68,18446744062972133375
154,3,0,2,1,69,18446744062972133375
154,3,0,2,1,70,18446744062972133375
154,3,0,2,1,71,18446744062972133375
154,3,0,2,1,72,18446744062972133375
154,3,0,2,1,73,18446744062972133375
154,3,0,2,1,74,18446744062972133375
154,3,0,2,1,75,18446744062972133375
154,3,0,2,1,76,18446744062972133375
154,3,0,2,1,77,18446744062972133375
154,3,0,2,1,78,18446744062972133375
154,3,0,2,1,79,18446744062972133375
154,3,0,2,1,80,18446744062972133375
154,3,0,2,1,81,18446744062972133375
154,3,0,2,1,82,18446744062972133375
154,3,0,2,1,83,18446744062972133375
154,3,0,2,1,84,18446744062972133375
154,3,0,2,1,85,18446744062972133375
154,3,0,2,1,86,18446744062972133375
154,3,0,2,1,87,18446744062972133375
154,3,0,2,1,88,18446744062972133375
154,3,0,2,1,89,18446744062972133375
154,3,0,2,1,90,18446744062972133375
154,3,0,2,1,91,18446744062972133375
154,3,0,2,1,92,18446744062972133375
154,3,0,2,1,93,18446744062972133375
154,3,0,2,1,94,18446744062972133375
154,3,0,2,1,95,18446744062972133375
154,3,0,2,1,96,18446744062972133375
154,3,0,2,1,97,18446744062972133375
154,3,0,2,1,98,18446744062972133375
154,3,0,2,1,99,18446744062972133375
155,3,0,2,7,0,18446744062972132798
155,3,0,2,7,1,18446744062972132863
155,3,0,2,7,2,18446744062972132862
155,3,0,2,7,3,18446744062972132862
155,3,0,2,7,4,18446744062972132863
155,3,0,2,7,5,18446744062972132863
155,3,0,2,7,6,18446744062972132863
155,3,0,2,7,7,18446744062972132798
155,3,0,2,7,8,18446744062972132863
155,3,0,2,7,9,18446744062972132863
155,3,0,2,7,10,18446744062972132862
155,3,0,2,7,11,18446744062972132862
155,3,0,2,7,12,18446744062972132862
155,3,0,2,7,13,18446744062972132862
155,3,0,2,7,14,18446744062972132862
155,3,0,2,7,15,18446744062972132863
155,3,0,2,7,16,18446744062972132862
155,3,0,2,7,17,18446744062972132862
155,3,0,2,7,18,18446744062972132862
155,3,0,2,7,19,18446744062972132862
155,3,0,2,7,20,18446744062972132862
155,3,0,2,7,21,18446744062972132863
155,3,0,2,7,22,18446744062972132862
155,3,0,2,7,23,18446744062972132863
155,3,0,2,7,24,18446744062972132862
155,3,0,2,7,25,18446744062972132798
155,3,0,2,7,26,18446744062972132798
155,3,0,2,7,27,18446744062972132862
155,3,0,2,7,28,18446744062972132798
155,3,0,2,7,29,18446744062972132862
155,3,0,2,7,30,18446744062972132862
155,3,0,2,7,31,18446744062972132863
155,3,0,2,7,32,18446744062972132798
155,3,0,2,7,33,18446744062972132798
155,3,0,2,7,34,18446744062972132862
155,3,0,2,7,35,18446744062972132862
155,3,0,2,7,36,18446744062972132863
155,3,0,2,7,37,18446744062972132798
155,3,0,2,7,38,18446744062972132798
155,3,0,2,7,39,18446744062972132798
155,3,0,2,7,40,18446744062972132798
155,3,0,2,7,41,18446744062972132798
155,3,0,2,7,42,18446744062972132798
155,3,0,2,7,43,18446744062972132798
155,3,0,2,7,44,18446744062972132862
155,3,0,2,7,45,18446744062972132863
155,3,0,2,7,46,18446744062972132862
155,3,0,2,7,47,18446744062972132798
155,3,0,2,7,48,18446744062972132862
155,3,0,2,7,49,18446744062972132862
155,3,0,2,7,50,18446744062972132862
155,3,0,2,7,51,18446744062972132798
155,3,0,2,7,52,18446744062972132863
155,3,0,2,7,53,18446744062972132863
155,3,0,2,7,54,18446744062972132862
155,3,0,2,7,55,18446744062972132798
155,3,0,2,7,56,18446744062972132798
155,3,0,2,7,57,18446744062972132862
155,3,0,2,7,58,18446744062972132862
155,3,0,2,7,59,18446744062972132863
155,3,0,2,7,60,18446744062972132862
155,3,0,2,7,61,18446744062972132798
155,3,0,2,7,62,18446744062972132862
155,3,0,2,7,63,18446744062972132862
155,3,0,2,7,64,18446744062972132862
155,3,0,2,7,65,18446744062972132862
155,3,0,2,7,66,18446744062972132798
155,3,0,2,7,67,18446744062972132862
155,3,0,2,7,68,18446744062972132798
155,3,0,2,7,69,18446744062972132798
155,3,0,2,7,70,18446744062972132862
155,3,0,2,7,71,18446744062972132862
155,3,0,2,7,72,18446744062972132798
155,3,0,2,7,73,18446744062972132798
155,3,0,2,7,74,18446744062972132862
155,3,0,2,7,75,18446744062972132862
155,3,0,2,7,76,18446744062972132862
155,3,0,2,7,77,18446744062972132798
155,3,0,2,7,78,18446744062972132798
155,3,0,2,7,79,18446744062972132798
155,3,0,2,7,80,18446744062972132863
155,3,0,2,7,81,18446744062972132863
155,3,0,2,7,82,18446744062972132798
155,3,0,2,7,83,18446744062972132862
155,3,0,2,7,84,18446744062972132862
155,3,0,2,7,85,18446744062972132862
155,3,0,2,7,86,18446744062972132798
155,3,0,2,7,87,18446744062972132862
155,3,0,2,7,88,18446744062972132862
155,3,0,2,7,89,18446744062972132798
155,3,0,2,7,90,18446744062972132862
155,3,0,2,7,91,18446744062972132862
155,3,0,2,7,92,18446744062972132862
155,3,0,2,7,93,18446744062972132862
155,3,0,2,7,94,18446744062972132798
155,3,0,2,7,95,18446744062972132862
155,3,0,2,7,96,18446743788094225854
155,3,0,2,7,97,18446744062972132798
155,3,0,2,7,98,18446744062972132798
155,3,0,2,7,99,18446744062972132798
156,3,1,2,0,0,562960690840064
156,3,1,2,0,1,562960690840064
156,3,1,2,0,2,562960690840064
156,3,1,2,0,3,562960690840064
156,3,1,2,0,4,562960690840064
156,3,1,2,0,5,562960690840064
156,3,1,2,0,6,562960690840064
156,3,1,2,0,7,562960690840064
156,3,1,2,0,8,562960690840064
156,3,1,2,0,9,562960690840064
156,3,1,2,0,10,562960690840064
156,3,1,2,0,11,562960690840064
156,3,1,2,0,12,562960690840064
156,3,1,2,0,13,562960690840064
156,3,1,2,0,14,562960690840064
156,3,1,2,0,15,562960690840064
156,3,1,2,0,16,562960690840064
156,3,1,2,0,17,562960690840064
156,3,1,2,0,18,562960690840064
156,3,1,2,0,19,562960690840064
156,3,1,2,0,20,562960690840064
156,3,1,2,0,21,562960690840064
156,3,1,2,0,22,562960690840064
156,3,1,2,0,23,562960690840064
156,3,1,2,0,24,562960690840064
156,3,1,2,0,25,562960690840064
156,3,1,2,0,26,562960690840064
156,3,1,2,0,27,562960690840064
156,3,1,2,0,28,562960690840064
156,3,1,2,0,29,562960690840064
156,3,1,2,0,30,562960690840064
156,3,1,2,0,31,562960690840064
156,3,1,2,0,32,562960690840064
156,3,1,2,0,33,562960690840064
156,3,1,2,0,34,562960690840064
156,3,1,2,0,35,562960690840064
156,3,1,2,0,36,562960690840064
156,3,1,2,0,37,562960690840064
156,3,1,2,0,38,562960690840064
156,3,1,2,0,39,562960690840064
156,3,1,2,0,40,562960690840064
156,3,1,2,0,41,562960690840064
156,3,1,2,0,42,562960690840064
156,3,1,2,0,43,562960690840064
156,3,1,2,0,44,562960690840064
156,3,1,2,0,45,562960690840064
156,3,1,2,0,46,562960690840064
156,3,1,2,0,47,562960690840064
156,3,1,2,0,48,562960690840064
156,3,1,2,0,49,562960690840064
156,3,1,2,0,50,562960690840064
156,3,1,2,0,51,562960690840064
156,3,1,2,0,52,562960690840064
156,3,1,2,0,53,562960690840064
156,3,1,2,0,54,562960690840064
156,3,1,2,0,55,562960690840064
156,3,1,2,0,56,562960690840064
156,3,1,2,0,57,562960690840064
156,3,1,2,0,58,562960690840064
156,3,1,2,0,59,562960690840064
156,3,1,2,0,60,562960690840064
156,3,1,2,0,61,562960690840064
156,3,1,2,0,62,562960690840064
156,3,1,2,0,63,562960690840064
156,3,1,2,0,64,562960690840064
156,3,1,2,0,65,562960690840064
156,3,1,2,0,66,562960690840064
156,3,1,2,0,67,562960690840064
156,3,1,2,0,68,562960690840064
156,3,1,2,0,69,562960690840064
156,3,1,2,0,70,562960690840064
156,3,1,2,0,71,562960690840064
156,3,1,2,0,72,562960690840064
156,3,1,2,0,73,562960690840064
156,3,1,2,0,74,562960690840064
156,3,1,2,0,75,562960690840064
156,3,1,2,0,76,562960690840064
156,3,1,2,0,77,562960690840064
156,3,1,2,0,78,562960690840064
156,3,1,2,0,79,562960690840064
156,3,1,2,0,80,562960690840064
156,3,1,2,0,81,562960690840064
156,3,1,2,0,82,562960690840064
156,3,1,2,0,83,562960690840064
156,3,1,2,0,84,562960690840064
156,3,1,2,0,85,562960690840064
156,3,1,2,0,86,562960690840064
156,3,1,2,0,87,562960690840064
156,3,1,2,0,88,562960690840064
156,3,1,2,0,89,562960690840064
156,3,1,2,0,90,562960690840064
156,3,1,2,0,91,562960690840064
156,3,1,2,0,92,562960690840064
156,3,1,2,0,93,562960690840064
156,3,1,2,0,94,562960690840064
156,3,1,2,0,95,562960690840064
156,3,1,2,0,96,562960690840064
156,3,1,2,0,97,562960690840064
156,3,1,2,0,98,562960690840064
156,3,1,2,0,99,562960690840064
157,3,1,2,2,0,10737418240
157,3,1,2,2,1,8589934592
157,3,1,2,2,2,8589934592
157,3,1,2,2,3,10737418240
157,3,1,2,2,4,8589934592
157,3,1,2,2,5,8589934592
157,3,1,2,2,6,8589934592
157,3,1,2,2,7,10737418240
157,3,1,2,2,8,8589934592
157,3,1,2,2,9,8589934592
157,3,1,2,2,10,8589934592
157,3,1,2,2,11,8589934592
157,3,1,2,2,12,10737418240
157,3,1,2,2,13,8589934592
157,3,1,2,2,14,10737418240
157,3,1,2,2,15,8589934592
157,3,1,2,2,16,8589934592
157,3,1,2,2,17,8589934592
157,3,1,2,2,18,8589934592
157,3,1,2,2,19,8589934592
157,3,1,2,2,20,8589934592
157,3,1,2,2,21,8589934592
157,3,1,2,2,22,8589934592
157,3,1,2,2,23,8589934592
157,3,1,2,2,24,8589934592
157,3,1,2,2,25,8589934592
157,3,1,2,2,26,8589934592
157,3,1,2,2,27,8589934592
157,3,1,2,2,28,8589934592
157,3,1,2,2,29,8589934592
157,3,1,2,2,30,8589934592
157,3,1,2,2,31,8589934592
157,3,1,2,2,32,8589934592
157,3,1,2,2,33,8589934592
157,3,1,2,2,34,8589934592
157,3,1,2,2,35,8589934592
157,3,1,2,2,36,8589934592
157,3,1,2,2,37,8589934592
157,3,1,2,2,38,8589934592
157,3,1,2,2,39,8589934592
157,3,1,2,2,40,8589934592
157,3,1,2,2,41,8589934592
157,3,1,2,2,42,8589934592
157,3,1,2,2,43,8589934592
157,3,1,2,2,44,10737418240
157,3,1,2,2,45,8589934592
157,3,1,2,2,46,8589934592
157,3,1,2,2,47,8589934592
157,3,1,2,2,48,8589934592
157,3,1,2,2,49,8589934592
157,3,1,2,2,50,8589934592
157,3,1,2,2,51,8589934592
157,3,1,2,2,52,8589934592
157,3,1,2,2,53,8589934592
157,3,1,2,2,54,10737418240
157,3,1,2,2,55,10737418240
157,3,1,2,2,56,8589934592
157,3,1,2,2,57,8589934592
157,3,1,2,2,58,8589934592
157,3,1,2,2,59,8589934592
157,3,1,2,2,60,8589934592
157,3,1,2,2,61,8589934592
157,3,1,2,2,62,8589934592
157,3,1,2,2,63,10737418240
157,3,1,2,2,64,8589934592
157,3,1,2,2,65,8589934592
157,3,1,2,2,66,10737418240
157,3,1,2,2,67,8589934592
157,3,1,2,2,68,8589934592
157,3,1,2,2,69,8589934592
157,3,1,2,2,70,8589934592
157,3,1,2,2,71,8589934592
157,3,1,2,2,72,8589934592
157,3,1,2,2,73,10737418240
157,3,1,2,2,74,8589934592
157,3,1,2,2,75,8589934592
157,3,1,2,2,76,8589934592
157,3,1,2,2,77,8589934592
157,3,1,2,2,78,10737418240
157,3,1,2,2,79,8589934592
157,3,1,2,2,80,10737418240
157,3,1,2,2,81,8589934592
157,3,1,2,2,82,8589934592
157,3,1,2,2,83,10737418240
157,3,1,2,2,84,8589934592
157,3,1,2,2,85,8589934592
157,3,1,2,2,86,8589934592
157,3,1,2,2,87,8589934592
157,3,1,2,2,88,8589934592
157,3,1,2,2,89,8589934592
157,3,1,2,2,90,8589934592
157,3,1,2,2,91,8589934592
157,3,1,2,2,92,8589934592
157,3,1,2,2,93,8589934592
157,3,1,2,2,94,8589934592
157,3,1,2,2,95,8589934592
157,3,1,2,2,96,8589934592
157,3,1,2,2,97,8589934592
157,3,1,2,2,98,8589934592
157,3,1,2,2,99,10737418240
158,3,1,2,4,0,562960690840064
158,3,1,2,4,1,562960690840064
158,3,1,2,4,2,562960690840064
158,3,1,2,4,3,562960690840064
158,3,1,2,4,4,562960690840064
158,3,1,2,4,5,562960690840064
158,3,1,2,4,6,562960690840064
158,3,1,2,4,7,562960690840064
158,3,1,2,4,8,562960690840064
158,3,1,2,4,9,562960690840064
158,3,1,2,4,10,562960690840064
158,3,1,2,4,11,562960690840064
158,3,1,2,4,12,562960690840064
158,3,1,2,4,13,562960690840064
158,3,1,2,4,14,562960690840064
158,3,1,2,4,15,562960690840064
158,3,1,2,4,16,562960690840064
158,3,1,2,4,17,562960690840064
158,3,1,2,4,18,562960690840064
158,3,1,2,4,19,562960690840064
158,3,1,2,4,20,562960690840064
158,3,1,2,4,21,562960690840064
158,3,1,2,4,22,562960690840064
158,3,1,2,4,23,562960690840064
158,3,1,2,4,24,562960690840064
158,3,1,2,4,25,562960690840064
158,3,1,2,4,26,562960690840064
158,3,1,2,4,27,562960690840064
158,3,1,2,4,28,562960690840064
158,3,1,2,4,29,562960690840064
158,3,1,2,4,30,562960690840064
158,3,1,2,4,31,562960690840064
158,3,1,2,4,32,562960690840064
158,3,1,2,4,33,562960690840064
158,3,1,2,4,34,562960690840064
158,3,1,2,4,35,562960690840064
158,3,1,2,4,36,562960690840064
158,3,1,2,4,37,562960690840064
158,3,1,2,4,38,562960690840064
158,3,1,2,4,39,562960690840064
158,3,1,2,4,40,562960690840064
158,3,1,2,4,41,562960690840064
158,3,1,2,4,42,562960690840064
158,3,1,2,4,43,562960690840064
158,3,1,2,4,44,562960690840064
158,3,1,2,4,45,562960690840064
158,3,1,2,4,46,562960690840064
158,3,1,2,4,47,562960690840064
158,3,1,2,4,48,562960690840064
158,3,1,2,4,49,562960690840064
158,3,1,2,4,50,562960690840064
158,3,1,2,4,51,562960690840064
158,3,1,2,4,52,562960690840064
158,3,1,2,4,53,562960690840064
158,3,1,2,4,54,562960690840064
158,3,1,2,4,55,562960690840064
158,3,1,2,4,56,562960690840064
158,3,1,2,4,57,562960690840064
158,3,1,2,4,58,562960690840064
158,3,1,2,4,59,562960690840064
158,3,1,2,4,60,562960690840064
158,3,1,2,4,61,562960690840064
158,3,1,2,4,62,562960690840064
158,3,1,2,4,63,562960690840064
158,3,1,2,4,64,562960690840064
158,3,1,2,4,65,562960690840064
158,3,1,2,4,66,562960690840064
158,3,1,2,4,67,562960690840064
158,3,1,2,4,68,562960690840064
158,3,1,2,4,69,562960690840064
158,3,1,2,4,70,562960690840064
158,3,1,2,4,71,562960690840064
158,3,1,2,4,72,562960690840064
158,3,1,2,4,73,562960690840064
158,3,1,2,4,74,562960690840064
158,3,1,2,4,75,562960690840064
158,3,1,2,4,76,562960690840064
158,3,1,2,4,77,562960690840064
158,3,1,2,4,78,562960690840064
158,3,1,2,4,79,562960690840064
158,3,1,2,4,80,562960690840064
158,3,1,2,4,81,562960690840064
158,3,1,2,4,82,562960690840064
158,3,1,2,4,83,562960690840064
158,3,1,2,4,84,562960690840064
158,3,1,2,4,85,562960690840064
158,3,1,2,4,86,562960690840064
158,3,1,2,4,87,562960690840064
158,3,1,2,4,88,562960690840064
158,3,1,2,4,89,562960690840064
158,3,1,2,4,90,562960690840064
158,3,1,2,4,91,562960690840064
158,3,1,2,4,92,562960690840064
158,3,1,2,4,93,562960690840064
158,3,1,2,4,94,562960690840064
158,3,1,2,4,95,562960690840064
158,3,1,2,4,96,562960690840064
158,3,1,2,4,97,562960690840064
158,3,1,2,4,98,562960690840064
158,3,1,2,4,99,562960690840064
159,3,1,2,6,0,562999345545856
159,3,1,2,6,1,562999345545856
159,3,1,2,6,2,562999345545856
159,3,1,2,6,3,562999345545856
159,3,1,2,6,4,562999345545856
159,3,1,2,6,5,562999345545856
159,3,1,2,6,6,562999345545856
159,3,1,2,6,7,562999345545856
159,3,1,2,6,8,563016525415040
159,3,1,2,6,9,562999345545856
159,3,1,2,6,10,562999345545856
159,3,1,2,6,11,562999345545856
159,3,1,2,6,12,562999345545856
159,3,1,2,6,13,562999345545856
159,3,1,2,6,14,562999345545856
159,3,1,2,6,15,562999345545856
159,3,1,2,6,16,562999345545856
159,3,1,2,6,17,562999345545856
159,3,1,2,6,18,562999345545856
159,3,1,2,6,19,562999345545856
159,3,1,2,6,20,562999345545856
159,3,1,2,6,21,562999345545856
159,3,1,2,6,22,562999345545856
159,3,1,2,6,23,562999345545856
159,3,1,2,6,24,562999345545856
159,3,1,2,6,25,562999345545856
159,3,1,2,6,26,562999345545856
159,3,1,2,6,27,562999345545856
159,3,1,2,6,28,562999345545856
159,3,1,2,6,29,562999345545856
159,3,1,2,6,30,562999345545856
159,3,1,2,6,31,562999345545856
159,3,1,2,6,32,562999345545856
159,3,1,2,6,33,562999345545856
159,3,1,2,6,34,562999345545856
159,3,1,2,6,35,562999345545856
159,3,1,2,6,36,562999345545856
159,3,1,2,6,37,562999345545856
159,3,1,2,6,38,562999345545856
159,3,1,2,6,39,562999345545856
159,3,1,2,6,40,562999345545856
159,3,1,2,6,41,562999345545856
159,3,1,2,6,42,562999345545856
159,3,1,2,6,43,562999345545856
159,3,1,2,6,44,562999345545856
159,3,1,2,6,45,562999345545856
159,3,1,2,6,46,562999345545856
159,3,1,2,6,47,562999345545856
159,3,1,2,6,48,562999345545856
159,3,1,2,6,49,562999345545856
159,3,1,2,6,50,562999345545856
159,3,1,2,6,51,563016525415040
159,3,1,2,6,52,562999345545856
159,3,1,2,6,53,562999345545856
159,3,1,2,6,54,562999345545856
159,3,1,2,6,55,562999345545856
159,3,1,2,6,56,562999345545856
159,3,1,2,6,57,562999345545856
159,3,1,2,6,58,562999345545856
159,3,1,2,6,59,562999345545856
159,3,1,2,6,60,562999345545856
159,3,1,2,6,61,562999345545856
159,3,1,2,6,62,562999345545856
159,3,1,2,6,63,562999345545856
159,3,1,2,6,64,562999345545856
159,3,1,2,6,65,562999345545856
159,3,1,2,6,66,562999345545856
159,3,1,2,6,67,562999345545856
159,3,1,2,6,68,562999345545856
159,3,1,2,6,69,562999345545856
159,3,1,2,6,70,562999345545856
159,3,1,2,6,71,562999345545856
159,3,1,2,6,72,562999345545856
159,3,1,2,6,73,562999345545856
159,3,1,2,6,74,562999345545856
159,3,1,2,6,75,562999345545856
159,3,1,2,6,76,562999345545856
159,3,1,2,6,77,562999345545856
159,3,1,2,6,78,562999345545856
159,3,1,2,6,79,562999345545856
159,3,1,2,6,80,562999345545856
159,3,1,2,6,81,562999345545856
159,3,1,2,6,82,562999345545856
159,3,1,2,6,83,562999345545856
159,3,1,2,6,84,562999345545856
159,3,1,2,6,85,562999345545856
159,3,1,2,6,86,562999345545856
159,3,1,2,6,87,562999345545856
159,3,1,2,6,88,562999345545856
159,3,1,2,6,89,562999345545856
159,3,1,2,6,90,562999345545856
159,3,1,2,6,91,562999345545856
159,3,1,2,6,92,562999345545856
159,3,1,2,6,93,562999345545856
159,3,1,2,6,94,562999345545856
159,3,1,2,6,95,562999345545856
159,3,1,2,6,96,562999345545856
159,3,1,2,6,97,562999345545856
159,3,1,2,6,98,562999345545856
159,3,1,2,6,99,562999345545856
160,3,2,2,1,0,18446743788094225854
160,3,2,2,1,1,18446743788094225854
160,3,2,2,1,2,18446743788094225854
160,3,2,2,1,3,18446743788094225854
160,3,2,2,1,4,18446743788094225854
160,3,2,2,1,5,18446743788094225854
160,3,2,2,1,6,18446743788094225854
160,3,2,2,1,7,18446743788094225854
160,3,2,2,1,8,18446743788094225854
160,3,2,2,1,9,18446743788094225854
160,3,2,2,1,10,18446743788094225854
160,3,2,2,1,11,18446743788094225854
160,3,2,2,1,12,18446743788094225854
160,3,2,2,1,13,18446743788094225854
160,3,2,2,1,14,18446743788094225854
160,3,2,2,1,15,18446743788094225854
160,3,2,2,1,16,18446743788094225854
160,3,2,2,1,17,18446743788094225854
160,3,2,2,1,18,18446743788094225854
160,3,2,2,1,19,18446743788094225854
160,3,2,2,1,20,18446743788094225854
160,3,2,2,1,21,18446743788094225854
160,3,2,2,1,22,18446743788094225854
160,3,2,2,1,23,18446743788094225854
160,3,2,2,1,24,18446743788094225854
160,3,2,2,1,25,18446743788094225854
160,3,2,2,1,26,18446743788094225854
160,3,2,2,1,27,18446743788094225854
160,3,2,2,1,28,18446743788094225854
160,3,2,2,1,29,18446743788094225854
160,3,2,2,1,30,18446743788094225854
160,3,2,2,1,31,18446743788094225854
160,3,2,2,1,32,18446743788094225854
160,3,2,2,1,33,18446743788094225854
160,3,2,2,1,34,18446743788094225854
160,3,2,2,1,35,18446743788094225854
160,3,2,2,1,36,18446743788094225854
160,3,2,2,1,37,18446743788094225854
160,3,2,2,1,38,18446743788094225854
160,3,2,2,1,39,18446743788094225854
160,3,2,2,1,40,18446743788094225854
160,3,2,2,1,41,18446743788094225854
160,3,2,2,1,42,18446743788094225854
160,3,2,2,1,43,18446743788094225854
160,3,2,2,1,44,18446743788094225854
160,3,2,2,1,45,18446743788094225854
160,3,2,2,1,46,18446743788094225854
160,3,2,2,1,47,18446743788094225854
160,3,2,2,1,48,18446743788094225854
160,3,2,2,1,49,18446743788094225854
160,3,2,2,1,50,18446743788094225854
160,3,2,2,1,51,18446743788094225854
160,3,2,2,1,52,18446743788094225854
160,3,2,2,1,53,18446743788094225854
160,3,2,2,1,54,18446743788094225854
160,3,2,2,1,55,18446743788094225854
160,3,2,2,1,56,18446743788094225854
160,3,2,2,1,57,18446743788094225854
160,3,2,2,1,58,18446743788094225854
160,3,2,2,1,59,18446743788094225854
160,3,2,2,1,60,18446743788094225854
160,3,2,2,1,61,18446743788094225854
160,3,2,2,1,62,18446743788094225854
160,3,2,2,1,63,18446743788094225854
160,3,2,2,1,64,18446743788094225854
160,3,2,2,1,65,18446743788094225854
160,3,2,2,1,66,18446743788094225854
160,3,2,2,1,67,18446743788094225854
160,3,2,2,1,68,18446743788094225854
160,3,2,2,1,69,18446743788094225854
160,3,2,2,1,70,18446743788094225854
160,3,2,2,1,71,18446743788094225854
160,3,2,2,1,72,18446743788094225854
160,3,2,2,1,73,18446743788094225854
160,3,2,2,1,74,18446743788094225854
160,3,2,2,1,75,18446743788094225854
160,3,2,2,1,76,18446743788094225854
160,3,2,2,1,77,18446743788094225854
160,3,2,2,1,78,18446743788094225854
160,3,2,2,1,79,18446743788094225854
160,3,2,2,1,80,18446743788094225854
160,3,2,2,1,81,18446743788094225854
160,3,2,2,1,82,18446743788094225854
160,3,2,2,1,83,18446743788094225854
160,3,2,2,1,84,18446743788094225854
160,3,2,2,1,85,18446743788094225854
160,3,2,2,1,86,18446743788094225854
160,3,2,2,1,87,18446743788094225854
160,3,2,2,1,88,18446743788094225854
160,3,2,2,1,89,18446743788094225854
160,3,2,2,1,90,18446743788094225854
160,3,2,2,1,91,18446743788094225854
160,3,2,2,1,92,18446743788094225854
160,3,2,2,1,93,18446743788094225854
160,3,2,2,1,94,18446743788094225854
160,3,2,2,1,95,18446743788094225854
160,3,2,2,1,96,18446743788094225854
160,3,2,2,1,97,18446743788094225854
160,3,2,2,1,98,18446743788094225854
160,3,2,2,1,99,18446743788094225854
161,3,2,2,3,0,18446744062972133375
161,3,2,2,3,1,18446744062972133375
161,3,2,2,3,2,18446744062972133375
161,3,2,2,3,3,18446744062972133375
161,3,2,2,3,4,18446744062972133375
161,3,2,2,3,5,18446744062972133375
161,3,2,2,3,6,18446744062972133375
161,3,2,2,3,7,18446744062972133375
161,3,2,2,3,8,18446744062972133375
161,3,2,2,3,9,18446744062972133375
161,3,2,2,3,10,18446744062972133375
161,3,2,2,3,11,18446744062972133375
161,3,2,2,3,12,18446744062972133375
161,3,2,2,3,13,18446744062972133375
161,3,2,2,3,14,18446744062972133375
161,3,2,2,3,15,18446744062972133375
161,3,2,2,3,16,18446744062972133375
161,3,2,2,3,17,18446744062972133375
161,3,2,2,3,18,18446744062972133375
161,3,2,2,3,19,18446744062972133375
161,3,2,2,3,20,18446744062972133375
161,3,2,2,3,21,18446744062972133375
161,3,2,2,3,22,18446744062972133375
161,3,2,2,3,23,18446744062972133375
161,3,2,2,3,24,18446744062972133375
161,3,2,2,3,25,18446744062972133375
161,3,2,2,3,26,18446744062972133375
161,3,2,2,3,27,18446744062972133375
161,3,2,2,3,28,18446744062972133375
161,3,2,2,3,29,18446744062972133375
161,3,2,2,3,30,18446744062972133375
161,3,2,2,3,31,18446744062972133375
161,3,2,2,3,32,18446744062972133375
161,3,2,2,3,33,18446744062972133375
161,3,2,2,3,34,18446744062972133375
161,3,2,2,3,35,18446744062972133375
161,3,2,2,3,36,18446744062972133375
161,3,2,2,3,37,18446744062972133375
161,3,2,2,3,38,18446744062972133375
161,3,2,2,3,39,18446744062972133375
161,3,2,2,3,40,18446744062972133375
161,3,2,2,3,41,18446744062972133375
161,3,2,2,3,42,18446744062972133375
161,3,2,2,3,43,18446744062972133375
161,3,2,2,3,44,18446744062972133375
161,3,2,2,3,45,18446744062972133375
161,3,2,2,3,46,18446744062972133375
161,3,2,2,3,47,18446744062972133375
161,3,2,2,3,48,18446744062972133375
161,3,2,2,3,49,18446744062972133375
161,3,2,2,3,50,18446744062972133375
161,3,2,2,3,51,18446744062972133375
161,3,2,2,3,52,18446744062972133375
161,3,2,2,3,53,18446744062972133375
161,3,2,2,3,54,18446744062972133375
161,3,2,2,3,55,18446744062972133375
161,3,2,2,3,56,18446744062972133375
161,3,2,2,3,57,18446744062972133375
161,3,2,2,3,58,18446744062972133375
161,3,2,2,3,59,18446744062972133375
161,3,2,2,3,60,18446744062972133375
161,3,2,2,3,61,18446744062972133375
161,3,2,2,3,62,18446744062972133375
161,3,2,2,3,63,18446744062972133375
161,3,2,2,3,64,18446744062972133375
161,3,2,2,3,65,18446744062972133375
161,3,2,2,3,66,18446744062972133375
161,3,2,2,3,67,18446744062972133375
161,3,2,2,3,68,18446744062972133375
161,3,2,2,3,69,18446744062972133375
161,3,2,2,3,70,18446744062972133375
161,3,2,2,3,71,18446744062972133375
161,3,2,2,3,72,18446744062972133375
161,3,2,2,3,73,18446744062972133375
161,3,2,2,3,74,18446744062972133375
161,3,2,2,3,75,18446744062972133375
161,3,2,2,3,76,18446744062972133375
161,3,2,2,3,77,18446744062972133375
161,3,2,2,3,78,18446744062972133375
161,3,2,2,3,79,18446744062972133375
161,3,2,2,3,80,18446744062972133375
161,3,2,2,3,81,18446744062972133375
161,3,2,2,3,82,18446744062972133375
161,3,2,2,3,83,18446744062972133375
161,3,2,2,3,84,18446744062972133375
161,3,2,2,3,85,18446744062972133375
161,3,2,2,3,86,18446744062972133375
161,3,2,2,3,87,18446744062972133375
161,3,2,2,3,88,18446744062972133375
161,3,2,2,3,89,18446744062972133375
161,3,2,2,3,90,18446744062972133375
161,3,2,2,3,91,18446744062972133375
161,3,2,2,3,92,18446744062972133375
161,3,2,2,3,93,18446744062972133375
161,3,2,2,3,94,18446744062972133375
161,3,2,2,3,95,18446744062972133375
161,3,2,2,3,96,18446744062972133375
161,3,2,2,3,97,18446744062972133375
161,3,2,2,3,98,18446744062972133375
161,3,2,2,3,99,18446744062972133375
162,3,2,2,5,0,18446744062972133375
162,3,2,2,5,1,18446744062972133375
162,3,2,2,5,2,18446744062972133375
162,3,2,2,5,3,18446744062972133375
162,3,2,2,5,4,18446744062972133375
162,3,2,2,5,5,18446744062972133375
162,3,2,2,5,6,18446744062972133375
162,3,2,2,5,7,18446744062972133375
162,3,2,2,5,8,18446744062972133375
162,3,2,2,5,9,18446744062972133375
162,3,2,2,5,10,18446744062972133375
162,3,2,2,5,11,18446744062972133375
162,3,2,2,5,12,18446744062972133375
162,3,2,2,5,13,18446744062972133375
162,3,2,2,5,14,18446744062972133375
162,3,2,2,5,15,18446744062972133375
162,3,2,2,5,16,18446744062972133375
162,3,2,2,5,17,18446744062972133375
162,3,2,2,5,18,18446744062972133375
162,3,2,2,5,19,18446744062972133375
162,3,2,2,5,20,18446744062972133375
162,3,2,2,5,21,18446744062972133375
162,3,2,2,5,22,18446744062972133375
162,3,2,2,5,23,18446744062972133375
162,3,2,2,5,24,18446744062972133375
162,3,2,2,5,25,18446744062972133375
162,3,2,2,5,26,18446744062972133375
162,3,2,2,5,27,18446744062972133375
162,3,2,2,5,28,18446744062972133375
162,3,2,2,5,29,18446744062972133375
162,3,2,2,5,30,18446744062972133375
162,3,2,2,5,31,18446744062972133375
162,3,2,2,5,32,18446744062972133375
162,3,2,2,5,33,18446744062972133375
162,3,2,2,5,34,18446744062972133375
162,3,2,2,5,35,18446744062972133375
162,3,2,2,5,36,18446744062972133375
162,3,2,2,5,37,18446744062972133375
162,3,2,2,5,38,18446744062972133375
162,3,2,2,5,39,18446744062972133375
162,3,2,2,5,40,18446744062972133375
162,3,2,2,5,41,18446744062972133375
162,3,2,2,5,42,18446744062972133375
162,3,2,2,5,43,18446744062972133375
162,3,2,2,5,44,18446744062972133375
162,3,2,2,5,45,18446744062972133375
162,3,2,2,5,46,18446744062972133375
162,3,2,2,5,47,18446744062972133375
162,3,2,2,5,48,18446744062972133375
162,3,2,2,5,49,18446744062972133375
162,3,2,2,5,50,18446744062972133375
162,3,2,2,5,51,18446744062972133375
162,3,2,2,5,52,18446744062972133375
162,3,2,2,5,53,18446744062972133375
162,3,2,2,5,54,18446744062972133375
162,3,2,2,5,55,18446744062972133375
162,3,2,2,5,56,18446744062972133375
162,3,2,2,5,57,18446744062972133375
162,3,2,2,5,58,18446744062972133375
162,3,2,2,5,59,18446744062972133375
162,3,2,2,5,60,18446744062972133375
162,3,2,2,5,61,18446744062972133375
162,3,2,2,5,62,18446744062972133375
162,3,2,2,5,63,18446744062972133375
162,3,2,2,5,64,18446744062972133375
162,3,2,2,5,65,18446744062972133375
162,3,2,2,5,66,18446744062972133375
162,3,2,2,5,67,18446744062972133375
162,3,2,2,5,68,18446744062972133375
162,3,2,2,5,69,18446744062972133375
162,3,2,2,5,70,18446744062972133375
162,3,2,2,5,71,18446744062972133375
162,3,2,2,5,72,18446744062972133375
162,3,2,2,5,73,18446744062972133375
162,3,2,2,5,74,18446744062972133375
162,3,2,2,5,75,18446744062972133375
162,3,2,2,5,76,18446744062972133375
162,3,2,2,5,77,18446744062972133375
162,3,2,2,5,78,18446744062972133375
162,3,2,2,5,79,18446744062972133375
162,3,2,2,5,80,18446744062972133375
162,3,2,2,5,81,18446744062972133375
162,3,2,2,5,82,18446744062972133375
162,3,2,2,5,83,18446744062972133375
162,3,2,2,5,84,18446744062972133375
162,3,2,2,5,85,18446744062972133375
162,3,2,2,5,86,18446744062972133375
162,3,2,2,5,87,18446744062972133375
162,3,2,2,5,88,18446744062972133375
162,3,2,2,5,89,18446744062972133375
162,3,2,2,5,90,18446744062972133375
162,3,2,2,5,91,18446744062972133375
162,3,2,2,5,92,18446744062972133375
162,3,2,2,5,93,18446744062972133375
162,3,2,2,5,94,18446744062972133375
162,3,2,2,5,95,18446744062972133375
162,3,2,2,5,96,18446744062972133375
162,3,2,2,5,97,18446744062972133375
162,3,2,2,5,98,18446744062972133375
162,3,2,2,5,99,18446744062972133375
163,3,2,2,7,0,18445820022233234828
163,3,2,2,7,1,18445820022233234828
163,3,2,2,7,2,18445820022233234828
163,3,2,2,7,3,18445820022233234828
163,3,2,2,7,4,18445820022233234828
163,3,2,2,7,5,18445820022233234828
163,3,2,2,7,6,18445820022233234828
163,3,2,2,7,7,18445820022233234828
163,3,2,2,7,8,18445820022233234828
163,3,2,2,7,9,18445820022233234828
163,3,2,2,7,10,18445820022233234828
163,3,2,2,7,11,18445820022233234828
163,3,2,2,7,12,18445820022233234828
163,3,2,2,7,13,18445820022233234828
163,3,2,2,7,14,18445820022233234828
163,3,2,2,7,15,18445820022233234828
163,3,2,2,7,16,18445820022233234828
163,3,2,2,7,17,18445820022233234828
163,3,2,2,7,18,18445820022233234828
163,3,2,2,7,19,18445820022233234828
163,3,2,2,7,20,18445820022233234828
163,3,2,2,7,21,18445820022233234828
163,3,2,2,7,22,18445820022233234828
163,3,2,2,7,23,18445820022233234828
163,3,2,2,7,24,18445820022233234828
163,3,2,2,7,25,18445820056592973196
163,3,2,2,7,26,18445802430047190412
163,3,2,2,7,27,18445820022233234828
163,3,2,2,7,28,18445820022233234828
163,3,2,2,7,29,18445820022233234828
163,3,2,2,7,30,18445820022233234828
163,3,2,2,7,31,18445820022233234828
163,3,2,2,7,32,18445820022233234828
163,3,2,2,7,33,18445820022233234828
163,3,2,2,7,34,18445820022233234828
163,3,2,2,7,35,18445820022233234828
163,3,2,2,7,36,18445820022233234828
163,3,2,2,7,37,18445820022233234828
163,3,2,2,7,38,18445820022233234828
163,3,2,2,7,39,18445820022233234828
163,3,2,2,7,40,18445820022233234828
163,3,2,2,7,41,18445820022233234828
163,3,2,2,7,42,18445820022233234828
163,3,2,2,7,43,18445820022233234828
163,3,2,2,7,44,18445820022233234828
163,3,2,2,7,45,18445820022233234828
163,3,2,2,7,46,18445820022233234828
163,3,2,2,7,47,18445820022233234828
163,3,2,2,7,48,18445820022233234828
163,3,2,2,7,49,18445820022233234828
163,3,2,2,7,50,18445820022233234828
163,3,2,2,7,51,18445820022233234828
163,3,2,2,7,52,18445820022233234828
163,3,2,2,7,53,18445820022233234828
163,3,2,2,7,54,18445820022233234828
163,3,2,2,7,55,18445820022233234828
163,3,2,2,7,56,18445820022233234828
163,3,2,2,7,57,18445820022233234828
163,3,2,2,7,58,18445820022233234828
163,3,2,2,7,59,18445820022233234828
163,3,2,2,7,60,18445820022233234828
163,3,2,2,7,61,18445820022233234828
163,3,2,2,7,62,18445820022233234828
163,3,2,2,7,63,18445820022233234828
163,3,2,2,7,64,18445820022233234828
163,3,2,2,7,65,18445820022233234828
163,3,2,2,7,66,18445820022233234828
163,3,2,2,7,67,18445820022233234828
163,3,2,2,7,68,18445820022233234828
163,3,2,2,7,69,18445820022233234828
163,3,2,2,7,70,18445820056592973196
163,3,2,2,7,71,18445820022233234828
163,3,2,2,7,72,18445820022233234828
163,3,2,2,7,73,18445820022233234828
163,3,2,2,7,74,18445820022233234828
163,3,2,2,7,75,18445820022233234828
163,3,2,2,7,76,18445820022233234828
163,3,2,2,7,77,18445820022233234828
163,3,2,2,7,78,18445820022233234828
163,3,2,2,7,79,18445820022233234828
163,3,2,2,7,80,18445820022233234828
163,3,2,2,7,81,18445820022233234828
163,3,2,2,7,82,18445820022233234828
163,3,2,2,7,83,18445820022233234828
163,3,2,2,7,84,18445820022233234828
163,3,2,2,7,85,18445820022233234828
163,3,2,2,7,86,18445820022233234828
163,3,2,2,7,87,18445820022233234828
163,3,2,2,7,88,18445820022233234828
163,3,2,2,7,89,18445820022233234828
163,3,2,2,7,90,18445820022233234828
163,3,2,2,7,91,18445820022233234828
163,3,2,2,7,92,18445820022233234828
163,3,2,2,7,93,18445820022233234828
163,3,2,2,7,94,18445820022233234828
163,3,2,2,7,95,18445820022233234828
163,3,2,2,7,96,18445802430047190412
163,3,2,2,7,97,18445820022233234828
163,3,2,2,7,98,18445820022233234828
163,3,2,2,7,99,18445820022233234828
164,3,3,2,0,0,2076975326823419
164,3,3,2,0,1,2076975326823419
164,3,3,2,0,2,2076975326823419
164,3,3,2,0,3,2076975326823419
164,3,3,2,0,4,2076975326823419
164,3,3,2,0,5,2076975326823419
164,3,3,2,0,6,2076975326823419
164,3,3,2,0,7,2076975326823419
164,3,3,2,0,8,2076975326823419
164,3,3,2,0,9,2076975326823419
164,3,3,2,0,10,2076975326823419
164,3,3,2,0,11,2085771419845627
164,3,3,2,0,12,2076975326823419
164,3,3,2,0,13,2076975326823419
164,3,3,2,0,14,2076975326823419
164,3,3,2,0,15,2076975326823419
164,3,3,2,0,16,2076975326823419
164,3,3,2,0,17,2076975326823419
164,3,3,2,0,18,2076975326823419
164,3,3,2,0,19,2076975326823419
164,3,3,2,0,20,2076975326823419
164,3,3,2,0,21,2076975326823419
164,3,3,2,0,22,2076975326823419
164,3,3,2,0,23,2076975326823419
164,3,3,2,0,24,2076975326823419
164,3,3,2,0,25,2076975326823419
164,3,3,2,0,26,2076975326823419
164,3,3,2,0,27,2076975326823419
164,3,3,2,0,28,2076975326823419
164,3,3,2,0,29,2076975326823419
164,3,3,2,0,30,2085771419845627
164,3,3,2,0,31,2076975326823419
164,3,3,2,0,32,2076975326823419
164,3,3,2,0,33,2076975326823419
164,3,3,2,0,34,2085771419845627
164,3,3,2,0,35,2085771419845627
164,3,3,2,0,36,2085771419845627
164,3,3,2,0,37,2076975326823419
164,3,3,2,0,38,2076975326823419
164,3,3,2,0,39,2076975326823419
164,3,3,2,0,40,2085771419845627
164,3,3,2,0,41,2076975326823419
164,3,3,2,0,42,2076975326823419
164,3,3,2,0,43,2076975326823419
164,3,3,2,0,44,2076975326823419
164,3,3,2,0,45,2076975326823419
164,3,3,2,0,46,2085771419845627
164,3,3,2,0,47,2076975326823419
164,3,3,2,0,48,2076975326823419
164,3,3,2,0,49,2076975326823419
164,3,3,2,0,50,2076975326823419
164,3,3,2,0,51,2076975326823419
164,3,3,2,0,52,2076975326823419
164,3,3,2,0,53,2085771419845627
164,3,3,2,0,54,2076975326823419
164,3,3,2,0,55,2076975326823419
164,3,3,2,0,56,2085771419845627
164,3,3,2,0,57,2076975326823419
164,3,3,2,0,58,2076975326823419
164,3,3,2,0,59,2076975326823419
164,3,3,2,0,60,2076975326823419
164,3,3,2,0,61,2085771419845627
164,3,3,2,0,62,2076975326823419
164,3,3,2,0,63,2076975326823419
164,3,3,2,0,64,2076975326823419
164,3,3,2,0,65,2076975326823419
164,3,3,2,0,66,2076975326823419
164,3,3,2,0,67,2076975326823419
164,3,3,2,0,68,2076975326823419
164,3,3,2,0,69,2085771419845627
164,3,3,2,0,70,2076975326823419
164,3,3,2,0,71,2076975326823419
164,3,3,2,0,72,2076975326823419
164,3,3,2,0,73,2076975326823419
164,3,3,2,0,74,2076975326823419
164,3,3,2,0,75,2085771419845627
164,3,3,2,0,76,2076975326823419
164,3,3,2,0,77,2076975326823419
164,3,3,2,0,78,2076975326823419
164,3,3,2,0,79,2076975326823419
164,3,3,2,0,80,2085771419845627
164,3,3,2,0,81,2076975326823419
164,3,3,2,0,82,2085771419845627
164,3,3,2,0,83,2085771419845627
164,3,3,2,0,84,2076975326823419
164,3,3,2,0,85,2085771419845627
164,3,3,2,0,86,2085771419845627
164,3,3,2,0,87,2076975326823419
164,3,3,2,0,88,2076975326823419
164,3,3,2,0,89,2076975326823419
164,3,3,2,0,90,2085771419845627
164,3,3,2,0,91,2076975326823419
164,3,3,2,0,92,2076975326823419
164,3,3,2,0,93,2076975326823419
164,3,3,2,0,94,2085771419845627
164,3,3,2,0,95,2076975326823419
164,3,3,2,0,96,2076975326823419
164,3,3,2,0,97,2085771419845627
164,3,3,2,0,98,2076975326823419
164,3,3,2,0,99,2076975326823419
165,3,3,2,2,0,1970803725828816
165,3,3,2,2,1,1970803725828816
165,3,3,2,2,2,1970803725828816
165,3,3,2,2,3,1970803725828816
165,3,3,2,2,4,1970803725828816
165,3,3,2,2,5,1970803725828816
165,3,3,2,2,6,1970803725828816
165,3,3,2,2,7,1970803725828816
165,3,3,2,2,8,1970803725828816
165,3,3,2,2,9,1970803725828816
165,3,3,2,2,10,1970803725828816
165,3,3,2,2,11,1970803725828816
165,3,3,2,2,12,1970803725828816
165,3,3,2,2,13,1970803725828816
165,3,3,2,2,14,1970803725828816
165,3,3,2,2,15,1970803725828816
165,3,3,2,2,16,1970803725828816
165,3,3,2,2,17,1970803725828816
165,3,3,2,2,18,1970803725828816
165,3,3,2,2,19,1970803725828816
165,3,3,2,2,20,1970803725828816
165,3,3,2,2,21,1970803725828816
165,3,3,2,2,22,1970803725828816
165,3,3,2,2,23,1970803725828816
165,3,3,2,2,24,1970803725828816
165,3,3,2,2,25,1970803725828816
165,3,3,2,2,26,1970803725828816
165,3,3,2,2,27,1970803725828816
165,3,3,2,2,28,1970803725828816
165,3,3,2,2,29,1970803725828816
165,3,3,2,2,30,1970803725828816
165,3,3,2,2,31,1970803725828816
165,3,3,2,2,32,1970803725828816
165,3,3,2,2,33,1970803725828816
165,3,3,2,2,34,1970803725828816
165,3,3,2,2,35,1970803725828816
165,3,3,2,2,36,1970803725828816
165,3,3,2,2,37,1970803725828816
165,3,3,2,2,38,1970803725828816
165,3,3,2,2,39,1970803725828816
165,3,3,2,2,40,1970803725828816
165,3,3,2,2,41,1970803725828816
165,3,3,2,2,42,1970803725828816
165,3,3,2,2,43,1970803725828816
165,3,3,2,2,44,1970803725828816
165,3,3,2,2,45,1970803725828816
165,3,3,2,2,46,1970803725828816
165,3,3,2,2,47,1970803725828816
165,3,3,2,2,48,1970803725828816
165,3,3,2,2,49,1970803725828816
165,3,3,2,2,50,1970803725828816
165,3,3,2,2,51,1970803725828816
165,3,3,2,2,52,1970803725828816
165,3,3,2,2,53,1970803725828816
165,3,3,2,2,54,1970803725828816
165,3,3,2,2,55,1970803725828816
165,3,3,2,2,56,1970803725828816
165,3,3,2,2,57,1970803725828816
165,3,3,2,2,58,1970803725828816
165,3,3,2,2,59,1970803725828816
165,3,3,2,2,60,1970803725828816
165,3,3,2,2,61,1970803725828816
165,3,3,2,2,62,1970803725828816
165,3,3,2,2,63,1970803725828816
165,3,3,2,2,64,1970803725828816
165,3,3,2,2,65,1970803725828816
165,3,3,2,2,66,1970803725828816
165,3,3,2,2,67,1970803725828816
165,3,3,2,2,68,1970803725828816
165,3,3,2,2,69,1970803725828816
165,3,3,2,2,70,1970803725828816
165,3,3,2,2,71,1970803725828816
165,3,3,2,2,72,1970803725828816
165,3,3,2,2,73,1970803725828816
165,3,3,2,2,74,1970803725828816
165,3,3,2,2,75,1970803725828816
165,3,3,2,2,76,1970803725828816
165,3,3,2,2,77,1970803725828816
165,3,3,2,2,78,1970803725828816
165,3,3,2,2,79,1970803725828816
165,3,3,2,2,80,1970803725828816
165,3,3,2,2,81,1970803725828816
165,3,3,2,2,82,1970803725828816
165,3,3,2,2,83,1970803725828816
165,3,3,2,2,84,1970803725828816
165,3,3,2,2,85,1970803725828816
165,3,3,2,2,86,1970803725828816
165,3,3,2,2,87,1970803725828816
165,3,3,2,2,88,1970803725828816
165,3,3,2,2,89,1970803725828816
165,3,3,2,2,90,1970803725828816
165,3,3,2,2,91,1970803725828816
165,3,3,2,2,92,1970803725828816
165,3,3,2,2,93,1970803725828816
165,3,3,2,2,94,1970803725828816
165,3,3,2,2,95,1970803725828816
165,3,3,2,2,96,1970803725828816
165,3,3,2,2,97,1970803725828816
165,3,3,2,2,98,1970803725828816
165,3,3,2,2,99,1970803725828816
166,3,3,2,4,0,1971422210556624
166,3,3,2,4,1,1971422210556624
166,3,3,2,4,2,1971422210556624
166,3,3,2,4,3,1971422210556624
166,3,3,2,4,4,1971422210556624
166,3,3,2,4,5,1970872454742736
166,3,3,2,4,6,1971422210556624
166,3,3,2,4,7,1971422210556624
166,3,3,2,4,8,1970872454742736
166,3,3,2,4,9,1970872454742736
166,3,3,2,4,10,1971422210556624
166,3,3,2,4,11,1970872454742736
166,3,3,2,4,12,1971422210556624
166,3,3,2,4,13,1970872454742736
166,3,3,2,4,14,1970872454742736
166,3,3,2,4,15,1970872454742736
166,3,3,2,4,16,1971422210556624
166,3,3,2,4,17,1971422210556624
166,3,3,2,4,18,1970872454742736
166,3,3,2,4,19,1970872446354128
166,3,3,2,4,20,1970872446354128
166,3,3,2,4,21,1971422210556624
166,3,3,2,4,22,1971422210556624
166,3,3,2,4,23,1971422210556624
166,3,3,2,4,24,1970872454742736
166,3,3,2,4,25,1970872454742736
166,3,3,2,4,26,1971422210556624
166,3,3,2,4,27,1970872454742736
166,3,3,2,4,28,1970872446354128
166,3,3,2,4,29,1970872454742736
166,3,3,2,4,30,1971422210556624
166,3,3,2,4,31,1971422210556624
166,3,3,2,4,32,1970872446354128
166,3,3,2,4,33,1970872454742736
166,3,3,2,4,34,1971422210556624
166,3,3,2,4,35,1971422210556624
166,3,3,2,4,36,1971422210556624
166,3,3,2,4,37,1970872454742736
166,3,3,2,4,38,1970872454742736
166,3,3,2,4,39,1970872446354128
166,3,3,2,4,40,1971422210556624
166,3,3,2,4,41,1971422210556624
166,3,3,2,4,42,1971422210556624
166,3,3,2,4,43,1970872454742736
166,3,3,2,4,44,1971422210556624
166,3,3,2,4,45,1970872454742736
166,3,3,2,4,46,1971422210556624
166,3,3,2,4,47,1971422210556624
166,3,3,2,4,48,1970872454742736
166,3,3,2,4,49,1971422210556624
166,3,3,2,4,50,1970872454742736
166,3,3,2,4,51,1970872454742736
166,3,3,2,4,52,1970872454742736
166,3,3,2,4,53,1971422210556624
166,3,3,2,4,54,1971422210556624
166,3,3,2,4,55,1970872454742736
166,3,3,2,4,56,1970872454742736
166,3,3,2,4,57,1970872454742736
166,3,3,2,4,58,1971422210556624
166,3,3,2,4,59,1971422210556624
166,3,3,2,4,60,1971422210556624
166,3,3,2,4,61,1971422210556624
166,3,3,2,4,62,1970872454742736
166,3,3,2,4,63,1971422210556624
166,3,3,2,4,64,1971422210556624
166,3,3,2,4,65,1970872454742736
166,3,3,2,4,66,1971422210556624
166,3,3,2,4,67,1970872454742736
166,3,3,2,4,68,1970872454742736
166,3,3,2,4,69,1970872454742736
166,3,3,2,4,70,1971422210556624
166,3,3,2,4,71,1971422210556624
166,3,3,2,4,72,1971422210556624
166,3,3,2,4,73,1971422210556624
166,3,3,2,4,74,1971422210556624
166,3,3,2,4,75,1970872454742736
166,3,3,2,4,76,1971422210556624
166,3,3,2,4,77,1971422210556624
166,3,3,2,4,78,1970872454742736
166,3,3,2,4,79,1970872454742736
166,3,3,2,4,80,1971422210556624
166,3,3,2,4,81,1971422210556624
166,3,3,2,4,82,1970872454742736
166,3,3,2,4,83,1970872454742736
166,3,3,2,4,84,1971422210556624
166,3,3,2,4,85,1971422210556624
166,3,3,2,4,86,1970872446354128
166,3,3,2,4,87,1970872454742736
166,3,3,2,4,88,1970872446354128
166,3,3,2,4,89,1970872454742736
166,3,3,2,4,90,1971422210556624
166,3,3,2,4,91,1971422210556624
166,3,3,2,4,92,1970872454742736
166,3,3,2,4,93,1971422210556624
166,3,3,2,4,94,1970872454742736
166,3,3,2,4,95,1970872454742736
166,3,3,2,4,96,1970872454742736
166,3,3,2,4,97,1971422210556624
166,3,3,2,4,98,1971422210556624
166,3,3,2,4,99,1970872454742736
167,3,3,2,6,0,1585124130220425211
167,3,3,2,6,1,1585124130220425211
167,3,3,2,6,2,1585124130220425211
167,3,3,2,6,3,1585124130220425211
167,3,3,2,6,4,1585124130220425211
167,3,3,2,6,5,1585124130220425211
167,3,3,2,6,6,1585124130220425211
167,3,3,2,6,7,1585124130220425211
167,3,3,2,6,8,1585124130220425211
167,3,3,2,6,9,1585124130220425211
167,3,3,2,6,10,1585124130220425211
167,3,3,2,6,11,1585124130220425211
167,3,3,2,6,12,1585124130220425211
167,3,3,2,6,13,1585124130220425211
167,3,3,2,6,14,1585124130220425211
167,3,3,2,6,15,1585124130220425211
167,3,3,2,6,16,1585124130220425211
167,3,3,2,6,17,1585124130220425211
167,3,3,2,6,18,1585124130220425211
167,3,3,2,6,19,1585124130220425211
167,3,3,2,6,20,1585124130220425211
167,3,3,2,6,21,1585124130220425211
167,3,3,2,6,22,1585124130220425211
167,3,3,2,6,23,1585124130220425211
167,3,3,2,6,24,1585124130220425211
167,3,3,2,6,25,1585124130220425211
167,3,3,2,6,26,1585124130220425211
167,3,3,2,6,27,1585124130220425211
167,3,3,2,6,28,1585124130220425211
167,3,3,2,6,29,1585124130220425211
167,3,3,2,6,30,1585124130220425211
167,3,3,2,6,31,1585124130220425211
167,3,3,2,6,32,1585124130220425211
167,3,3,2,6,33,1585124130220425211
167,3,3,2,6,34,1585124130220425211
167,3,3,2,6,35,1585124130220425211
167,3,3,2,6,36,1585124130220425211
167,3,3,2,6,37,1585124130220425211
167,3,3,2,6,38,1585124130220425211
167,3,3,2,6,39,1585124130220425211
167,3,3,2,6,40,1585124130220425211
167,3,3,2,6,41,1585124130220425211
167,3,3,2,6,42,1585124130220425211
167,3,3,2,6,43,1585124130220425211
167,3,3,2,6,44,1585124130220425211
167,3,3,2,6,45,1585124130220425211
167,3,3,2,6,46,1585124130220425211
167,3,3,2,6,47,1585124130220425211
167,3,3,2,6,48,1585124130220425211
167,3,3,2,6,49,1585124130220425211
167,3,3,2,6,50,1585124130220425211
167,3,3,2,6,51,1585124130220425211
167,3,3,2,6,52,1585124130220425211
167,3,3,2,6,53,1585124130220425211
167,3,3,2,6,54,1585124130220425211
167,3,3,2,6,55,1585124130220425211
167,3,3,2,6,56,1585124130220425211
167,3,3,2,6,57,1585124130220425211
167,3,3,2,6,58,1585124130220425211
167,3,3,2,6,59,1585124130220425211
167,3,3,2,6,60,1585124130220425211
167,3,3,2,6,61,1585124130220425211
167,3,3,2,6,62,1585124130220425211
167,3,3,2,6,63,1585124130220425211
167,3,3,2,6,64,1585124130220425211
167,3,3,2,6,65,1585124130220425211
167,3,3,2,6,66,1585124130220425211
167,3,3,2,6,67,1585124130220425211
167,3,3,2,6,68,1585124130220425211
167,3,3,2,6,69,1585124130220425211
167,3,3,2,6,70,1585124130220425211
167,3,3,2,6,71,1585124130220425211
167,3,3,2,6,72,1585124130220425211
167,3,3,2,6,73,1585124130220425211
167,3,3,2,6,74,1585124130220425211
167,3,3,2,6,75,1585124130220425211
167,3,3,2,6,76,1585124130220425211
167,3,3,2,6,77,1585124130220425211
167,3,3,2,6,78,1585124130220425211
167,3,3,2,6,79,1585124130220425211
167,3,3,2,6,80,1585124130220425211
167,3,3,2,6,81,1585124130220425211
167,3,3,2,6,82,1585124130220425211
167,3,3,2,6,83,1585124130220425211
167,3,3,2,6,84,1585124130220425211
167,3,3,2,6,85,1585124130220425211
167,3,3,2,6,86,1585124130220425211
167,3,3,2,6,87,1585124130220425211
167,3,3,2,6,88,1585124130220425211
167,3,3,2,6,89,1585124130220425211
167,3,3,2,6,90,1585124130220425211
167,3,3,2,6,91,1585124130220425211
167,3,3,2,6,92,1585124130220425211
167,3,3,2,6,93,1585124130220425211
167,3,3,2,6,94,1585124130220425211
167,3,3,2,6,95,1585124130220425211
167,3,3,2,6,96,1585124130220425211
167,3,3,2,6,97,1585124130220425211
167,3,3,2,6,98,1585124130220425211
167,3,3,2,6,99,1585124130220425211
168,3,4,2,1,0,18445820056592973196
168,3,4,2,1,1,18445820022233234828
168,3,4,2,1,2,18445820060887940492
168,3,4,2,1,3,18445820056592973196
168,3,4,2,1,4,18445820056592973196
168,3,4,2,1,5,18445820056592973196
168,3,4,2,1,6,18445820022233234828
168,3,4,2,1,7,18445820022233234828
168,3,4,2,1,8,18445820022233234828
168,3,4,2,1,9,18445820022233234828
168,3,4,2,1,10,18445820022233234828
168,3,4,2,1,11,18445820056592973196
168,3,4,2,1,12,18445820056592973196
168,3,4,2,1,13,18445820056592973196
168,3,4,2,1,14,18445820056592973196
168,3,4,2,1,15,18445820056592973196
168,3,4,2,1,16,18445820060887940492
168,3,4,2,1,17,18445820022233234828
168,3,4,2,1,18,18445820022233234828
168,3,4,2,1,19,18445820056592973196
168,3,4,2,1,20,18445820022233234828
168,3,4,2,1,21,18445820022233234828
168,3,4,2,1,22,18445820056592973196
168,3,4,2,1,23,18445820022233234828
168,3,4,2,1,24,18445820056592973196
168,3,4,2,1,25,18445820060887940492
168,3,4,2,1,26,18445820022233234828
168,3,4,2,1,27,18445820056592973196
168,3,4,2,1,28,18445820022233234828
168,3,4,2,1,29,18445820022233234828
168,3,4,2,1,30,18445820056592973196
168,3,4,2,1,31,18445820060887940492
168,3,4,2,1,32,18445820022233234828
168,3,4,2,1,33,18445820022233234828
168,3,4,2,1,34,18445820022233234828
168,3,4,2,1,35,18445820056592973196
168,3,4,2,1,36,18445820056592973196
168,3,4,2,1,37,18445820022233234828
168,3,4,2,1,38,18445820022233234828
168,3,4,2,1,39,18445820056592973196
168,3,4,2,1,40,18445820056592973196
168,3,4,2,1,41,18445820022233234828
168,3,4,2,1,42,18445820022233234828
168,3,4,2,1,43,18445820022233234828
168,3,4,2,1,44,18445820056592973196
168,3,4,2,1,45,18445820056592973196
168,3,4,2,1,46,18445820022233234828
168,3,4,2,1,47,18445820056592973196
168,3,4,2,1,48,18445820056592973196
168,3,4,2,1,49,18445820056592973196
168,3,4,2,1,50,18445820056592973196
168,3,4,2,1,51,18445820022233234828
168,3,4,2,1,52,18445820022233234828
168,3,4,2,1,53,18445820056592973196
168,3,4,2,1,54,18445820056592973196
168,3,4,2,1,55,18445820022233234828
168,3,4,2,1,56,18445820022233234828
168,3,4,2,1,57,18445820056592973196
168,3,4,2,1,58,18445820022233234828
168,3,4,2,1,59,18445820056592973196
168,3,4,2,1,60,18445820056592973196
168,3,4,2,1,61,18445820056592973196
168,3,4,2,1,62,18445820056592973196
168,3,4,2,1,63,18445820056592973196
168,3,4,2,1,64,18445820056592973196
168,3,4,2,1,65,18445820022233234828
168,3,4,2,1,66,18445820060887940492
168,3,4,2,1,67,18445820056592973196
168,3,4,2,1,68,18445820022233234828
168,3,4,2,1,69,18445820060887940492
168,3,4,2,1,70,18445820056592973196
168,3,4,2,1,71,18445820022233234828
168,3,4,2,1,72,18445820056592973196
168,3,4,2,1,73,18445820022233234828
168,3,4,2,1,74,18445820022233234828
168,3,4,2,1,75,18445820060887940492
168,3,4,2,1,76,18445820056592973196
168,3,4,2,1,77,18445820056592973196
168,3,4,2,1,78,18445820022233234828
168,3,4,2,1,79,18445820022233234828
168,3,4,2,1,80,18445820022233234828
168,3,4,2,1,81,18445820056592973196
168,3,4,2,1,82,18445820060887940492
168,3,4,2,1,83,18445820022233234828
168,3,4,2,1,84,18445820022233234828
168,3,4,2,1,85,18445820056592973196
168,3,4,2,1,86,18445820022233234828
168,3,4,2,1,87,18445820022233234828
168,3,4,2,1,88,18445820022233234828
168,3,4,2,1,89,18445820022233234828
168,3,4,2,1,90,18445820056592973196
168,3,4,2,1,91,18445820022233234828
168,3,4,2,1,92,18445820056592973196
168,3,4,2,1,93,18445820056592973196
168,3,4,2,1,94,18445820056592973196
168,3,4,2,1,95,18445820056592973196
168,3,4,2,1,96,18445820022233234828
168,3,4,2,1,97,18445820022233234828
168,3,4,2,1,98,18445820022233234828
168,3,4,2,1,99,18445820056592973196
169,3,4,2,3,0,18446743788094225852
169,3,4,2,3,1,18446743788094225852
169,3,4,2,3,2,18446180838140804540
169,3,4,2,3,3,18446180838140804540
169,3,4,2,3,4,18446180838140804540
169,3,4,2,3,5,18446180838140804540
169,3,4,2,3,6,18446743788094225854
169,3,4,2,3,7,18446743788094225852
169,3,4,2,3,8,18446743788094225852
169,3,4,2,3,9,18446743788094225852
169,3,4,2,3,10,18446180838140804540
169,3,4,2,3,11,18446743788094225852
169,3,4,2,3,12,18446180838140804540
169,3,4,2,3,13,18446743788094225852
169,3,4,2,3,14,18446180838140804540
169,3,4,2,3,15,18446180838140804540
169,3,4,2,3,16,18446180838140804540
169,3,4,2,3,17,18446743788094225852
169,3,4,2,3,18,18446180838140804540
169,3,4,2,3,19,18446743788094225854
169,3,4,2,3,20,18446743788094225852
169,3,4,2,3,21,18446180838140804540
169,3,4,2,3,22,18446180838140804540
169,3,4,2,3,23,18446743788094225852
169,3,4,2,3,24,18446743788094225852
169,3,4,2,3,25,18446743788094225852
169,3,4,2,3,26,18446743788094225852
169,3,4,2,3,27,18446743788094225852
169,3,4,2,3,28,18446743788094225852
169,3,4,2,3,29,18446180838140804540
169,3,4,2,3,30,18446743788094225852
169,3,4,2,3,31,18446180838140804540
169,3,4,2,3,32,18446743788094225852
169,3,4,2,3,33,18446743788094225852
169,3,4,2,3,34,18446743788094225852
169,3,4,2,3,35,18446180838140804540
169,3,4,2,3,36,18446180838140804540
169,3,4,2,3,37,18446743788094225852
169,3,4,2,3,38,18446743788094225852
169,3,4,2,3,39,18446180838140804540
169,3,4,2,3,40,18446180838140804540
169,3,4,2,3,41,18446180838140804540
169,3,4,2,3,42,18446743788094225852
169,3,4,2,3,43,18446180838140804540
169,3,4,2,3,44,18446180838140804540
169,3,4,2,3,45,18446743788094225854
169,3,4,2,3,46,18446743788094225854
169,3,4,2,3,47,18446180838140804540
169,3,4,2,3,48,18446743788094225852
169,3,4,2,3,49,18446743788094225852
169,3,4,2,3,50,18446743788094225852
169,3,4,2,3,51,18446180838140804540
169,3,4,2,3,52,18446180838140804540
169,3,4,2,3,53,18446180838140804540
169,3,4,2,3,54,18446180838140804540
169,3,4,2,3,55,18446180838140804540
169,3,4,2,3,56,18446743788094225852
169,3,4,2,3,57,18446180838140804540
169,3,4,2,3,58,18446743788094225852
169,3,4,2,3,59,18446743788094225852
169,3,4,2,3,60,18446180838140804540
169,3,4,2,3,61,18446743788094225852
169,3,4,2,3,62,18446180838140804540
169,3,4,2,3,63,18446180838140804540
169,3,4,2,3,64,18446180838140804540
169,3,4,2,3,65,18446180838140804540
169,3,4,2,3,66,18446743788094225852
169,3,4,2,3,67,18446180838140804540
169,3,4,2,3,68,18446180838140804540
169,3,4,2,3,69,18446180838140804540
169,3,4,2,3,70,18446180838140804540
169,3,4,2,3,71,18446180838140804540
169,3,4,2,3,72,18446180838140804540
169,3,4,2,3,73,18446743788094225852
169,3,4,2,3,74,18446743788094225852
169,3,4,2,3,75,18446743788094225852
169,3,4,2,3,76,18446743788094225852
169,3,4,2,3,77,18446743788094225852
169,3,4,2,3,78,18446743788094225852
169,3,4,2,3,79,18446180838140804540
169,3,4,2,3,80,18446180838140804540
169,3,4,2,3,81,18446180838140804540
169,3,4,2,3,82,18446180838140804540
169,3,4,2,3,83,18446180838140804540
169,3,4,2,3,84,18446743788094225852
169,3,4,2,3,85,18446743788094225852
169,3,4,2,3,86,18446743788094225852
169,3,4,2,3,87,18446743788094225854
169,3,4,2,3,88,18446180838140804540
169,3,4,2,3,89,18446180838140804540
169,3,4,2,3,90,18446180838140804540
169,3,4,2,3,91,18446180838140804540
169,3,4,2,3,92,18446180838140804540
169,3,4,2,3,93,18446180838140804540
169,3,4,2,3,94,18446180838140804540
169,3,4,2,3,95,18446180838140804540
169,3,4,2,3,96,18446180838140804540
169,3,4,2,3,97,18446180838140804540
169,3,4,2,3,98,18446743788094225854
169,3,4,2,3,99,18446743788094225852
170,3,4,2,5,0,18446743788094225854
170,3,4,2,5,1,18446743788094225852
170,3,4,2,5,2,18446180838140804540
170,3,4,2,5,3,18446743788094225854
170,3,4,2,5,4,18446743788094225854
170,3,4,2,5,5,18446743788094225854
170,3,4,2,5,6,18446743788094225854
170,3,4,2,5,7,18446180838140804540
170,3,4,2,5,8,18446743788094225854
170,3,4,2,5,9,18446743788094225854
170,3,4,2,5,10,18446743788094225854
170,3,4,2,5,11,18446743788094225852
170,3,4,2,5,12,18446743788094225854
170,3,4,2,5,13,18446743788094225854
170,3,4,2,5,14,18446743788094225854
170,3,4,2,5,15,18446743788094225854
170,3,4,2,5,16,18446743788094225854
170,3,4,2,5,17,18446743788094225852
170,3,4,2,5,18,18446743788094225854
170,3,4,2,5,19,18446743788094225854
170,3,4,2,5,20,18446743788094225854
170,3,4,2,5,21,18446743788094225854
170,3,4,2,5,22,18446743788094225854
170,3,4,2,5,23,18446743788094225854
170,3,4,2,5,24,18446743788094225852
170,3,4,2,5,25,18446743788094225852
170,3,4,2,5,26,18446743788094225854
170,3,4,2,5,27,18446743788094225854
170,3,4,2,5,28,18446743788094225854
170,3,4,2,5,29,18446743788094225854
170,3,4,2,5,30,18446180838140804540
170,3,4,2,5,31,18446743788094225854
170,3,4,2,5,32,18446743788094225854
170,3,4,2,5,33,18446743788094225852
170,3,4,2,5,34,18446743788094225854
170,3,4,2,5,35,18446743788094225854
170,3,4,2,5,36,18446743788094225854
170,3,4,2,5,37,18446743788094225854
170,3,4,2,5,38,18446743788094225854
170,3,4,2,5,39,18446743788094225854
170,3,4,2,5,40,18446743788094225854
170,3,4,2,5,41,18446743788094225854
170,3,4,2,5,42,18446743788094225854
170,3,4,2,5,43,18446743788094225854
170,3,4,2,5,44,18446743788094225854
170,3,4,2,5,45,18446180838140804540
170,3,4,2,5,46,18446743788094225854
170,3,4,2,5,47,18446743788094225854
170,3,4,2,5,48,18446743788094225852
170,3,4,2,5,49,18446743788094225854
170,3,4,2,5,50,18446743788094225854
170,3,4,2,5,51,18446743788094225854
170,3,4,2,5,52,18446180838140804540
170,3,4,2,5,53,18446743788094225854
170,3,4,2,5,54,18446743788094225852
170,3,4,2,5,55,18446743788094225854
170,3,4,2,5,56,18446743788094225854
170,3,4,2,5,57,18446743788094225854
170,3,4,2,5,58,18446743788094225854
170,3,4,2,5,59,18446743788094225854
170,3,4,2,5,60,18446743788094225854
170,3,4,2,5,61,18446743788094225852
170,3,4,2,5,62,18446743788094225852
170,3,4,2,5,63,18446743788094225854
170,3,4,2,5,64,18446743788094225854
170,3,4,2,5,65,18446743788094225854
170,3,4,2,5,66,18446743788094225854
170,3,4,2,5,67,18446180838140804540
170,3,4,2,5,68,18446180838140804540
170,3,4,2,5,69,18446743788094225854
170,3,4,2,5,70,18446743788094225854
170,3,4,2,5,71,18446743788094225854
170,3,4,2,5,72,18446743788094225854
170,3,4,2,5,73,18446743788094225854
170,3,4,2,5,74,18446743788094225854
170,3,4,2,5,75,18446743788094225854
170,3,4,2,5,76,18446743788094225854
170,3,4,2,5,77,18446743788094225852
170,3,4,2,5,78,18446743788094225854
170,3,4,2,5,79,18446743788094225852
170,3,4,2,5,80,18446743788094225852
170,3,4,2,5,81,18446743788094225854
170,3,4,2,5,82,18446743788094225854
170,3,4,2,5,83,18446743788094225854
170,3,4,2,5,84,18446743788094225854
170,3,4,2,5,85,18446743788094225852
170,3,4,2,5,86,18446743788094225854
170,3,4,2,5,87,18446743788094225854
170,3,4,2,5,88,18446743788094225854
170,3,4,2,5,89,18446743788094225854
170,3,4,2,5,90,18446743788094225854
170,3,4,2,5,91,18446743788094225854
170,3,4,2,5,92,18446743788094225854
170,3,4,2,5,93,18446743788094225854
170,3,4,2,5,94,18446743788094225854
170,3,4,2,5,95,18446743788094225854
170,3,4,2,5,96,18446743788094225854
170,3,4,2,5,97,18446743788094225854
170,3,4,2,5,98,18446743788094225854
170,3,4,2,5,99,18446743788094225854
171,3,4,2,7,0,18445763380204530692
171,3,4,2,7,1,18445758913438542852
171,3,4,2,7,2,18445758913438542852
171,3,4,2,7,3,18445763311485053956
171,3,4,2,7,4,18445763380204530956
171,3,4,2,7,5,18445763380204530956
171,3,4,2,7,6,18445758913438542852
171,3,4,2,7,7,18445763311485053956
171,3,4,2,7,8,18445763380204530692
171,3,4,2,7,9,18445763311485053956
171,3,4,2,7,10,18445763380204530692
171,3,4,2,7,11,18445763380204530692
171,3,4,2,7,12,18445763311485053956
171,3,4,2,7,13,18445763311485053956
171,3,4,2,7,14,18445763311485053956
171,3,4,2,7,15,18445758913438542852
171,3,4,2,7,16,18445763380204530700
171,3,4,2,7,17,18445763311485053956
171,3,4,2,7,18,18445763380204530692
171,3,4,2,7,19,18445763311485053956
171,3,4,2,7,20,18445763380204530692
171,3,4,2,7,21,18445763311485053956
171,3,4,2,7,22,18445758913438542852
171,3,4,2,7,23,18445763380204530956
171,3,4,2,7,24,18445763380204530956
171,3,4,2,7,25,18445758913438542852
171,3,4,2,7,26,18445758913438542852
171,3,4,2,7,27,18445758913438542852
171,3,4,2,7,28,18445763380204530692
171,3,4,2,7,29,18445618175950187524
171,3,4,2,7,30,18445763380204530700
171,3,4,2,7,31,18445758913438542852
171,3,4,2,7,32,18445758913438542852
171,3,4,2,7,33,18445758913438542852
171,3,4,2,7,34,18445763380204530692
171,3,4,2,7,35,18445618175950187524
171,3,4,2,7,36,18445763380204530956
171,3,4,2,7,37,18445758913438542852
171,3,4,2,7,38,18445758913438542852
171,3,4,2,7,39,18445763380204530692
171,3,4,2,7,40,18445758913438542852
171,3,4,2,7,41,18445758913438542852
171,3,4,2,7,42,18445763380204530692
171,3,4,2,7,43,18445763380204530692
171,3,4,2,7,44,18445763380204530956
171,3,4,2,7,45,18445763380204530692
171,3,4,2,7,46,18445618175950187524
171,3,4,2,7,47,18445618175950187524
171,3,4,2,7,48,18445763380204530692
171,3,4,2,7,49,18445758913438542852
171,3,4,2,7,50,18445763380204530692
171,3,4,2,7,51,18445763380204530692
171,3,4,2,7,52,18445763311485053956
171,3,4,2,7,53,18445618175950187524
171,3,4,2,7,54,18445758913438542852
171,3,4,2,7,55,18445763380204530692
171,3,4,2,7,56,18445763311485053956
171,3,4,2,7,57,18445763311485053956
171,3,4,2,7,58,18445758913438542852
171,3,4,2,7,59,18445758913438542852
171,3,4,2,7,60,18445618175950187524
171,3,4,2,7,61,18445758913438542852
171,3,4,2,7,62,18445763311485053956
171,3,4,2,7,63,18445758913438542852
171,3,4,2,7,64,18445763311485053956
171,3,4,2,7,65,18445763311485053956
171,3,4,2,7,66,18445763311485053956
171,3,4,2,7,67,18445758913438542852
171,3,4,2,7,68,18445763311485053956
171,3,4,2,7,69,18445763380204530692
171,3,4,2,7,70,18445618175950187524
171,3,4,2,7,71,18445618175950187524
171,3,4,2,7,72,18445758913438542852
171,3,4,2,7,73,18445763311485053956
171,3,4,2,7,74,18445763380204530700
171,3,4,2,7,75,18445763380204530956
171,3,4,2,7,76,18445763380204530692
171,3,4,2,7,77,18445763311485053956
171,3,4,2,7,78,18445758913438542852
171,3,4,2,7,79,18445758913438542852
171,3,4,2,7,80,18445763311485053956
171,3,4,2,7,81,18445763311485053956
171,3,4,2,7,82,18445763311485053956
171,3,4,2,7,83,18445758913438542852
171,3,4,2,7,84,18445618175950187524
171,3,4,2,7,85,18445758913438542852
171,3,4,2,7,86,18445618175950187524
171,3,4,2,7,87,18445763380204530692
171,3,4,2,7,88,18445763311485053956
171,3,4,2,7,89,18445763380204530692
171,3,4,2,7,90,18445763311485053956
171,3,4,2,7,91,18445758913438542852
171,3,4,2,7,92,18445763311485053956
171,3,4,2,7,93,18445763311485053956
171,3,4,2,7,94,18445758913438542852
171,3,4,2,7,95,18445758913438542852
171,3,4,2,7,96,18445763311485053956
171,3,4,2,7,97,18445763380204530692
171,3,4,2,7,98,18445763311485053956
171,3,4,2,7,99,18445763311485053956
172,3,5,2,0,0,2006606582645712
172,3,5,2,0,1,2076975326823378
172,3,5,2,0,2,2076975326823378
172,3,5,2,0,3,2076975326823376
172,3,5,2,0,4,2006606582645712
172,3,5,2,0,5,2076975326823376
172,3,5,2,0,6,2076975326823376
172,3,5,2,0,7,2006606582645712
172,3,5,2,0,8,2006606582645712
172,3,5,2,0,9,2076975326823376
172,3,5,2,0,10,2076975326823376
172,3,5,2,0,11,2006606582645712
172,3,5,2,0,12,2006606582645712
172,3,5,2,0,13,2006606582645712
172,3,5,2,0,14,2076975326823376
172,3,5,2,0,15,2076975326823379
172,3,5,2,0,16,2076975326823376
172,3,5,2,0,17,2076975326823378
172,3,5,2,0,18,2076975326823376
172,3,5,2,0,19,2076975326823376
172,3,5,2,0,20,2076975326823378
172,3,5,2,0,21,2076975326823376
172,3,5,2,0,22,2006606582645712
172,3,5,2,0,23,2076975326823376
172,3,5,2,0,24,2076975326823378
172,3,5,2,0,25,2076975326823379
172,3,5,2,0,26,2076975326823376
172,3,5,2,0,27,2006606582645712
172,3,5,2,0,28,2076975326823376
172,3,5,2,0,29,2076975326823376
172,3,5,2,0,30,2006606582645712
172,3,5,2,0,31,2076975326823376
172,3,5,2,0,32,2076975326823376
172,3,5,2,0,33,2076975326823376
172,3,5,2,0,34,2006606582645712
172,3,5,2,0,35,2006606582645712
172,3,5,2,0,36,2006606582645712
172,3,5,2,0,37,2076975326823376
172,3,5,2,0,38,2006606582645712
172,3,5,2,0,39,2076975326823376
172,3,5,2,0,40,2006606582645712
172,3,5,2,0,41,2076975326823376
172,3,5,2,0,42,2076975326823376
172,3,5,2,0,43,2006606582645712
172,3,5,2,0,44,2076975326823376
172,3,5,2,0,45,2076975326823376
172,3,5,2,0,46,2076975326823376
172,3,5,2,0,47,2006606582645712
172,3,5,2,0,48,2006606582645712
172,3,5,2,0,49,2076975326823378
172,3,5,2,0,50,2076975326823376
172,3,5,2,0,51,2076975326823376
172,3,5,2,0,52,2076975326823376
172,3,5,2,0,53,2076975326823378
172,3,5,2,0,54,2076975326823376
172,3,5,2,0,55,2076975326823376
172,3,5,2,0,56,2076975326823376
172,3,5,2,0,57,2076975326823378
172,3,5,2,0,58,2076975326823378
172,3,5,2,0,59,2076975326823376
172,3,5,2,0,60,2076975326823376
172,3,5,2,0,61,2076975326823376
172,3,5,2,0,62,2076975326823376
172,3,5,2,0,63,2076975326823376
172,3,5,2,0,64,2076975326823376
172,3,5,2,0,65,2076975326823376
172,3,5,2,0,66,2076975326823376
172,3,5,2,0,67,2076975326823376
172,3,5,2,0,68,2076975326823376
172,3,5,2,0,69,2006606582645712
172,3,5,2,0,70,2006606582645712
172,3,5,2,0,71,2076975326823376
172,3,5,2,0,72,2076975326823379
172,3,5,2,0,73,2076975326823378
172,3,5,2,0,74,2076975326823376
172,3,5,2,0,75,2076975326823376
172,3,5,2,0,76,2076975326823376
172,3,5,2,0,77,2076975326823376
172,3,5,2,0,78,2076975326823378
172,3,5,2,0,79,2076975326823378
172,3,5,2,0,80,2076975326823376
172,3,5,2,0,81,2076975326823376
172,3,5,2,0,82,2076975326823376
172,3,5,2,0,83,2076975326823376
172,3,5,2,0,84,2076975326823378
172,3,5,2,0,85,2006606582645712
172,3,5,2,0,86,2076975326823376
172,3,5,2,0,87,2076975326823376
172,3,5,2,0,88,2006606582645712
172,3,5,2,0,89,2076975326823376
172,3,5,2,0,90,2076975326823376
172,3,5,2,0,91,2076975326823376
172,3,5,2,0,92,2076975326823378
172,3,5,2,0,93,2076975326823378
172,3,5,2,0,94,2076975326823376
172,3,5,2,0,95,2076975326823378
172,3,5,2,0,96,2006606582645712
172,3,5,2,0,97,2076975326823376
172,3,5,2,0,98,2076975326823376
172,3,5,2,0,99,2076975326823379
173,3,5,2,2,0,1689328749118096
173,3,5,2,2,1,1689328749118096
173,3,5,2,2,2,1689328749118096
173,3,5,2,2,3,1689328749118096
173,3,5,2,2,4,1689328749118096
173,3,5,2,2,5,1689328749118096
173,3,5,2,2,6,1689328749118096
173,3,5,2,2,7,1689328749118096
173,3,5,2,2,8,1689328749118096
173,3,5,2,2,9,1689328749118096
173,3,5,2,2,10,1689328749118096
173,3,5,2,2,11,1689328749118096
173,3,5,2,2,12,1689328749118096
173,3,5,2,2,13,1689328749118096
173,3,5,2,2,14,1689328749118096
173,3,5,2,2,15,1689328749118096
173,3,5,2,2,16,1689328749118096
173,3,5,2,2,17,1689328749118096
173,3,5,2,2,18,1689328749118096
173,3,5,2,2,19,1689328749118096
173,3,5,2,2,20,1689328749118096
173,3,5,2,2,21,1689328749118096
173,3,5,2,2,22,1689328749118096
173,3,5,2,2,23,1689328749118096
173,3,5,2,2,24,1689328749118096
173,3,5,2,2,25,1689328749118096
173,3,5,2,2,26,1689328749118096
173,3,5,2,2,27,1689328749118096
173,3,5,2,2,28,1689328749118096
173,3,5,2,2,29,1689328749118096
173,3,5,2,2,30,1689328749118096
173,3,5,2,2,31,1689328749118096
173,3,5,2,2,32,1689328749118096
173,3,5,2,2,33,1689328749118096
173,3,5,2,2,34,1689328749118096
173,3,5,2,2,35,1689328749118096
173,3,5,2,2,36,1689328749118096
173,3,5,2,2,37,1689328749118096
173,3,5,2,2,38,1689328749118096
173,3,5,2,2,39,1689328749118096
173,3,5,2,2,40,1689328749118096
173,3,5,2,2,41,1689328749118096
173,3,5,2,2,42,1689328749118096
173,3,5,2,2,43,1689328749118096
173,3,5,2,2,44,1689328749118096
173,3,5,2,2,45,1689328749118096
173,3,5,2,2,46,1689328749118096
173,3,5,2,2,47,1689328749118096
173,3,5,2,2,48,1689328749118096
173,3,5,2,2,49,1689328749118096
173,3,5,2,2,50,1689328749118096
173,3,5,2,2,51,1689328749118096
173,3,5,2,2,52,1689328749118096
173,3,5,2,2,53,1689328749118096
173,3,5,2,2,54,1689328749118096
173,3,5,2,2,55,1689328749118096
173,3,5,2,2,56,1689328749118096
173,3,5,2,2,57,1689328749118096
173,3,5,2,2,58,1689328749118096
173,3,5,2,2,59,1689328749118096
173,3,5,2,2,60,1689328749118096
173,3,5,2,2,61,1689328749118096
173,3,5,2,2,62,1689328749118096
173,3,5,2,2,63,1689328749118096
173,3,5,2,2,64,1689328749118096
173,3,5,2,2,65,1689328749118096
173,3,5,2,2,66,1689328749118096
173,3,5,2,2,67,1689328749118096
173,3,5,2,2,68,1689328749118096
173,3,5,2,2,69,1689328749118096
173,3,5,2,2,70,1689328749118096
173,3,5,2,2,71,1689328749118096
173,3,5,2,2,72,1689328749118096
173,3,5,2,2,73,1689328749118096
173,3,5,2,2,74,1689328749118096
173,3,5,2,2,75,1689328749118096
173,3,5,2,2,76,1689328749118096
173,3,5,2,2,77,1689328749118096
173,3,5,2,2,78,1689328749118096
173,3,5,2,2,79,1689328749118096
173,3,5,2,2,80,1689328749118096
173,3,5,2,2,81,1689328749118096
173,3,5,2,2,82,1689328749118096
173,3,5,2,2,83,1689328749118096
173,3,5,2,2,84,1689328749118096
173,3,5,2,2,85,1689328749118096
173,3,5,2,2,86,1689328749118096
173,3,5,2,2,87,1689328749118096
173,3,5,2,2,88,1689328749118096
173,3,5,2,2,89,1689328749118096
173,3,5,2,2,90,1689328749118096
173,3,5,2,2,91,1689328749118096
173,3,5,2,2,92,1689328749118096
173,3,5,2,2,93,1689328749118096
173,3,5,2,2,94,1689328749118096
173,3,5,2,2,95,1689328749118096
173,3,5,2,2,96,1689328749118096
173,3,5,2,2,97,1689328749118096
173,3,5,2,2,98,1689328749118096
173,3,5,2,2,99,1689328749118096
174,3,5,2,4,0,1970803725828816
174,3,5,2,4,1,1970803725828816
174,3,5,2,4,2,1970803725828816
174,3,5,2,4,3,1970803725828816
174,3,5,2,4,4,1970803725828816
174,3,5,2,4,5,1970803725828816
174,3,5,2,4,6,1970803725828816
174,3,5,2,4,7,1970803725828816
174,3,5,2,4,8,1970803725828816
174,3,5,2,4,9,1970803725828816
174,3,5,2,4,10,1970803725828816
174,3,5,2,4,11,1970803725828816
174,3,5,2,4,12,1970803725828816
174,3,5,2,4,13,1970803725828816
174,3,5,2,4,14,1970803725828816
174,3,5,2,4,15,1970803725828816
174,3,5,2,4,16,1970803725828816
174,3,5,2,4,17,1970803725828816
174,3,5,2,4,18,1970803725828816
174,3,5,2,4,19,1970803725828816
174,3,5,2,4,20,1970803725828816
174,3,5,2,4,21,1970803725828816
174,3,5,2,4,22,1970803725828816
174,3,5,2,4,23,1970803725828816
174,3,5,2,4,24,1970803725828816
174,3,5,2,4,25,1970803725828816
174,3,5,2,4,26,1970803725828816
174,3,5,2,4,27,1970803725828816
174,3,5,2,4,28,1970803725828816
174,3,5,2,4,29,1970803725828816
174,3,5,2,4,30,1970803725828816
174,3,5,2,4,31,1970803725828816
174,3,5,2,4,32,1970803725828816
174,3,5,2,4,33,1970803725828816
174,3,5,2,4,34,1970803725828816
174,3,5,2,4,35,1970803725828816
174,3,5,2,4,36,1970803725828816
174,3,5,2,4,37,1970803725828816
174,3,5,2,4,38,1970803725828816
174,3,5,2,4,39,1970803725828816
174,3,5,2,4,40,1970803725828816
174,3,5,2,4,41,1970803725828816
174,3,5,2,4,42,1970803725828816
174,3,5,2,4,43,1970803725828816
174,3,5,2,4,44,1970803725828816
174,3,5,2,4,45,1970803725828816
174,3,5,2,4,46,1970803725828816
174,3,5,2,4,47,1970803725828816
174,3,5,2,4,48,1970803725828816
174,3,5,2,4,49,1970803725828816
174,3,5,2,4,50,1970803725828816
174,3,5,2,4,51,1970803725828816
174,3,5,2,4,52,1970803725828816
174,3,5,2,4,53,1970803725828816
174,3,5,2,4,54,1970803725828816
174,3,5,2,4,55,1970803726877392
174,3,5,2,4,56,1970803725828816
174,3,5,2,4,57,1970803725828816
174,3,5,2,4,58,1970803725828816
174,3,5,2,4,59,1970803725828816
174,3,5,2,4,60,1970803725828816
174,3,5,2,4,61,1970803725828816
174,3,5,2,4,62,1970803725828816
174,3,5,2,4,63,1970803725828816
174,3,5,2,4,64,1970803725828816
174,3,5,2,4,65,1970803725828816
174,3,5,2,4,66,1970803725828816
174,3,5,2,4,67,1970803725828816
174,3,5,2,4,68,1970803726877392
174,3,5,2,4,69,1970803725828816
174,3,5,2,4,70,1970803726877392
174,3,5,2,4,71,1970803725828816
174,3,5,2,4,72,1970803725828816
174,3,5,2,4,73,1970803725828816
174,3,5,2,4,74,1970803725828816
174,3,5,2,4,75,1970803725828816
174,3,5,2,4,76,1970803725828816
174,3,5,2,4,77,1970803725828816
174,3,5,2,4,78,1970803725828816
174,3,5,2,4,79,1970803725828816
174,3,5,2,4,80,1970803725828816
174,3,5,2,4,81,1970803725828816
174,3,5,2,4,82,1970803725828816
174,3,5,2,4,83,1970803725828816
174,3,5,2,4,84,1970803725828816
174,3,5,2,4,85,1970803725828816
174,3,5,2,4,86,1970803725828816
174,3,5,2,4,87,1970803725828816
174,3,5,2,4,88,1970803725828816
174,3,5,2,4,89,1970803726877392
174,3,5,2,4,90,1970803725828816
174,3,5,2,4,91,1970803725828816
174,3,5,2,4,92,1970803725828816
174,3,5,2,4,93,1970803725828816
174,3,5,2,4,94,1970803725828816
174,3,5,2,4,95,1970803725828816
174,3,5,2,4,96,1970803725828816
174,3,5,2,4,97,1970803725828816
174,3,5,2,4,98,1970803725828816
174,3,5,2,4,99,1970803725828816
175,3,5,2,6,0,1470276842164330491
175,3,5,2,6,1,1470276842164330491
175,3,5,2,6,2,1470276842164330491
175,3,5,2,6,3,1470276842164330491
175,3,5,2,6,4,1470276842164330491
175,3,5,2,6,5,1470276842164330491
175,3,5,2,6,6,1470276842164330491
175,3,5,2,6,7,1470276842164330491
175,3,5,2,6,8,1470276842164330491
175,3,5,2,6,9,1470276842164330491
175,3,5,2,6,10,1470276842164330491
175,3,5,2,6,11,1470276842164330491
175,3,5,2,6,12,1470276842164330491
175,3,5,2,6,13,1470276842164330491
175,3,5,2,6,14,1470276842164330491
175,3,5,2,6,15,1470276842164330491
175,3,5,2,6,16,1470276842164330491
175,3,5,2,6,17,1470276842164330491
175,3,5,2,6,18,1470276842164330491
175,3,5,2,6,19,1470276842164330491
175,3,5,2,6,20,1470276842164330491
175,3,5,2,6,21,1470276842164330491
175,3,5,2,6,22,1470276842164330491
175,3,5,2,6,23,1470276842164330491
175,3,5,2,6,24,1470276842164330491
175,3,5,2,6,25,1470276842164330491
175,3,5,2,6,26,1470276842164330491
175,3,5,2,6,27,1470276842164330491
175,3,5,2,6,28,1470276842164330491
175,3,5,2,6,29,1470276842164330491
175,3,5,2,6,30,1470276842164330491
175,3,5,2,6,31,1470276842164330491
175,3,5,2,6,32,1470276842164330491
175,3,5,2,6,33,1470276842164330491
175,3,5,2,6,34,1470276842164330491
175,3,5,2,6,35,1470276842164330491
175,3,5,2,6,36,1470276842164330491
175,3,5,2,6,37,1470276842164330491
175,3,5,2,6,38,1470276842164330491
175,3,5,2,6,39,1470276842164330491
175,3,5,2,6,40,1470276842164330491
175,3,5,2,6,41,1470276842164330491
175,3,5,2,6,42,1470276842164330491
175,3,5,2,6,43,1470276842164330491
175,3,5,2,6,44,1470276842164330491
175,3,5,2,6,45,1470276842164330491
175,3,5,2,6,46,1470276842164330491
175,3,5,2,6,47,1470276842164330491
175,3,5,2,6,48,1470276842164330491
175,3,5,2,6,49,1470276842164330491
175,3,5,2,6,50,1470276842164330491
175,3,5,2,6,51,1470276842164330491
175,3,5,2,6,52,1470276842164330491
175,3,5,2,6,53,1470276842164330491
175,3,5,2,6,54,1470276842164330491
175,3,5,2,6,55,1470276842164330491
175,3,5,2,6,56,1470276842164330491
175,3,5,2,6,57,1470276842164330491
175,3,5,2,6,58,1470276842164330491
175,3,5,2,6,59,1470276842164330491
175,3,5,2,6,60,1470276842164330491
175,3,5,2,6,61,1470276842164330491
175,3,5,2,6,62,1470276842164330491
175,3,5,2,6,63,1470276842164330491
175,3,5,2,6,64,1470276842164330491
175,3,5,2,6,65,1470276842164330491
175,3,5,2,6,66,1470276842164330491
175,3,5,2,6,67,1470276842164330491
175,3,5,2,6,68,1470276842164330491
175,3,5,2,6,69,1470276842164330491
175,3,5,2,6,70,1470276842164330491
175,3,5,2,6,71,1470276842164330491
175,3,5,2,6,72,1470276842164330491
175,3,5,2,6,73,1470276842164330491
175,3,5,2,6,74,1470276842164330491
175,3,5,2,6,75,1470276842164330491
175,3,5,2,6,76,1470276842164330491
175,3,5,2,6,77,1470276842164330491
175,3,5,2,6,78,1470276842164330491
175,3,5,2,6,79,1470276842164330491
175,3,5,2,6,80,1470276842164330491
175,3,5,2,6,81,1470276842164330491
175,3,5,2,6,82,1470276842164330491
175,3,5,2,6,83,1470276842164330491
175,3,5,2,6,84,1470276842164330491
175,3,5,2,6,85,1470276842164330491
175,3,5,2,6,86,1470276842164330491
175,3,5,2,6,87,1470276842164330491
175,3,5,2,6,88,1470276842164330491
175,3,5,2,6,89,1470276842164330491
175,3,5,2,6,90,1470276842164330491
175,3,5,2,6,91,1470276842164330491
175,3,5,2,6,92,1470276842164330491
175,3,5,2,6,93,1470276842164330491
175,3,5,2,6,94,1470276842164330491
175,3,5,2,6,95,1470276842164330491
175,3,5,2,6,96,1470276842164330491
175,3,5,2,6,97,1470276842164330491
175,3,5,2,6,98,1470276842164330491
175,3,5,2,6,99,1470276842164330491
176,3,6,2,1,0,18445820022233234828
176,3,6,2,1,1,18445820022233234828
176,3,6,2,1,2,18445820022233234828
176,3,6,2,1,3,18445820022233234828
176,3,6,2,1,4,18445820022233234828
176,3,6,2,1,5,18445820022233234828
176,3,6,2,1,6,18445820022233234828
176,3,6,2,1,7,18445820022233234828
176,3,6,2,1,8,18445820022233234828
176,3,6,2,1,9,18445820022233234828
176,3,6,2,1,10,18445820022233234828
176,3,6,2,1,11,18445820022233234828
176,3,6,2,1,12,18445820022233234828
176,3,6,2,1,13,18445820022233234828
176,3,6,2,1,14,18445820022233234828
176,3,6,2,1,15,18445820022233234828
176,3,6,2,1,16,18445820022233234828
176,3,6,2,1,17,18445820022233234828
176,3,6,2,1,18,18445820022233234828
176,3,6,2,1,19,18445820022233234828
176,3,6,2,1,20,18445802430047190412
176,3,6,2,1,21,18445820022233234828
176,3,6,2,1,22,18445820022233234828
176,3,6,2,1,23,18445820022233234828
176,3,6,2,1,24,18445820022233234828
176,3,6,2,1,25,18445802430047190412
176,3,6,2,1,26,18445820022233234828
176,3,6,2,1,27,18445820022233234828
176,3,6,2,1,28,18445820022233234828
176,3,6,2,1,29,18445820022233234828
176,3,6,2,1,30,18445820022233234828
176,3,6,2,1,31,18445820022233234828
176,3,6,2,1,32,18445820022233234828
176,3,6,2,1,33,18445820022233234828
176,3,6,2,1,34,18445820022233234828
176,3,6,2,1,35,18445820022233234828
176,3,6,2,1,36,18445820022233234828
176,3,6,2,1,37,18445820022233234828
176,3,6,2,1,38,18445820022233234828
176,3,6,2,1,39,18445820022233234828
176,3,6,2,1,40,18445820022233234828
176,3,6,2,1,41,18445820022233234828
176,3,6,2,1,42,18445820022233234828
176,3,6,2,1,43,18445820022233234828
176,3,6,2,1,44,18445820022233234828
176,3,6,2,1,45,18445820022233234828
176,3,6,2,1,46,18445802430047190412
176,3,6,2,1,47,18445820022233234828
176,3,6,2,1,48,18445820022233234828
176,3,6,2,1,49,18445820022233234828
176,3,6,2,1,50,18445820022233234828
176,3,6,2,1,51,18445820022233234828
176,3,6,2,1,52,18445820022233234828
176,3,6,2,1,53,18445820022233234828
176,3,6,2,1,54,18445820022233234828
176,3,6,2,1,55,18445820022233234828
176,3,6,2,1,56,18445820022233234828
176,3,6,2,1,57,18445820022233234828
176,3,6,2,1,58,18445820022233234828
176,3,6,2,1,59,18445820022233234828
176,3,6,2,1,60,18445820022233234828
176,3,6,2,1,61,18445802430047190412
176,3,6,2,1,62,18445820022233234828
176,3,6,2,1,63,18445820022233234828
176,3,6,2,1,64,18445820022233234828
176,3,6,2,1,65,18445820022233234828
176,3,6,2,1,66,18445820022233234828
176,3,6,2,1,67,18445820022233234828
176,3,6,2,1,68,18445820022233234828
176,3,6,2,1,69,18445820022233234828
176,3,6,2,1,70,18445820022233234828
176,3,6,2,1,71,18445820022233234828
176,3,6,2,1,72,18445820022233234828
176,3,6,2,1,73,18445820022233234828
176,3,6,2,1,74,18445820022233234828
176,3,6,2,1,75,18445820022233234828
176,3,6,2,1,76,18445820022233234828
176,3,6,2,1,77,18445820022233234828
176,3,6,2,1,78,18445802430047190412
176,3,6,2,1,79,18445820022233234828
176,3,6,2,1,80,18445820022233234828
176,3,6,2,1,81,18445820022233234828
176,3,6,2,1,82,18445820022233234828
176,3,6,2,1,83,18445802430047190412
176,3,6,2,1,84,18445820022233234828
176,3,6,2,1,85,18445820022233234828
176,3,6,2,1,86,18445820022233234828
176,3,6,2,1,87,18445820022233234828
176,3,6,2,1,88,18445820022233234828
176,3,6,2,1,89,18445820022233234828
176,3,6,2,1,90,18445820022233234828
176,3,6,2,1,91,18445820022233234828
176,3,6,2,1,92,18445820022233234828
176,3,6,2,1,93,18445820022233234828
176,3,6,2,1,94,18445820022233234828
176,3,6,2,1,95,18445820022233234828
176,3,6,2,1,96,18445820022233234828
176,3,6,2,1,97,18445820022233234828
176,3,6,2,1,98,18445820022233234828
176,3,6,2,1,99,18445820022233234828
177,3,6,2,3,0,18446180838140804540
177,3,6,2,3,1,18446180838140804540
177,3,6,2,3,2,18446180838140804540
177,3,6,2,3,3,18446180838140804540
177,3,6,2,3,4,18446180838140804540
177,3,6,2,3,5,18446180838140804540
177,3,6,2,3,6,18446180838140804540
177,3,6,2,3,7,18446180838140804540
177,3,6,2,3,8,18446180838140804540
177,3,6,2,3,9,18446180838140804540
177,3,6,2,3,10,18446180838140804540
177,3,6,2,3,11,18446180838140804540
177,3,6,2,3,12,18446180838140804540
177,3,6,2,3,13,18446180838140804540
177,3,6,2,3,14,18446180838140804540
177,3,6,2,3,15,18446180838140804540
177,3,6,2,3,16,18446180838140804540
177,3,6,2,3,17,18446180838140804540
177,3,6,2,3,18,18446180838140804540
177,3,6,2,3,19,18446180838140804540
177,3,6,2,3,20,18446180838140804540
177,3,6,2,3,21,18446180838140804540
177,3,6,2,3,22,18446180838140804540
177,3,6,2,3,23,18446180838140804540
177,3,6,2,3,24,18446180700701851068
177,3,6,2,3,25,18446180838140804540
177,3,6,2,3,26,18446180838140804540
177,3,6,2,3,27,18446180838140804540
177,3,6,2,3,28,18446180838140804540
177,3,6,2,3,29,18446180838140804540
177,3,6,2,3,30,18446180838140804540
177,3,6,2,3,31,18446180838140804540
177,3,6,2,3,32,18446180838140804540
177,3,6,2,3,33,18446180838140804540
177,3,6,2,3,34,18446180838140804540
177,3,6,2,3,35,18446180838140804540
177,3,6,2,3,36,18446180838140804540
177,3,6,2,3,37,18446180838140804540
177,3,6,2,3,38,18446180838140804540
177,3,6,2,3,39,18446180838140804540
177,3,6,2,3,40,18446180838140804540
177,3,6,2,3,41,18446180838140804540
177,3,6,2,3,42,18446180838140804540
177,3,6,2,3,43,18446180838140804540
177,3,6,2,3,44,18446180838140804540
177,3,6,2,3,45,18446180838140804540
177,3,6,2,3,46,18446180838140804540
177,3,6,2,3,47,18446180838140804540
177,3,6,2,3,48,18446180700701851068
177,3,6,2,3,49,18446180838140804540
177,3,6,2,3,50,18446180838140804540
177,3,6,2,3,51,18446180838140804540
177,3,6,2,3,52,18446180838140804540
177,3,6,2,3,53,18446180838140804540
177,3,6,2,3,54,18446180838140804540
177,3,6,2,3,55,18446180838140804540
177,3,6,2,3,56,18446180838140804540
177,3,6,2,3,57,18446180838140804540
177,3,6,2,3,58,18446180838140804540
177,3,6,2,3,59,18446180838140804540
177,3,6,2,3,60,18446180700701851068
177,3,6,2,3,61,18446180838140804540
177,3,6,2,3,62,18446180838140804540
177,3,6,2,3,63,18446180838140804540
177,3,6,2,3,64,18446180838140804540
177,3,6,2,3,65,18446180838140804540
177,3,6,2,3,66,18446180838140804540
177,3,6,2,3,67,18446180838140804540
177,3,6,2,3,68,18446180700701851068
177,3,6,2,3,69,18446180838140804540
177,3,6,2,3,70,18446180838140804540
177,3,6,2,3,71,18446180838140804540
177,3,6,2,3,72,18446180838140804540
177,3,6,2,3,73,18446180838140804540
177,3,6,2,3,74,18446180838140804540
177,3,6,2,3,75,18446180838140804540
177,3,6,2,3,76,18446180838140804540
177,3,6,2,3,77,18446180838140804540
177,3,6,2,3,78,18446180838140804540
177,3,6,2,3,79,18446180838140804540
177,3,6,2,3,80,18446180838140804540
177,3,6,2,3,81,18446180838140804540
177,3,6,2,3,82,18446180838140804540
177,3,6,2,3,83,18446180838140804540
177,3,6,2,3,84,18446180838140804540
177,3,6,2,3,85,18446180838140804540
177,3,6,2,3,86,18446180838140804540
177,3,6,2,3,87,18446180838140804540
177,3,6,2,3,88,18446180838140804540
177,3,6,2,3,89,18446180838140804540
177,3,6,2,3,90,18446180838140804540
177,3,6,2,3,91,18446180838140804540
177,3,6,2,3,92,18446180838140804540
177,3,6,2,3,93,18446180838140804540
177,3,6,2,3,94,18446180838140804540
177,3,6,2,3,95,18446180838140804540
177,3,6,2,3,96,18446180838140804540
177,3,6,2,3,97,18446180838140804540
177,3,6,2,3,98,18446180838140804540
177,3,6,2,3,99,18446180838140804540
178,3,6,2,5,0,18446180838140804540
178,3,6,2,5,1,18446180838140804540
178,3,6,2,5,2,18446180838140804540
178,3,6,2,5,3,18446180838140804540
178,3,6,2,5,4,18446180838140804540
178,3,6,2,5,5,18446180838140804540
178,3,6,2,5,6,18446180838140804540
178,3,6,2,5,7,18446180838140804540
178,3,6,2,5,8,18446180838140804540
178,3,6,2,5,9,18446180838140804540
178,3,6,2,5,10,18446180838140804540
178,3,6,2,5,11,18446180838140804540
178,3,6,2,5,12,18446180838140804540
178,3,6,2,5,13,18446180838140804540
178,3,6,2,5,14,18446180838140804540
178,3,6,2,5,15,18446180838140804540
178,3,6,2,5,16,18446180838140804540
178,3,6,2,5,17,18446180838140804540
178,3,6,2,5,18,18446180838140804540
178,3,6,2,5,19,18446180838140804540
178,3,6,2,5,20,18446180838140804540
178,3,6,2,5,21,18446180838140804540
178,3,6,2,5,22,18446180838140804540
178,3,6,2,5,23,18446180838140804540
178,3,6,2,5,24,18446180838140804540
178,3,6,2,5,25,18446180838140804540
178,3,6,2,5,26,18446180838140804540
178,3,6,2,5,27,18446180838140804540
178,3,6,2,5,28,18446180838140804540
178,3,6,2,5,29,18446180838140804540
178,3,6,2,5,30,18446180838140804540
178,3,6,2,5,31,18446180838140804540
178,3,6,2,5,32,18446180838140804540
178,3,6,2,5,33,18446180838140804540
178,3,6,2,5,34,18446180838140804540
178,3,6,2,5,35,18446180838140804540
178,3,6,2,5,36,18446180838140804540
178,3,6,2,5,37,18446180838140804540
178,3,6,2,5,38,18446180838140804540
178,3,6,2,5,39,18446180838140804540
178,3,6,2,5,40,18446180838140804540
178,3,6,2,5,41,18446180838140804540
178,3,6,2,5,42,18446180838140804540
178,3,6,2,5,43,18446180838140804540
178,3,6,2,5,44,18446180838140804540
178,3,6,2,5,45,18446180838140804540
178,3,6,2,5,46,18446180838140804540
178,3,6,2,5,47,18446180838140804540
178,3,6,2,5,48,18446180838140804540
178,3,6,2,5,49,18446180838140804540
178,3,6,2,5,50,18446180838140804540
178,3,6,2,5,51,18446180838140804540
178,3,6,2,5,52,18446180838140804540
178,3,6,2,5,53,18446180838140804540
178,3,6,2,5,54,18446180838140804540
178,3,6,2,5,55,18446180838140804540
178,3,6,2,5,56,18446180838140804540
178,3,6,2,5,57,18446180838140804540
178,3,6,2,5,58,18446180838140804540
178,3,6,2,5,59,18446180838140804540
178,3,6,2,5,60,18446180838140804540
178,3,6,2,5,61,18446180838140804540
178,3,6,2,5,62,18446180838140804540
178,3,6,2,5,63,18446180838140804540
178,3,6,2,5,64,18446180838140804540
178,3,6,2,5,65,18446180838140804540
178,3,6,2,5,66,18446180838140804540
178,3,6,2,5,67,18446180838140804540
178,3,6,2,5,68,18446180838140804540
178,3,6,2,5,69,18446180838140804540
178,3,6,2,5,70,18446180838140804540
178,3,6,2,5,71,18446180838140804540
178,3,6,2,5,72,18446180838140804540
178,3,6,2,5,73,18446180838140804540
178,3,6,2,5,74,18446180838140804540
178,3,6,2,5,75,18446180838140804540
178,3,6,2,5,76,18446180838140804540
178,3,6,2,5,77,18446180838140804540
178,3,6,2,5,78,18446180838140804540
178,3,6,2,5,79,18446180838140804540
178,3,6,2,5,80,18446180838140804540
178,3,6,2,5,81,18446180838140804540
178,3,6,2,5,82,18446180838140804540
178,3,6,2,5,83,18446180838140804540
178,3,6,2,5,84,18446180838140804540
178,3,6,2,5,85,18446180838140804540
178,3,6,2,5,86,18446180838140804540
178,3,6,2,5,87,18446180838140804540
178,3,6,2,5,88,18446180838140804540
178,3,6,2,5,89,18446180838140804540
178,3,6,2,5,90,18446180838140804540
178,3,6,2,5,91,18446180838140804540
178,3,6,2,5,92,18446180838140804540
178,3,6,2,5,93,18446180838140804540
178,3,6,2,5,94,18446180838140804540
178,3,6,2,5,95,18446180838140804540
178,3,6,2,5,96,18446180838140804540
178,3,6,2,5,97,18446180838140804540
178,3,6,2,5,98,18446180838140804540
178,3,6,2,5,99,18446180838140804540
179,3,6,2,7,0,18445618175950187524
179,3,6,2,7,1,18445618175950187524
179,3,6,2,7,2,18445618175950187524
179,3,6,2,7,3,18445618175950187524
179,3,6,2,7,4,18445618175950187524
179,3,6,2,7,5,18445618175950187524
179,3,6,2,7,6,18445618175950187524
179,3,6,2,7,7,18445618175950187524
179,3,6,2,7,8,18445618175950187524
179,3,6,2,7,9,18445618175950187524
179,3,6,2,7,10,18445618175950187524
179,3,6,2,7,11,18445618175950187524
179,3,6,2,7,12,18445618175950187524
179,3,6,2,7,13,18445618175950187524
179,3,6,2,7,14,18445618175950187524
179,3,6,2,7,15,18445618175950187524
179,3,6,2,7,16,18445618175950187524
179,3,6,2,7,17,18445618175950187524
179,3,6,2,7,18,18445618175950187524
179,3,6,2,7,19,18445618175950187524
179,3,6,2,7,20,18445618175950187524
179,3,6,2,7,21,18445618175950187524
179,3,6,2,7,22,18445618175950187524
179,3,6,2,7,23,18445618175950187524
179,3,6,2,7,24,18445618175950187524
179,3,6,2,7,25,18445618175950187524
179,3,6,2,7,26,18445618175950187524
179,3,6,2,7,27,18445618175950187524
179,3,6,2,7,28,18445618175950187524
179,3,6,2,7,29,18445618175950187524
179,3,6,2,7,30,18445618175950187524
179,3,6,2,7,31,18445618175950187524
179,3,6,2,7,32,18445618175950187524
179,3,6,2,7,33,18445618175950187524
179,3,6,2,7,34,18445618175950187524
179,3,6,2,7,35,18445618175950187524
179,3,6,2,7,36,18445618175950187524
179,3,6,2,7,37,18445618175950187524
179,3,6,2,7,38,18445618175950187524
179,3,6,2,7,39,18445618175950187524
179,3,6,2,7,40,18445618175950187524
179,3,6,2,7,41,18445618175950187524
179,3,6,2,7,42,18445618175950187524
179,3,6,2,7,43,18445618175950187524
179,3,6,2,7,44,18445618175950187524
179,3,6,2,7,45,18445618175950187524
179,3,6,2,7,46,18445618175950187524
179,3,6,2,7,47,18445618175950187524
179,3,6,2,7,48,18445618175950187524
179,3,6,2,7,49,18445618175950187524
179,3,6,2,7,50,18445618175950187524
179,3,6,2,7,51,18445618175950187524
179,3,6,2,7,52,18445618175950187524
179,3,6,2,7,53,18445618175950187524
179,3,6,2,7,54,18445618175950187524
179,3,6,2,7,55,18445618175950187524
179,3,6,2,7,56,18445618175950187524
179,3,6,2,7,57,18445618175950187524
179,3,6,2,7,58,18445618175950187524
179,3,6,2,7,59,18445618175950187524
179,3,6,2,7,60,18445618175950187524
179,3,6,2,7,61,18445618175950187524
179,3,6,2,7,62,18445618175950187524
179,3,6,2,7,63,18445618175950187524
179,3,6,2,7,64,18445618175950187524
179,3,6,2,7,65,18445618175950187524
179,3,6,2,7,66,18445618175950187524
179,3,6,2,7,67,18445618175950187524
179,3,6,2,7,68,18445618175950187524
179,3,6,2,7,69,18445618175950187524
179,3,6,2,7,70,18445618175950187524
179,3,6,2,7,71,18445618175950187524
179,3,6,2,7,72,18445618175950187524
179,3,6,2,7,73,18445618175950187524
179,3,6,2,7,74,18445618175950187524
179,3,6,2,7,75,18445618175950187524
179,3,6,2,7,76,18445618175950187524
179,3,6,2,7,77,18445618175950187524
179,3,6,2,7,78,18445618175950187524
179,3,6,2,7,79,18445618175950187524
179,3,6,2,7,80,18445618175950187524
179,3,6,2,7,81,18445618175950187524
179,3,6,2,7,82,18445618175950187524
179,3,6,2,7,83,18445618175950187524
179,3,6,2,7,84,18445618175950187524
179,3,6,2,7,85,18445618175950187524
179,3,6,2,7,86,18445618175950187524
179,3,6,2,7,87,18445618175950187524
179,3,6,2,7,88,18445618175950187524
179,3,6,2,7,89,18445618175950187524
179,3,6,2,7,90,18445618175950187524
179,3,6,2,7,91,18445618175950187524
179,3,6,2,7,92,18445618175950187524
179,3,6,2,7,93,18445618175950187524
179,3,6,2,7,94,18445618175950187524
179,3,6,2,7,95,18445618175950187524
179,3,6,2,7,96,18445618175950187524
179,3,6,2,7,97,18445618175950187524
179,3,6,2,7,98,18445618175950187524
179,3,6,2,7,99,18445618175950187524
180,3,7,2,0,0,562960690840064
180,3,7,2,0,1,562960690840064
180,3,7,2,0,2,562960690840064
180,3,7,2,0,3,562960690840064
180,3,7,2,0,4,562960690840064
180,3,7,2,0,5,562960690840064
180,3,7,2,0,6,562960690840064
180,3,7,2,0,7,562960690840064
180,3,7,2,0,8,562960690840064
180,3,7,2,0,9,562960690840064
180,3,7,2,0,10,562960690840064
180,3,7,2,0,11,562960690840064
180,3,7,2,0,12,562960690840064
180,3,7,2,0,13,562960690840064
180,3,7,2,0,14,562960690840064
180,3,7,2,0,15,562960690840064
180,3,7,2,0,16,562960690840064
180,3,7,2,0,17,562960690840064
180,3,7,2,0,18,562960690840064
180,3,7,2,0,19,562960690840064
180,3,7,2,0,20,562960690840064
180,3,7,2,0,21,562960690840064
180,3,7,2,0,22,562960690840064
180,3,7,2,0,23,562960690840064
180,3,7,2,0,24,562960690840064
180,3,7,2,0,25,562960690840064
180,3,7,2,0,26,562960690840064
180,3,7,2,0,27,562960690840064
180,3,7,2,0,28,562960690840064
180,3,7,2,0,29,562960690840064
180,3,7,2,0,30,562960690840064
180,3,7,2,0,31,562960690840064
180,3,7,2,0,32,562960690840064
180,3,7,2,0,33,562960690840064
180,3,7,2,0,34,562960690840064
180,3,7,2,0,35,562960690840064
180,3,7,2,0,36,562960690840064
180,3,7,2,0,37,562960690840064
180,3,7,2,0,38,562960690840064
180,3,7,2,0,39,562960690840064
180,3,7,2,0,40,562960690840064
180,3,7,2,0,41,562960690840064
180,3,7,2,0,42,562960690840064
180,3,7,2,0,43,562960690840064
180,3,7,2,0,44,562960690840064
180,3,7,2,0,45,562960690840064
180,3,7,2,0,46,562960690840064
180,3,7,2,0,47,562960690840064
180,3,7,2,0,48,562960690840064
180,3,7,2,0,49,562960690840064
180,3,7,2,0,50,562960690840064
180,3,7,2,0,51,562960690840064
180,3,7,2,0,52,562960690840064
180,3,7,2,0,53,562960690840064
180,3,7,2,0,54,562960690840064
180,3,7,2,0,55,562960690840064
180,3,7,2,0,56,562960690840064
180,3,7,2,0,57,562960690840064
180,3,7,2,0,58,562960690840064
180,3,7,2,0,59,562960690840064
180,3,7,2,0,60,562960690840064
180,3,7,2,0,61,562960690840064
180,3,7,2,0,62,562960690840064
180,3,7,2,0,63,562960690840064
180,3,7,2,0,64,562960690840064
180,3,7,2,0,65,562960690840064
180,3,7,2,0,66,562960690840064
180,3,7,2,0,67,562960690840064
180,3,7,2,0,68,562960690840064
180,3,7,2,0,69,562960690840064
180,3,7,2,0,70,562960690840064
180,3,7,2,0,71,562960690840064
180,3,7,2,0,72,562960690840064
180,3,7,2,0,73,562960690840064
180,3,7,2,0,74,562960690840064
180,3,7,2,0,75,562960690840064
180,3,7,2,0,76,562960690840064
180,3,7,2,0,77,562960690840064
180,3,7,2,0,78,562960690840064
180,3,7,2,0,79,562960690840064
180,3,7,2,0,80,562960690840064
180,3,7,2,0,81,562960690840064
180,3,7,2,0,82,562960690840064
180,3,7,2,0,83,562960690840064
180,3,7,2,0,84,562960690840064
180,3,7,2,0,85,562960690840064
180,3,7,2,0,86,562960690840064
180,3,7,2,0,87,562960690840064
180,3,7,2,0,88,562960690840064
180,3,7,2,0,89,562960690840064
180,3,7,2,0,90,562960690840064
180,3,7,2,0,91,562960690840064
180,3,7,2,0,92,562960690840064
180,3,7,2,0,93,562960690840064
180,3,7,2,0,94,562960690840064
180,3,7,2,0,95,562960690840064
180,3,7,2,0,96,562960690840064
180,3,7,2,0,97,562960690840064
180,3,7,2,0,98,562960690840064
180,3,7,2,0,99,562960690840064
181,3,7,2,2,0,8589934592
181,3,7,2,2,1,8589934592
181,3,7,2,2,2,8589934592
181,3,7,2,2,3,8589934592
181,3,7,2,2,4,8589934592
181,3,7,2,2,5,8589934592
181,3,7,2,2,6,8589934592
181,3,7,2,2,7,8589934592
181,3,7,2,2,8,8589934592
181,3,7,2,2,9,8589934592
181,3,7,2,2,10,8589934592
181,3,7,2,2,11,8589934592
181,3,7,2,2,12,8589934592
181,3,7,2,2,13,8589934592
181,3,7,2,2,14,8589934592
181,3,7,2,2,15,8589934592
181,3,7,2,2,16,8589934592
181,3,7,2,2,17,8589934592
181,3,7,2,2,18,8589934592
181,3,7,2,2,19,8589934592
181,3,7,2,2,20,8589934592
181,3,7,2,2,21,8589934592
181,3,7,2,2,22,8589934592
181,3,7,2,2,23,8589934592
181,3,7,2,2,24,8589934592
181,3,7,2,2,25,8589934592
181,3,7,2,2,26,8589934592
181,3,7,2,2,27,8589934592
181,3,7,2,2,28,8589934592
181,3,7,2,2,29,8589934592
181,3,7,2,2,30,8589934592
181,3,7,2,2,31,8589934592
181,3,7,2,2,32,8589934592
181,3,7,2,2,33,8589934592
181,3,7,2,2,34,8589934592
181,3,7,2,2,35,8589934592
181,3,7,2,2,36,8589934592
181,3,7,2,2,37,8589934592
181,3,7,2,2,38,8589934592
181,3,7,2,2,39,8589934592
181,3,7,2,2,40,8589934592
181,3,7,2,2,41,8589934592
181,3,7,2,2,42,8589934592
181,3,7,2,2,43,8589934592
181,3,7,2,2,44,8589934592
181,3,7,2,2,45,8589934592
181,3,7,2,2,46,8589934592
181,3,7,2,2,47,8589934592
181,3,7,2,2,48,8589934592
181,3,7,2,2,49,8589934592
181,3,7,2,2,50,8589934592
181,3,7,2,2,51,8589934592
181,3,7,2,2,52,8589934592
181,3,7,2,2,53,8589934592
181,3,7,2,2,54,8589934592
181,3,7,2,2,55,8589934592
181,3,7,2,2,56,8589934592
181,3,7,2,2,57,8589934592
181,3,7,2,2,58,8589934592
181,3,7,2,2,59,8589934592
181,3,7,2,2,60,8589934592
181,3,7,2,2,61,8589934592
181,3,7,2,2,62,8589934592
181,3,7,2,2,63,8589934592
181,3,7,2,2,64,8589934592
181,3,7,2,2,65,8589934592
181,3,7,2,2,66,8589934592
181,3,7,2,2,67,8589934592
181,3,7,2,2,68,8589934592
181,3,7,2,2,69,8589934592
181,3,7,2,2,70,8589934592
181,3,7,2,2,71,8589934592
181,3,7,2,2,72,8589934592
181,3,7,2,2,73,8589934592
181,3,7,2,2,74,8589934592
181,3,7,2,2,75,8589934592
181,3,7,2,2,76,8589934592
181,3,7,2,2,77,8589934592
181,3,7,2,2,78,8589934592
181,3,7,2,2,79,8589934592
181,3,7,2,2,80,8589934592
181,3,7,2,2,81,8589934592
181,3,7,2,2,82,8589934592
181,3,7,2,2,83,8589934592
181,3,7,2,2,84,8589934592
181,3,7,2,2,85,8589934592
181,3,7,2,2,86,8589934592
181,3,7,2,2,87,8589934592
181,3,7,2,2,88,8589934592
181,3,7,2,2,89,8589934592
181,3,7,2,2,90,8589934592
181,3,7,2,2,91,8589934592
181,3,7,2,2,92,8589934592
181,3,7,2,2,93,8589934592
181,3,7,2,2,94,8589934592
181,3,7,2,2,95,8589934592
181,3,7,2,2,96,8589934592
181,3,7,2,2,97,8589934592
181,3,7,2,2,98,8589934592
181,3,7,2,2,99,8589934592
182,3,7,2,4,0,8589934592
182,3,7,2,4,1,8589934592
182,3,7,2,4,2,8589934592
182,3,7,2,4,3,8589934592
182,3,7,2,4,4,8589934592
182,3,7,2,4,5,8589934592
182,3,7,2,4,6,8589934592
182,3,7,2,4,7,8589934592
182,3,7,2,4,8,8589934592
182,3,7,2,4,9,8589934592
182,3,7,2,4,10,8589934592
182,3,7,2,4,11,8589934592
182,3,7,2,4,12,8589934592
182,3,7,2,4,13,8589934592
182,3,7,2,4,14,8589934592
182,3,7,2,4,15,8589934592
182,3,7,2,4,16,8589934592
182,3,7,2,4,17,8589934592
182,3,7,2,4,18,8589934592
182,3,7,2,4,19,8589934592
182,3,7,2,4,20,8589934592
182,3,7,2,4,21,8589934592
182,3,7,2,4,22,8589934592
182,3,7,2,4,23,8589934592
182,3,7,2,4,24,8589934592
182,3,7,2,4,25,8589934592
182,3,7,2,4,26,8589934592
182,3,7,2,4,27,8589934592
182,3,7,2,4,28,8589934592
182,3,7,2,4,29,8589934592
182,3,7,2,4,30,8589934592
182,3,7,2,4,31,8589934592
182,3,7,2,4,32,8589934592
182,3,7,2,4,33,8589934592
182,3,7,2,4,34,8589934592
182,3,7,2,4,35,8589934592
182,3,7,2,4,36,8589934592
182,3,7,2,4,37,8589934592
182,3,7,2,4,38,8589934592
182,3,7,2,4,39,8589934592
182,3,7,2,4,40,8589934592
182,3,7,2,4,41,8589934592
182,3,7,2,4,42,8589934592
182,3,7,2,4,43,8589934592
182,3,7,2,4,44,8589934592
182,3,7,2,4,45,8589934592
182,3,7,2,4,46,8589934592
182,3,7,2,4,47,8589934592
182,3,7,2,4,48,8589934592
182,3,7,2,4,49,8589934592
182,3,7,2,4,50,8589934592
182,3,7,2,4,51,8589934592
182,3,7,2,4,52,8589934592
182,3,7,2,4,53,8589934592
182,3,7,2,4,54,8589934592
182,3,7,2,4,55,8589934592
182,3,7,2,4,56,8589934592
182,3,7,2,4,57,8589934592
182,3,7,2,4,58,8589934592
182,3,7,2,4,59,8589934592
182,3,7,2,4,60,8589934592
182,3,7,2,4,61,8589934592
182,3,7,2,4,62,8589934592
182,3,7,2,4,63,8589934592
182,3,7,2,4,64,8589934592
182,3,7,2,4,65,8589934592
182,3,7,2,4,66,8589934592
182,3,7,2,4,67,8589934592
182,3,7,2,4,68,8589934592
182,3,7,2,4,69,8589934592
182,3,7,2,4,70,8589934592
182,3,7,2,4,71,8589934592
182,3,7,2,4,72,8589934592
182,3,7,2,4,73,8589934592
182,3,7,2,4,74,8589934592
182,3,7,2,4,75,8589934592
182,3,7,2,4,76,8589934592
182,3,7,2,4,77,8589934592
182,3,7,2,4,78,8589934592
182,3,7,2,4,79,8589934592
182,3,7,2,4,80,8589934592
182,3,7,2,4,81,8589934592
182,3,7,2,4,82,8589934592
182,3,7,2,4,83,8589934592
182,3,7,2,4,84,8589934592
182,3,7,2,4,85,8589934592
182,3,7,2,4,86,8589934592
182,3,7,2,4,87,8589934592
182,3,7,2,4,88,8589934592
182,3,7,2,4,89,8589934592
182,3,7,2,4,90,8589934592
182,3,7,2,4,91,8589934592
182,3,7,2,4,92,8589934592
182,3,7,2,4,93,8589934592
182,3,7,2,4,94,8589934592
182,3,7,2,4,95,8589934592
182,3,7,2,4,96,8589934592
182,3,7,2,4,97,8589934592
182,3,7,2,4,98,8589934592
182,3,7,2,4,99,8589934592
183,3,7,2,6,0,562964985807360
183,3,7,2,6,1,562964985807360
183,3,7,2,6,2,562964985807360
183,3,7,2,6,3,562964985807360
183,3,7,2,6,4,562964985807360
183,3,7,2,6,5,562964985807360
183,3,7,2,6,6,562964985807360
183,3,7,2,6,7,562964985807360
183,3,7,2,6,8,562964985807360
183,3,7,2,6,9,562964985807360
183,3,7,2,6,10,562964985807360
183,3,7,2,6,11,562964985807360
183,3,7,2,6,12,562964985807360
183,3,7,2,6,13,562964985807360
183,3,7,2,6,14,562964985807360
183,3,7,2,6,15,562964985807360
183,3,7,2,6,16,562964985807360
183,3,7,2,6,17,562964985807360
183,3,7,2,6,18,562964985807360
183,3,7,2,6,19,562964985807360
183,3,7,2,6,20,562964985807360
183,3,7,2,6,21,562964985807360
183,3,7,2,6,22,562964985807360
183,3,7,2,6,23,562964985807360
183,3,7,2,6,24,562964985807360
183,3,7,2,6,25,562964985807360
183,3,7,2,6,26,562964985807360
183,3,7,2,6,27,562964985807360
183,3,7,2,6,28,562964985807360
183,3,7,2,6,29,562964985807360
183,3,7,2,6,30,562964985807360
183,3,7,2,6,31,562964985807360
183,3,7,2,6,32,562964985807360
183,3,7,2,6,33,562964985807360
183,3,7,2,6,34,562964985807360
183,3,7,2,6,35,562964985807360
183,3,7,2,6,36,562964985807360
183,3,7,2,6,37,562964985807360
183,3,7,2,6,38,562964985807360
183,3,7,2,6,39,562964985807360
183,3,7,2,6,40,562964985807360
183,3,7,2,6,41,562964985807360
183,3,7,2,6,42,562964985807360
183,3,7,2,6,43,562964985807360
183,3,7,2,6,44,562964985807360
183,3,7,2,6,45,562964985807360
183,3,7,2,6,46,562964985807360
183,3,7,2,6,47,562964985807360
183,3,7,2,6,48,562964985807360
183,3,7,2,6,49,562964985807360
183,3,7,2,6,50,562964985807360
183,3,7,2,6,51,562964985807360
183,3,7,2,6,52,562964985807360
183,3,7,2,6,53,562964985807360
183,3,7,2,6,54,562964985807360
183,3,7,2,6,55,562964985807360
183,3,7,2,6,56,562964985807360
183,3,7,2,6,57,562964985807360
183,3,7,2,6,58,562964985807360
183,3,7,2,6,59,562964985807360
183,3,7,2,6,60,562964985807360
183,3,7,2,6,61,562964985807360
183,3,7,2,6,62,562964985807360
183,3,7,2,6,63,562964985807360
183,3,7,2,6,64,562964985807360
183,3,7,2,6,65,562964985807360
183,3,7,2,6,66,562964985807360
183,3,7,2,6,67,562964985807360
183,3,7,2,6,68,562964985807360
183,3,7,2,6,69,562964985807360
183,3,7,2,6,70,562964985807360
183,3,7,2,6,71,562964985807360
183,3,7,2,6,72,562964985807360
183,3,7,2,6,73,562964985807360
183,3,7,2,6,74,562964985807360
183,3,7,2,6,75,562964985807360
183,3,7,2,6,76,562964985807360
183,3,7,2,6,77,562964985807360
183,3,7,2,6,78,562964985807360
183,3,7,2,6,79,562964985807360
183,3,7,2,6,80,562964985807360
183,3,7,2,6,81,562964985807360
183,3,7,2,6,82,562964985807360
183,3,7,2,6,83,562964985807360
183,3,7,2,6,84,562964985807360
183,3,7,2,6,85,562964985807360
183,3,7,2,6,86,562964985807360
183,3,7,2,6,87,562964985807360
183,3,7,2,6,88,562964985807360
183,3,7,2,6,89,562964985807360
183,3,7,2,6,90,562964985807360
183,3,7,2,6,91,562964985807360
183,3,7,2,6,92,562964985807360
183,3,7,2,6,93,562964985807360
183,3,7,2,6,94,562964985807360
183,3,7,2,6,95,562964985807360
183,3,7,2,6,96,562964985807360
183,3,7,2,6,97,562964985807360
183,3,7,2,6,98,562964985807360
183,3,7,2,6,99,562964985807360
